1.0443568,1.4009836e-10,234.90767045454547
0.11345359,7.805007e-12,234.90767045454547
-0.5546776,4.854457e-13,123.046875
-3.6679366,4.7830784e-11,172.265625
-1.8673307,1.5252889e-10,184.5703125
-4.404092,7.954632e-13,184.5703125
0.364083,1.0649584e-10,143.5546875
0.114758685,4.6323848e-11,129.19921875
-1.1352925,9.602063e-11,117.45383522727272
0.27975407,7.8989856e-11,143.5546875
-2.6967814,1.0110757e-09,112.34714673913044
-3.7713933,1.0141474e-10,117.45383522727272
-4.4768777,2.153362e-13,107.666015625
-0.7474117,2.3042099e-10,117.45383522727272
-2.3965755,4.4081048e-11,161.4990234375
-0.29006004,2.1977795e-11,112.34714673913044
-0.8770416,2.0545757e-12,151.99908088235293
1.6582891,6.549974e-11,135.99917763157896
-4.0506706,3.4350783e-11,151.99908088235293
-2.0772076,1.1040625e-10,184.5703125
-1.3692025,7.0407152e-12,151.99908088235293
-0.37447014,2.4280888e-10,129.19921875
1.8732623,6.932332e-11,135.99917763157896
-1.6695758,6.109794e-14,143.5546875
-1.1134672,8.466299e-11,184.5703125
-3.7956228,3.2685394e-13,117.45383522727272
-1.3206811,2.3261564e-10,112.34714673913044
2.5804484,1.0968822e-10,143.5546875
-3.1821852,7.142682e-11,161.4990234375
-0.6196375,4.366694e-10,161.4990234375
-2.2628667,9.4183814e-11,184.5703125
-2.687326,8.821408e-11,135.99917763157896
-0.5041808,7.7287454e-11,215.33203125
-2.5095878,2.6231026e-10,215.33203125
-1.420118,7.536132e-11,129.19921875
-1.5057364,1.1080973e-11,184.5703125
-4.414516,6.517111e-11,117.45383522727272
0.98692954,5.398218e-11,107.666015625
-1.5117745,8.027708e-13,234.90767045454547
0.84376657,2.0793192e-10,123.046875
-3.0887146,2.8818875e-10,117.45383522727272
-1.7866902,1.9305847e-11,184.5703125
-0.38911968,1.17057e-12,129.19921875
1.9774685,1.4377844e-12,198.76802884615384
-2.3152137,2.2232909e-10,135.99917763157896
-1.184419,4.1357985e-12,123.046875
-2.1970131,1.591502e-12,135.99917763157896
0.61592925,4.2362204e-11,123.046875
1.2336302,3.5041496e-13,83.35433467741936
0.48778546,1.5659914e-10,112.34714673913044
0.8341253,4.0032543e-12,112.34714673913044
-3.5644574,9.8683535e-12,143.5546875
-0.16400453,1.9308782e-11,117.45383522727272
-0.5949838,5.8621746e-11,123.046875
-0.76080215,3.4558054e-11,143.5546875
-0.90913343,1.7737075e-12,123.046875
-2.9683988,2.3461484e-12,151.99908088235293
-0.27230173,3.6334353e-12,92.28515625
2.0190916,2.1925494e-11,184.5703125
1.2346752,1.4498089e-12,143.5546875
-3.4158957,1.9842346e-10,112.34714673913044
-0.43735185,3.284211e-12,123.046875
-4.700006,5.676192e-10,135.99917763157896
-3.7595572,1.2740333e-12,123.046875
-3.0122392,3.7674135e-12,151.99908088235293
-0.663405,1.7152477e-10,135.99917763157896
-0.75078183,2.7207265e-13,107.666015625
-1.6333454,5.921782e-12,99.38401442307692
-0.30890644,1.2703948e-11,107.666015625
-3.153945,2.8524358e-11,95.703125
-1.6759847,5.1057943e-11,117.45383522727272
-2.5322456,8.683502e-11,107.666015625
-1.9896698,4.8567178e-11,135.99917763157896
-1.6783826,2.1695898e-10,123.046875
-6.2399774,9.473192e-13,107.666015625
-1.9465927,5.4066068e-11,123.046875
-2.550357,6.4661276e-11,172.265625
-0.4910931,4.3666737e-11,123.046875
-3.1984575,6.23968e-11,172.265625
-2.518534,4.4963908e-11,161.4990234375
-3.2089782,1.1504785e-10,89.10290948275862
-1.288591,3.2457385e-12,89.10290948275862
1.839167,1.5231087e-10,107.666015625
-0.8014445,3.956572e-12,123.046875
-5.9524455,1.7946089e-10,129.19921875
-3.1660118,8.389627e-12,129.19921875
2.0882363,3.5798662e-12,80.74951171875
2.7368195,9.356636e-11,117.45383522727272
-3.5599103,4.523046e-12,129.19921875
-4.7806807,1.9859857e-10,135.99917763157896
-3.317915,2.592475e-10,117.45383522727272
-2.9003162,3.6390959e-13,161.4990234375
-1.8456436,2.6106402e-11,95.703125
-1.4689777,3.4469447e-10,161.4990234375
-1.2477384,1.9167589e-12,151.99908088235293
-0.79000056,2.6347533e-13,107.666015625
3.8484457,1.5521928e-12,184.5703125
1.7723641,3.780113e-11,129.19921875
-4.8679557,8.155985e-13,123.046875
1.3933262,2.491985e-11,151.99908088235293
1.3596905,3.1889096e-11,135.99917763157896
-3.040785,6.4082545e-11,112.34714673913044
0.83727074,7.578272e-11,123.046875
-2.9545667,3.3259066e-11,92.28515625
3.7489262,2.612059e-12,143.5546875
-3.2126503,1.723823e-11,198.76802884615384
-3.919626,1.5667674e-10,151.99908088235293
-3.4006536,8.6562745e-12,117.45383522727272
-3.9996486,3.936863e-13,151.99908088235293
-1.3863575,6.20629e-11,143.5546875
-1.0772613,4.0020917e-11,151.99908088235293
-0.1321474,2.4311447e-10,112.34714673913044
-2.4789956,1.259091e-10,117.45383522727272
-0.18413052,6.7427855e-11,143.5546875
-1.7186576,2.7705631e-11,151.99908088235293
-1.5455424,1.14758536e-10,172.265625
-2.4331565,2.1059854e-10,117.45383522727272
-4.0372944,3.389243e-11,103.359375
-1.8695911,1.3486469e-11,129.19921875
-1.5639185,5.933749e-11,172.265625
-1.1204726,1.8039743e-11,123.046875
-1.2817048,1.582675e-11,161.4990234375
-1.641368,8.695015e-11,151.99908088235293
-0.9978664,3.717973e-11,234.90767045454547
-3.273071,4.1196951e-10,161.4990234375
-3.9325209,5.83739e-14,117.45383522727272
-0.7535531,1.0334273e-10,129.19921875
-2.4283032,1.7616356e-11,184.5703125
-0.015339444,9.3838604e-11,151.99908088235293
-1.6098027,7.14849e-12,135.99917763157896
-0.7651201,5.845805e-11,129.19921875
1.3505461,2.3855926e-10,112.34714673913044
-0.4528388,1.9341267e-13,117.45383522727272
-5.88306,7.378219e-11,129.19921875
-0.4676413,3.5599863e-12,129.19921875
-2.0174408,9.776482e-11,172.265625
-0.7366593,1.0302651e-11,107.666015625
-5.797713,1.586925e-12,184.5703125
-0.59524405,6.7042756e-12,129.19921875
-0.8788337,1.9117678e-12,112.34714673913044
-3.0159779,9.593985e-12,151.99908088235293
0.35268006,1.0552178e-11,123.046875
-4.094051,9.407253e-12,99.38401442307692
-2.355643,7.433499e-12,215.33203125
-2.6006136,3.4264543e-11,123.046875
-3.7961292,1.8293615e-13,143.5546875
-0.6512575,4.174014e-12,161.4990234375
-3.2472785,1.2719932e-10,143.5546875
-2.2288146,5.505338e-10,172.265625
-2.6002352,1.2287023e-12,151.99908088235293
-3.1032445,1.3207373e-10,117.45383522727272
-2.083471,5.4139235e-11,123.046875
-1.9925624,7.861301e-12,99.38401442307692
-6.081763,5.1099473e-13,89.10290948275862
-1.4998995,1.769278e-10,117.45383522727272
-6.1470413,9.210492e-10,184.5703125
-1.3130181,9.359807e-12,172.265625
-3.9834855,1.1747117e-11,129.19921875
-1.9385266,8.733955e-11,129.19921875
-3.9909847,1.4278931e-10,99.38401442307692
-2.4459264,2.5374094e-10,135.99917763157896
-0.15507795,1.7129569e-10,172.265625
-0.5513533,4.208752e-14,135.99917763157896
-0.06861495,2.321279e-11,135.99917763157896
-4.5435934,6.7555295e-11,123.046875
0.4651155,1.7126722e-10,215.33203125
-1.3248526,3.767959e-12,107.666015625
-1.1679047,1.2490334e-11,117.45383522727272
-2.0041618,2.3158545e-11,69.83741554054055
2.6957684,4.5150806e-12,135.99917763157896
-2.6161683,1.3431553e-12,73.828125
-3.9832487,9.554201e-11,143.5546875
3.8885996,1.2647427e-11,143.5546875
1.115551,1.4036429e-10,135.99917763157896
-2.5033615,9.212238e-12,107.666015625
-4.5149126,1.6959728e-12,99.38401442307692
-4.510628,9.20862e-12,143.5546875
-1.7416792,6.401505e-11,107.666015625
-1.4529334,2.4161808e-12,129.19921875
-2.4306972,2.340297e-10,129.19921875
-2.1393638,2.6736962e-11,161.4990234375
-2.8275309,2.363276e-10,103.359375
-4.715639,3.5953705e-12,117.45383522727272
-3.8642282,2.6148327e-11,129.19921875
0.30812734,1.190611e-11,99.38401442307692
-4.9217834,6.4195346e-12,172.265625
-0.0011781947,2.944183e-11,161.4990234375
-0.46029952,7.155787e-11,129.19921875
-2.7148368,5.377e-13,143.5546875
-4.693041,6.75379e-11,151.99908088235293
-2.936161,4.1213955e-12,161.4990234375
9.152837,5.943513e-11,172.265625
-2.4408529,4.9478543e-11,103.359375
0.31647992,2.5918414e-13,135.99917763157896
-3.3300602,7.652836e-11,161.4990234375
-2.579643,1.6313806e-10,129.19921875
-2.9457793,6.332102e-12,143.5546875
-1.2167032,5.2633436e-11,83.35433467741936
-2.7044003,4.4174633e-13,151.99908088235293
-2.447616,1.1687052e-11,103.359375
-2.7358263,1.9345452e-11,95.703125
-2.7376406,3.8853222e-14,135.99917763157896
-4.3767004,2.3316926e-10,215.33203125
-4.1779532,8.142314e-12,99.38401442307692
-3.6820805,2.2317963e-11,161.4990234375
0.33093864,1.6398686e-11,103.359375
-3.312126,8.0571305e-14,151.99908088235293
-1.5915565,1.2815508e-11,161.4990234375
-2.9402244,2.4100446e-11,198.76802884615384
-4.794944,5.202314e-11,161.4990234375
-0.5348362,5.6058196e-11,135.99917763157896
-3.9458458,2.1385226e-12,184.5703125
-2.748527,6.106707e-13,123.046875
-1.6416298,7.478018e-11,117.45383522727272
2.4015534,1.3881903e-10,107.666015625
-3.4312997,7.453428e-10,184.5703125
-2.7608676,2.1562887e-11,135.99917763157896
0.34381485,2.1653593e-10,123.046875
-3.038318,1.9879612e-10,92.28515625
0.15088491,5.083202e-11,161.4990234375
-0.4647653,1.8931162e-10,184.5703125
-0.9320115,7.2905276e-12,198.76802884615384
-0.98586076,1.2137724e-12,143.5546875
-0.568975,7.6151516e-11,135.99917763157896
-1.3122205,1.1773426e-11,83.35433467741936
-2.4833605,2.1255068e-12,135.99917763157896
-5.5774164,2.4294787e-12,135.99917763157896
-0.70911473,7.0140185e-11,161.4990234375
-2.5376215,2.3043931e-11,107.666015625
-4.2901397,1.8576757e-13,89.10290948275862
-2.8421514,1.3196568e-09,161.4990234375
-2.260647,2.0841235e-12,123.046875
-5.844608,4.8326374e-11,89.10290948275862
-4.3509045,4.2057816e-10,161.4990234375
-2.3389041,2.1558283e-13,172.265625
-0.25632024,8.812494e-12,143.5546875
-5.1906815,1.0656797e-10,117.45383522727272
-2.0362184,2.9719723e-14,135.99917763157896
0.7333244,1.2947457e-10,123.046875
-1.3165812,6.4537355e-11,52.734375
0.9993063,4.5207904e-12,172.265625
0.62211746,2.686702e-13,103.359375
-3.6252565,3.269972e-13,184.5703125
-0.5471403,2.1065306e-14,172.265625
-2.9206936,1.05543636e-10,123.046875
-2.6336775,1.2132652e-10,161.4990234375
-2.4237726,4.115696e-13,112.34714673913044
-3.7401266,3.635457e-11,107.666015625
-3.1061723,3.2879803e-12,117.45383522727272
-4.5582104,3.3736895e-11,143.5546875
-0.91552496,7.8202916e-11,129.19921875
1.5793048,8.663748e-11,107.666015625
-3.4717617,3.3811638e-12,117.45383522727272
0.2507879,1.00847525e-10,135.99917763157896
-4.7505407,3.274442e-14,135.99917763157896
-3.6757126,7.760099e-12,99.38401442307692
-2.5429554,5.3956232e-11,99.38401442307692
0.48205495,2.3744578e-14,161.4990234375
0.89329374,7.0360237e-12,198.76802884615384
1.1319418,1.1011863e-14,172.265625
-0.782418,3.766527e-11,184.5703125
-3.4925284,1.6218228e-11,107.666015625
-3.430649,7.394641e-12,135.99917763157896
1.4601442,9.9527825e-12,143.5546875
0.07775708,6.6761464e-11,112.34714673913044
0.5507731,1.4962169e-10,129.19921875
-4.113736,1.412654e-12,172.265625
-3.1321259,3.8293365e-11,83.35433467741936
-1.319632,4.701105e-13,151.99908088235293
-3.0691788,1.4120939e-10,151.99908088235293
-1.4594092,1.648677e-10,117.45383522727272
-1.1245819,1.490292e-13,117.45383522727272
-0.1722886,7.880197e-13,135.99917763157896
-3.0022712,7.406702e-12,151.99908088235293
-3.2114582,2.6385975e-12,135.99917763157896
7.3904104,1.5254181e-10,112.34714673913044
-0.94171345,5.593914e-11,161.4990234375
-4.720087,8.848555e-12,172.265625
-1.0016296,4.7234505e-11,172.265625
0.42612505,1.904652e-10,112.34714673913044
0.4290307,5.7050274e-13,151.99908088235293
-2.362525,9.334413e-12,172.265625
-3.982355,3.933012e-12,184.5703125
-0.008198547,8.660844e-11,89.10290948275862
-1.7762659,2.8830022e-11,71.77734375
0.41018307,6.6204715e-11,107.666015625
-2.2446623,2.0547173e-12,112.34714673913044
-1.8663456,4.8730614e-10,161.4990234375
-3.2628706,2.9543017e-11,161.4990234375
1.5439191,2.8291536e-10,151.99908088235293
-1.9150772,9.232407e-13,107.666015625
0.4536561,1.27075685e-11,143.5546875
-0.95400804,9.047091e-14,184.5703125
-0.26811028,5.525666e-13,112.34714673913044
1.2473559,5.2476725e-12,95.703125
0.013933823,1.1564308e-11,83.35433467741936
-2.4149287,3.167337e-11,172.265625
-4.937291,1.2344169e-10,172.265625
2.8899906,2.7029098e-13,107.666015625
1.7290132,2.2368245e-13,135.99917763157896
-0.783948,1.0729693e-11,107.666015625
-0.02170511,2.143564e-12,135.99917763157896
-2.7963216,5.685111e-10,83.35433467741936
-0.92787653,1.4900041e-09,143.5546875
-0.71643376,6.884473e-11,151.99908088235293
-2.3282897,3.9148882e-11,151.99908088235293
1.9708161,8.33375e-12,117.45383522727272
-5.9394436,3.9546627e-13,95.703125
-0.09122418,3.4288484e-12,172.265625
-0.3881708,4.431825e-10,112.34714673913044
1.0527292,5.291925e-11,123.046875
-0.7461041,5.216492e-10,66.25600961538461
1.0919182,2.525035e-12,151.99908088235293
-0.486343,9.639017e-13,135.99917763157896
-1.8326349,5.824907e-11,143.5546875
2.451228,1.9819983e-10,95.703125
-3.9814856,4.631646e-12,95.703125
0.9767132,1.876482e-11,184.5703125
0.6223147,2.7648994e-12,143.5546875
-1.6505345,7.9625976e-13,161.4990234375
-0.45261678,8.423501e-12,123.046875
-2.1223722,1.7426627e-10,117.45383522727272
-3.074677,1.945336e-11,107.666015625
-0.27698246,1.2098636e-12,112.34714673913044
-5.394396,3.0907485e-11,215.33203125
-1.6962981,1.3412005e-12,129.19921875
0.37371144,5.81147e-13,80.74951171875
-2.076452,2.0051992e-12,112.34714673913044
0.077294946,3.5767292e-11,135.99917763157896
-4.037775,6.171705e-11,172.265625
1.24171,2.7383572e-13,161.4990234375
-4.056259,2.5622787e-12,215.33203125
-0.87330264,2.7561151e-11,172.265625
-1.8744731,2.4082839e-10,99.38401442307692
-2.7004273,4.320765e-11,151.99908088235293
-1.0391161,2.0608863e-13,112.34714673913044
1.1988087,9.6990534e-11,135.99917763157896
0.5157702,1.1854852e-12,161.4990234375
-2.7827847,1.02215443e-13,99.38401442307692
-2.173611,6.1907424e-12,129.19921875
0.08653506,1.5190714e-14,99.38401442307692
2.8194585,3.042433e-10,161.4990234375
-1.3293755,2.0782015e-10,107.666015625
-4.0792828,7.848358e-12,112.34714673913044
-1.0207312,4.2284162e-12,107.666015625
-0.31036845,4.729801e-13,161.4990234375
-1.414623,7.805832e-14,135.99917763157896
-2.7642348,8.492256e-12,95.703125
-1.4744943,3.0391384e-11,129.19921875
0.12062958,4.7725775e-11,184.5703125
-0.02620161,5.610822e-13,117.45383522727272
-4.2896323,2.1816403e-12,143.5546875
-0.7897283,8.71454e-12,184.5703125
-4.351778,4.0369405e-12,161.4990234375
0.7331063,9.751708e-12,151.99908088235293
-1.7305593,1.1924257e-13,69.83741554054055
1.0735726,2.3252582e-11,107.666015625
-2.0068662,1.960272e-11,86.1328125
-5.459178,3.4341607e-12,117.45383522727272
-2.3880982,4.3154275e-11,99.38401442307692
-1.0572667,7.7408175e-12,123.046875
-3.5253417,2.4565057e-11,112.34714673913044
1.2540033,2.8779689e-11,107.666015625
-1.8466914,4.582594e-12,123.046875
-3.1382039,2.856045e-11,86.1328125
-0.24870513,6.864778e-12,151.99908088235293
0.47046375,7.793915e-12,184.5703125
-2.2345436,1.6507508e-12,78.30255681818181
-5.621667,2.0076607e-12,129.19921875
-4.4161973,1.3194797e-13,135.99917763157896
-3.2616577,1.8211567e-10,135.99917763157896
-3.2846608,1.0234114e-11,143.5546875
-3.59102,4.8889514e-11,103.359375
-7.260022,2.0795431e-12,143.5546875
-4.311228,2.1616222e-12,112.34714673913044
-3.709007,8.9112073e-13,107.666015625
-0.61518276,2.6590655e-11,117.45383522727272
0.9327467,1.9425055e-11,107.666015625
-3.4860804,7.2049172e-12,112.34714673913044
0.9181429,1.519349e-11,172.265625
-0.4049989,1.665923e-11,123.046875
17.601639,2.155092e-12,117.45383522727272
-2.2033982,7.5632165e-13,172.265625
-2.8805737,1.5400944e-11,112.34714673913044
-2.1254761,1.9637551e-12,117.45383522727272
-0.012692043,8.8766e-12,143.5546875
-0.4036186,1.7818469e-11,99.38401442307692
-5.0040426,1.8756599e-11,123.046875
-1.610442,6.20354e-11,151.99908088235293
-2.5638509,1.4791739e-11,143.5546875
-2.755021,7.515195e-11,107.666015625
-2.091011,6.3577415e-13,151.99908088235293
-1.7768164,1.529792e-11,129.19921875
-4.8238444,2.6701325e-11,151.99908088235293
-3.5668514,2.5004685e-14,151.99908088235293
-3.2688622,9.674215e-12,172.265625
-3.513903,4.1047097e-13,151.99908088235293
-5.270855,7.354344e-12,198.76802884615384
-0.9838243,2.195713e-12,112.34714673913044
-2.7652485,4.9130474e-11,143.5546875
-4.1850247,5.5996466e-12,129.19921875
-1.4327198,1.0379053e-11,117.45383522727272
-2.650352,6.3591736e-12,151.99908088235293
-2.2592983,9.0773027e-13,143.5546875
-2.7817423,2.2058237e-13,123.046875
0.2478332,8.1530003e-13,117.45383522727272
-2.9665775,6.244287e-11,184.5703125
-1.0269268,9.561833e-12,117.45383522727272
-5.86691,6.3127704e-11,117.45383522727272
-5.630207,4.9090072e-12,161.4990234375
-3.06983,2.8842023e-11,135.99917763157896
-2.6346712,5.277005e-12,151.99908088235293
-3.9114766,3.918503e-11,95.703125
-6.137148,1.0242062e-11,151.99908088235293
-1.041243,2.6247038e-11,107.666015625
-2.5904667,3.299376e-13,123.046875
-3.5700083,2.4474025e-11,117.45383522727272
-4.408182,6.8570193e-12,172.265625
-4.5942698,1.3184415e-10,151.99908088235293
-2.7113779,1.4295145e-12,129.19921875
-3.7006977,3.8920655e-11,129.19921875
-2.1952283,4.2961378e-13,123.046875
-2.8111274,4.5206613e-14,129.19921875
-3.558968,3.870957e-11,129.19921875
-2.034526,4.465875e-13,135.99917763157896
0.15237556,8.607179e-13,172.265625
2.112549,4.1254448e-12,198.76802884615384
-2.1611097,2.1843524e-11,117.45383522727272
0.2552514,4.1645094e-11,123.046875
-4.3740478,1.3641276e-12,107.666015625
-1.6041601,3.7441534e-12,117.45383522727272
-0.98596513,7.510154e-13,103.359375
-2.5065064,2.2388684e-12,95.703125
-0.8328386,1.6319517e-12,107.666015625
-1.8022656,1.2333123e-12,103.359375
-0.49340948,2.7261564e-13,143.5546875
-3.2197018,1.8949483e-11,151.99908088235293
-5.5128293,2.6420732e-12,129.19921875
-1.4399889,4.50654e-12,107.666015625
-3.4950235,2.01405e-11,129.19921875
-2.821031,1.7687228e-11,143.5546875
-3.028382,2.1022625e-11,103.359375
3.8117142,4.6429667e-14,123.046875
1.5830722,1.6229561e-11,198.76802884615384
9.549797,5.073148e-12,143.5546875
-1.6025369,1.0986962e-11,184.5703125
-2.902739,1.2774307e-12,123.046875
-2.2868154,7.222393e-11,112.34714673913044
-2.9099185,7.449709e-12,161.4990234375
-3.9077792,6.4531e-12,135.99917763157896
2.535089,6.3815576e-13,112.34714673913044
-4.2464504,2.4256305e-13,151.99908088235293
-4.0538125,2.847441e-13,151.99908088235293
-2.7898967,9.571265e-15,198.76802884615384
-2.6152298,1.7927758e-11,135.99917763157896
-3.7946277,1.5182347e-11,161.4990234375
-5.4521937,2.0727715e-11,161.4990234375
20.99777,4.416295e-14,161.4990234375
-1.1023507,2.0294233e-14,172.265625
1.4277139,1.549473e-12,151.99908088235293
0.3084195,1.5745176e-11,75.99954044117646
-4.7021375,3.8141043e-13,117.45383522727272
-2.332357,5.668316e-12,123.046875
-4.853968,2.5016575e-12,143.5546875
-3.3483078,2.6560822e-12,107.666015625
-0.7392935,2.567138e-11,198.76802884615384
-2.7679071,6.5026387e-12,95.703125
-4.2596707,4.4770725e-11,103.359375
-4.034539,5.4778855e-11,123.046875
-2.6493728,8.1989667e-13,123.046875
-2.6690261,5.707202e-11,112.34714673913044
-1.6030164,1.5982578e-13,95.703125
-2.1678576,1.1953833e-12,151.99908088235293
0.5666624,1.8128436e-11,151.99908088235293
-2.8322065,3.0666502e-12,117.45383522727272
0.6186619,1.01318155e-11,172.265625
-0.8710463,1.8636532e-11,184.5703125
-5.055072,4.3916524e-14,184.5703125
-2.9376712,5.8848148e-12,112.34714673913044
-1.150667,4.536893e-12,103.359375
-4.3265376,5.77666e-12,135.99917763157896
-1.5206431,1.5665177e-11,151.99908088235293
-2.4598062,4.4765554e-12,129.19921875
-0.2974766,2.2957664e-12,161.4990234375
-1.4396919,1.1903195e-12,161.4990234375
-4.6981816,6.5174346e-12,123.046875
-1.9334046,4.9724786e-13,123.046875
-0.41196442,4.0185083e-10,117.45383522727272
-0.71898705,1.4493562e-12,112.34714673913044
7.5517435,1.2752573e-11,151.99908088235293
-1.9738761,2.5640741e-14,172.265625
-2.9456127,1.7572414e-11,99.38401442307692
-4.58192,5.4225136e-12,161.4990234375
-2.3996248,1.8130738e-13,123.046875
-0.71997714,9.0328856e-12,129.19921875
-3.2784271,2.7516444e-13,135.99917763157896
-2.5952675,2.439828e-12,151.99908088235293
-3.657131,3.5273201e-12,75.99954044117646
1.5319622,1.1125559e-12,103.359375
1.2304624,1.3786699e-11,107.666015625
-3.2213924,7.09481e-13,86.1328125
-0.8134947,7.8671043e-13,117.45383522727272
3.7677045,3.1847407e-12,112.34714673913044
-2.0553916,3.1239462e-11,89.10290948275862
-5.2054143,2.0550983e-11,198.76802884615384
-2.4759476,9.5507255e-11,143.5546875
-3.7433257,1.1906267e-11,143.5546875
-2.9635894,2.5551943e-11,129.19921875
-2.181996,7.1384344e-12,123.046875
-4.074372,4.218686e-12,172.265625
-1.9644238,1.2145557e-11,107.666015625
-5.508502,1.7826087e-12,89.10290948275862
-2.009776,8.711318e-12,129.19921875
-5.610685,5.04559e-11,129.19921875
-7.132581,1.0688879e-12,129.19921875
-2.6044497,8.294062e-11,151.99908088235293
-5.422331,2.58837e-13,112.34714673913044
-4.772479,7.193375e-11,117.45383522727272
-0.60920674,1.0015356e-11,123.046875
-2.1491463,1.0504889e-12,123.046875
-0.04432624,1.3158628e-12,143.5546875
-5.6565,1.5068424e-12,112.34714673913044
3.8799577,1.5586134e-12,112.34714673913044
-1.1376656,1.1670894e-11,135.99917763157896
-3.0088584,4.15217e-12,135.99917763157896
-2.9290605,1.587781e-12,107.666015625
-0.0085316915,3.7770533e-12,258.3984375
-2.6374848,2.7863172e-11,129.19921875
-2.8341286,1.1974201e-11,112.34714673913044
-2.240489,9.075331e-12,129.19921875
-0.32587367,2.049518e-11,172.265625
-5.143475,1.5209696e-11,78.30255681818181
-3.347656,1.0643567e-11,92.28515625
-1.4637847,1.5562947e-11,123.046875
-3.2034695,3.922403e-12,151.99908088235293
0.045074914,1.5977813e-12,107.666015625
-0.9439713,7.5790486e-13,112.34714673913044
5.5488176,2.8956236e-12,123.046875
-3.9798522,6.3767893e-13,161.4990234375
-3.042811,5.7133458e-11,161.4990234375
-5.027708,6.296283e-13,143.5546875
-4.533489,2.4062325e-11,151.99908088235293
-1.7985429,8.588431e-13,135.99917763157896
1.7884614,3.9361008e-11,112.34714673913044
-1.6991304,4.5804545e-12,129.19921875
-0.7925257,3.5827886e-12,112.34714673913044
5.6045227,5.1931744e-13,129.19921875
-4.6983304,2.1724098e-11,129.19921875
-5.3809247,1.5380343e-10,129.19921875
-3.0023587,7.709937e-11,123.046875
-3.7593856,3.188837e-13,129.19921875
-2.0991168,8.123718e-14,135.99917763157896
-3.5855374,6.3023757e-12,75.99954044117646
-5.441722,5.215449e-12,83.35433467741936
-2.6783316,2.5927172e-11,143.5546875
-0.915478,8.974098e-13,112.34714673913044
-6.6805835,3.276338e-11,117.45383522727272
1.0824106,2.915688e-12,151.99908088235293
0.49866655,8.133689e-12,117.45383522727272
-2.5703096,1.3091398e-13,112.34714673913044
3.1754835,1.19617875e-11,135.99917763157896
0.05101975,2.3685316e-12,135.99917763157896
-1.6359503,6.013011e-13,161.4990234375
-1.5513768,8.004997e-12,107.666015625
-4.3446727,4.8932976e-12,112.34714673913044
-3.4733093,1.3334387e-13,103.359375
0.55767775,4.0114765e-12,129.19921875
-2.1614892,1.9095784e-11,117.45383522727272
-2.1977222,5.204015e-12,107.666015625
-3.1720238,5.2556206e-12,151.99908088235293
-2.9447494,2.6627507e-11,161.4990234375
-3.2516563,3.42668e-13,172.265625
-3.7318926,4.3688858e-11,172.265625
-1.2827591,9.10822e-12,172.265625
-1.8990796,1.2109e-12,172.265625
-3.381666,2.3653537e-11,151.99908088235293
-3.9887486,1.1727743e-11,135.99917763157896
-1.4476836,1.7441843e-11,151.99908088235293
-4.134649,4.1884083e-12,123.046875
-1.9660182,6.907334e-13,117.45383522727272
-1.7561756,1.0348152e-12,161.4990234375
-1.044541,7.708384e-13,117.45383522727272
-1.3228554,3.0935494e-11,143.5546875
1.8424639,7.46509e-13,99.38401442307692
-2.713208,7.975025e-12,123.046875
-1.7879,6.8954814e-13,129.19921875
0.5623134,2.2168666e-11,135.99917763157896
-1.8922735,4.841011e-12,161.4990234375
-1.8139137,8.1332675e-12,129.19921875
-3.6732638,7.930321e-12,95.703125
-0.39160305,1.4497793e-11,112.34714673913044
-0.48815173,3.03163e-13,99.38401442307692
-3.3505054,9.063863e-12,143.5546875
-3.4243708,5.9291044e-12,198.76802884615384
-3.045294,3.4924112e-11,161.4990234375
-2.0605242,7.206598e-13,95.703125
-3.3515437,7.542035e-12,112.34714673913044
-0.6548615,1.4482777e-11,198.76802884615384
-1.9633399,2.9055747e-14,135.99917763157896
-4.846403,6.1075786e-13,161.4990234375
-3.259846,3.948167e-12,129.19921875
-1.4241747,3.3155402e-11,161.4990234375
-4.5572987,5.55301e-11,143.5546875
-2.9072864,5.776852e-12,135.99917763157896
0.24260235,1.4301502e-12,161.4990234375
-1.0920101,5.7913727e-13,143.5546875
-2.2392573,1.5731035e-12,151.99908088235293
-1.1602901,2.722822e-13,112.34714673913044
-1.6460887,5.2391095e-12,151.99908088235293
-3.0347397,5.7410136e-11,95.703125
-1.3955518,1.6264425e-12,161.4990234375
-2.2220926,1.3012523e-12,117.45383522727272
-0.1537168,2.2630559e-11,172.265625
-2.7990825,2.6360257e-12,172.265625
-2.1323469,5.2277554e-11,143.5546875
-4.564104,9.7721616e-11,161.4990234375
-2.2255192,3.681951e-12,89.10290948275862
-2.118285,9.3946044e-14,107.666015625
-4.833153,8.9933555e-12,143.5546875
-2.2845774,8.811498e-14,103.359375
-4.441049,1.0634552e-12,135.99917763157896
-4.9513693,1.3637334e-11,161.4990234375
-3.712669,1.0191522e-12,80.74951171875
-0.55424124,5.7097595e-12,117.45383522727272
-0.67985815,4.6911264e-12,112.34714673913044
-0.7522294,5.8893567e-12,151.99908088235293
-2.299742,2.103715e-11,123.046875
-0.005589507,1.4748673e-12,117.45383522727272
-0.30657083,4.824872e-13,151.99908088235293
-5.6315913,5.630245e-12,184.5703125
-2.5969865,1.3248118e-10,143.5546875
-2.924412,7.0957914e-12,172.265625
-3.7150042,1.3994226e-12,215.33203125
-3.443281,4.1444014e-14,135.99917763157896
-3.7086692,2.560434e-12,151.99908088235293
-1.6805472,4.2884567e-11,135.99917763157896
0.5908023,1.1848156e-11,112.34714673913044
-3.14961,4.1270203e-12,123.046875
-1.0845326,1.884279e-11,129.19921875
1.17141,1.13616234e-11,198.76802884615384
-2.3413389,5.72771e-13,161.4990234375
-4.330254,1.6239931e-11,117.45383522727272
-6.148248,1.0805817e-12,129.19921875
0.49849015,6.72691e-11,184.5703125
-1.4911851,3.0605372e-11,112.34714673913044
-0.53876066,4.161642e-12,66.25600961538461
-2.8326845,4.1268714e-11,129.19921875
-4.2906866,4.1296896e-12,123.046875
-0.7249938,1.3889122e-11,143.5546875
-4.1263366,3.780956e-14,99.38401442307692
2.611325,3.8163977e-12,151.99908088235293
-2.5267262,1.9121481e-10,135.99917763157896
-2.737467,1.4800438e-13,151.99908088235293
4.7290635,5.7020697e-13,129.19921875
-2.9534814,3.3965407e-11,198.76802884615384
-6.754726,3.194462e-13,129.19921875
0.25365046,5.261567e-13,161.4990234375
-2.925917,1.9100466e-12,135.99917763157896
-3.2442307,4.755868e-12,129.19921875
-2.130716,7.6645455e-13,123.046875
-3.5820045,2.8542143e-11,198.76802884615384
1.0261098,1.3986637e-10,234.90767045454547
-5.1732078,5.352584e-13,143.5546875
-0.6700015,3.604067e-12,143.5546875
-2.4023974,6.6272366e-14,143.5546875
-4.5475397,6.1828814e-13,161.4990234375
-3.9274797,3.975411e-13,129.19921875
0.49400756,3.1550738e-11,117.45383522727272
-0.12097513,3.8021105e-12,172.265625
0.518003,2.5212768e-11,117.45383522727272
-1.8689334,1.0319187e-10,184.5703125
-4.3568316,2.1859597e-13,92.28515625
-1.1523515,8.120824e-11,123.046875
-2.6253414,3.5015715e-10,151.99908088235293
-2.7937365,1.1354521e-11,161.4990234375
-0.6801916,9.844115e-12,135.99917763157896
-2.348448,3.584114e-11,99.38401442307692
-1.8441052,2.7256539e-11,151.99908088235293
-4.7426023,9.918431e-12,123.046875
-1.3989147,4.7557973e-12,143.5546875
-5.1528354,4.6457154e-11,161.4990234375
-3.796833,6.562776e-14,92.28515625
-2.153965,1.4304112e-11,161.4990234375
-1.9598092,9.88318e-12,172.265625
-1.4016645,3.5173088e-13,123.046875
-3.0888307,1.04694664e-11,123.046875
-3.1709874,2.4450105e-11,172.265625
-4.891193,1.2784289e-12,172.265625
-3.9120195,8.1588734e-13,172.265625
-4.1277404,5.4481567e-12,172.265625
-0.44568703,3.276644e-13,99.38401442307692
-2.8728354,3.1919439e-12,143.5546875
-2.375413,5.9736634e-12,112.34714673913044
-0.15961526,6.366036e-11,161.4990234375
-2.3635235,1.814255e-11,99.38401442307692
-4.687774,3.585005e-11,112.34714673913044
0.59583056,1.1793417e-12,143.5546875
-1.6009878,3.902099e-12,161.4990234375
-1.3499167,1.6458626e-11,151.99908088235293
-2.0995448,2.1692359e-13,123.046875
-1.2080418,2.5053105e-11,143.5546875
0.042148337,2.5360742e-12,172.265625
1.1635584,1.1010642e-11,129.19921875
-1.787778,1.8058943e-11,112.34714673913044
-5.0243382,2.8998623e-11,103.359375
-6.2903113,3.4105216e-12,161.4990234375
1.6714134,2.5265291e-12,117.45383522727272
-6.1431475,3.2288959e-12,92.28515625
-0.65614235,3.8725568e-11,80.74951171875
-1.6751856,1.2348633e-11,95.703125
-2.4116335,2.3575894e-12,107.666015625
-4.017434,1.665597e-11,143.5546875
-0.25416353,1.8977948e-11,129.19921875
-0.25212908,8.466894e-12,117.45383522727272
-4.4320536,2.708676e-12,123.046875
-1.9923459,2.0341407e-11,172.265625
-4.0050526,4.858257e-11,107.666015625
-4.930929,3.9396035e-11,117.45383522727272
-0.49064517,2.2385644e-12,112.34714673913044
-0.3053309,2.285183e-11,135.99917763157896
1.7221675,7.2191426e-11,117.45383522727272
-2.3707833,4.341273e-12,172.265625
-0.13825178,9.177356e-13,103.359375
-2.817908,1.6347601e-10,161.4990234375
-1.0437238,7.74958e-12,107.666015625
-1.7993504,1.4004624e-11,198.76802884615384
-1.5223143,6.6579763e-12,151.99908088235293
-6.5759516,5.4643768e-12,129.19921875
2.0183918,2.7976364e-11,151.99908088235293
-5.2471094,1.4303736e-13,92.28515625
-0.21486561,1.501162e-11,184.5703125
0.759061,3.924363e-11,172.265625
-1.0942113,6.0195653e-13,161.4990234375
1.1140567,2.3423891e-11,198.76802884615384
1.9352502,2.1253296e-12,184.5703125
-1.3408433,2.6936777e-11,123.046875
1.0202402,1.7825243e-10,184.5703125
0.9214822,9.1207155e-12,95.703125
-3.7593393,2.911648e-13,117.45383522727272
-4.8090897,2.1334682e-11,135.99917763157896
-5.4882092,5.359572e-11,117.45383522727272
-3.6744764,7.240638e-11,129.19921875
-4.5371637,1.8349209e-12,129.19921875
-2.8748097,5.3484946e-11,123.046875
-1.300453,2.6274545e-11,129.19921875
-1.5757864,1.9060737e-11,99.38401442307692
-3.6475763,3.612445e-12,161.4990234375
-2.8047717,1.4550051e-11,143.5546875
-4.303316,7.892823e-12,123.046875
-0.8459251,1.5399865e-11,151.99908088235293
-3.849717,2.0988682e-12,161.4990234375
0.31013912,5.4569034e-13,135.99917763157896
0.9445378,2.5278393e-13,172.265625
-1.5597438,5.6631016e-11,117.45383522727272
0.0797183,5.852322e-13,123.046875
0.28588802,2.7568467e-11,172.265625
0.39752522,2.9189158e-11,172.265625
-1.6093391,6.014655e-11,112.34714673913044
-2.1599286,2.7086506e-12,129.19921875
-0.06700548,2.8044013e-11,92.28515625
0.34289643,2.1330888e-12,123.046875
-6.087642,1.4532097e-12,123.046875
-3.1436355,1.6176015e-12,143.5546875
-4.909803,2.6814153e-11,151.99908088235293
-1.0326269,1.8013002e-12,135.99917763157896
-0.26173192,1.7134878e-12,129.19921875
-0.22585385,9.9300585e-12,107.666015625
-2.0385904,6.3940986e-13,143.5546875
-0.23536488,5.479005e-12,161.4990234375
-5.937326,1.5612927e-12,129.19921875
-5.058158,1.5221278e-12,151.99908088235293
-2.5766804,1.3861136e-11,123.046875
-1.8132725,5.5414023e-13,143.5546875
-1.1801853,1.0788134e-11,184.5703125
-1.5399239,1.4653675e-12,129.19921875
-0.61108327,1.4824597e-10,135.99917763157896
-1.0061342,2.3848288e-11,198.76802884615384
0.55341315,8.829303e-12,151.99908088235293
1.1789489,1.0220977e-11,123.046875
-4.3745604,1.664864e-11,123.046875
2.0050993,2.2261012e-12,184.5703125
0.2830132,1.0490911e-11,92.28515625
-3.0940406,5.4822022e-11,172.265625
-2.6754344,3.346659e-11,99.38401442307692
-3.684131,3.0634946e-11,151.99908088235293
2.538971,9.112065e-14,112.34714673913044
-2.509092,1.0912465e-10,117.45383522727272
-3.0347407,1.1876531e-11,143.5546875
-2.9769382,6.3901505e-13,129.19921875
-2.585826,5.032348e-12,107.666015625
-1.9655603,1.104162e-10,129.19921875
1.681916,3.8261716e-12,172.265625
-2.2180946,2.1126458e-10,95.703125
-1.8115311,1.7757585e-12,184.5703125
-2.637899,4.8825705e-12,161.4990234375
0.60939634,7.1576625e-12,112.34714673913044
-0.4898515,1.00382e-12,123.046875
0.1090916,6.3635514e-11,103.359375
-2.3052363,6.90428e-11,71.77734375
0.79803574,3.2866727e-11,95.703125
-3.286291,1.8011532e-13,151.99908088235293
0.3828109,2.9626293e-13,123.046875
-3.5136225,1.5614517e-12,129.19921875
-1.839592,4.066087e-12,112.34714673913044
-3.075906,5.889175e-11,161.4990234375
-4.4861336,9.738829e-12,161.4990234375
-5.968117,7.725457e-11,117.45383522727272
-1.2637464,1.0688943e-12,172.265625
-1.7547374,8.342799e-12,129.19921875
0.9288606,1.6751392e-11,129.19921875
-2.5983324,4.4944244e-12,143.5546875
-0.8853261,1.6412641e-12,117.45383522727272
-5.6929016,4.6408127e-10,184.5703125
0.6463748,4.243979e-12,112.34714673913044
-0.92675173,1.4384326e-10,75.99954044117646
-1.2498257,2.9225133e-11,129.19921875
-0.22693269,7.5272245e-12,129.19921875
-2.5950778,1.4585654e-11,117.45383522727272
-5.0849414,1.31119456e-11,151.99908088235293
-1.7064068,8.974573e-13,123.046875
-1.667639,1.0117037e-11,117.45383522727272
-1.4532537,7.7624865e-11,123.046875
-1.2179339,1.2572412e-11,123.046875
-0.52589333,3.6150893e-10,172.265625
-2.0150397,2.5124285e-11,161.4990234375
-1.8745105,1.0894862e-12,95.703125
-6.943963,2.4063883e-11,151.99908088235293
-1.3844385,7.9133857e-13,123.046875
-0.033299513,2.874801e-12,161.4990234375
-3.5762806,5.621931e-12,143.5546875
-2.546248,6.195932e-11,92.28515625
-4.593256,2.8460652e-15,151.99908088235293
0.046105195,9.496494e-12,135.99917763157896
-1.7247456,1.3111066e-10,129.19921875
-0.4757847,6.973625e-13,135.99917763157896
-0.67709845,1.04655356e-11,69.83741554054055
-3.8146918,1.6712794e-11,129.19921875
-3.4507902,4.987446e-11,143.5546875
-1.5618403,5.178621e-12,112.34714673913044
-0.0777274,1.882546e-12,172.265625
-3.3281217,2.6571933e-13,135.99917763157896
-2.9832184,1.757789e-11,135.99917763157896
-1.0166776,1.06108915e-11,95.703125
-2.1565468,3.2105558e-11,172.265625
-2.1695905,4.1948084e-11,129.19921875
-2.4855385,1.83025e-11,117.45383522727272
-1.0667533,7.553842e-12,172.265625
-1.8778355,2.336515e-10,184.5703125
-1.6938295,6.851444e-11,135.99917763157896
-1.5377183,9.485604e-12,92.28515625
-2.5529113,1.8087103e-11,172.265625
-1.2700163,8.467866e-14,135.99917763157896
-4.1539855,6.5329448e-12,129.19921875
-1.7692704,7.513656e-12,117.45383522727272
-1.1505736,3.225611e-12,151.99908088235293
-2.6769116,5.9026247e-12,112.34714673913044
-3.1561394,9.3639964e-11,151.99908088235293
-2.0230849,5.5675253e-11,161.4990234375
-0.81516194,1.8944428e-11,99.38401442307692
-0.87724847,2.1357871e-10,103.359375
-2.6539888,4.8786655e-14,151.99908088235293
-1.293545,8.22165e-11,151.99908088235293
-3.7367349,4.0374887e-12,184.5703125
-1.4224021,1.2870189e-11,184.5703125
-2.4888098,6.5356704e-12,198.76802884615384
-0.37956563,2.0134771e-13,172.265625
-4.925786,7.704576e-12,92.28515625
-4.0048895,1.0119507e-10,198.76802884615384
-0.7499575,8.7631104e-11,161.4990234375
0.5838603,6.5916803e-12,95.703125
-3.3895237,1.6621277e-11,129.19921875
-3.9537547,6.927822e-12,117.45383522727272
-1.1362777,4.02086e-11,151.99908088235293
-2.06595,1.0435194e-11,143.5546875
-1.5715417,2.5926114e-11,86.1328125
1.8624038,2.0154037e-12,143.5546875
-2.3887224,1.3710892e-11,107.666015625
-1.5371182,4.6530965e-13,129.19921875
-5.178374,7.365123e-12,112.34714673913044
-2.5716429,1.5771e-12,184.5703125
-2.1643908,5.4432756e-12,107.666015625
0.15532069,5.8095515e-11,129.19921875
-2.5369601,5.5231765e-12,135.99917763157896
-5.855212,9.7173285e-12,161.4990234375
-1.6295857,6.5404085e-11,89.10290948275862
-3.362649,1.0992133e-12,123.046875
-4.2551208,5.8365227e-12,92.28515625
-3.1972084,1.4767928e-11,107.666015625
1.4832692,4.689752e-12,99.38401442307692
-1.4990716,4.9717556e-12,129.19921875
-3.4295387,8.168821e-13,215.33203125
-1.9944605,3.8333305e-11,103.359375
-3.7731864,7.842018e-13,198.76802884615384
0.102710634,5.102933e-12,117.45383522727272
-2.9614317,4.7395244e-14,78.30255681818181
-0.6805486,5.7691642e-12,92.28515625
-1.223108,7.491928e-11,129.19921875
-5.616962,1.2457683e-10,135.99917763157896
-3.3662455,7.647896e-11,103.359375
-1.1476507,6.314969e-11,135.99917763157896
-0.8732653,1.7418172e-12,129.19921875
-1.5860286,1.2693191e-11,151.99908088235293
-3.2734182,2.1034103e-11,161.4990234375
-1.901029,2.472406e-12,172.265625
-2.4658983,1.6661583e-12,112.34714673913044
-1.0730973,2.3328632e-11,117.45383522727272
-2.796472,1.9832545e-10,172.265625
-5.4938064,5.0547028e-12,135.99917763157896
-5.948312,1.9421714e-11,143.5546875
-3.0253143,8.2120276e-11,198.76802884615384
-1.6964705,5.5832904e-11,172.265625
-2.5213842,1.5736092e-12,161.4990234375
-4.458867,3.5786282e-10,129.19921875
-4.866944,3.5867066e-11,112.34714673913044
-0.6619891,4.541959e-11,129.19921875
-0.20656957,7.2964226e-13,99.38401442307692
-0.8237977,5.2693488e-12,129.19921875
-2.714737,2.0033081e-11,161.4990234375
-4.687173,8.1559794e-11,117.45383522727272
-0.048755705,1.8390244e-11,123.046875
-3.5753934,1.3475437e-11,143.5546875
-2.2986042,3.78817e-10,151.99908088235293
0.7066588,1.2932652e-12,172.265625
0.16080981,4.784415e-12,117.45383522727272
-0.9483072,9.025758e-13,161.4990234375
-2.9073193,1.166399e-11,107.666015625
-4.9877086,6.4379516e-11,103.359375
-0.13113879,2.1882898e-11,99.38401442307692
-1.9796636,5.842574e-12,89.10290948275862
-0.5832689,3.298707e-11,103.359375
0.5060006,6.636741e-12,161.4990234375
-2.784328,1.0372242e-11,107.666015625
-4.3395805,1.2064272e-11,215.33203125
-4.240167,5.6945004e-11,92.28515625
-5.2513742,3.3811696e-13,135.99917763157896
-3.7964478,2.7951561e-13,143.5546875
-0.87630546,3.5033837e-11,151.99908088235293
-0.22786325,1.8575816e-12,151.99908088235293
-2.2059762,1.088308e-11,86.1328125
-1.9693682,4.9720592e-11,129.19921875
-0.56367886,2.6032425e-12,107.666015625
-1.3170493,2.9894776e-10,123.046875
-4.506921,1.1265113e-10,198.76802884615384
-3.8762896,2.0244015e-11,99.38401442307692
-3.1601717,4.5350156e-12,135.99917763157896
-0.45539603,1.7290227e-13,143.5546875
-1.8688012,5.813623e-11,112.34714673913044
1.0668238,2.0582563e-11,143.5546875
-0.05272155,7.903087e-11,67.99958881578948
-2.7166815,5.0202436e-11,198.76802884615384
-4.2724004,4.1911287e-11,123.046875
-2.6065197,1.1776371e-11,135.99917763157896
-0.6771953,5.0741012e-11,129.19921875
-0.88002926,5.298792e-13,117.45383522727272
-5.3604493,4.4620405e-11,184.5703125
-4.145411,2.7541229e-12,161.4990234375
-1.3923287,2.7053719e-11,135.99917763157896
-2.9729507,8.248358e-12,99.38401442307692
-0.8372259,3.411877e-11,103.359375
1.4450728,9.7423694e-11,184.5703125
-4.833558,4.783282e-12,135.99917763157896
-4.7270007,4.4761044e-12,103.359375
-1.8867943,1.8034806e-11,184.5703125
-0.9424895,8.581662e-12,123.046875
-2.014314,1.6671415e-12,107.666015625
-2.718738,1.7290014e-12,172.265625
-0.38813588,1.1888901e-11,135.99917763157896
-0.020435069,6.945509e-11,172.265625
-2.226895,6.975834e-11,112.34714673913044
-1.9973117,7.126461e-13,184.5703125
-7.0095873,1.18483105e-11,143.5546875
-2.676847,3.419851e-12,112.34714673913044
-5.234741,2.6948762e-12,99.38401442307692
1.4363071,2.7258107e-12,151.99908088235293
-0.0033102469,1.43797994e-11,107.666015625
-4.5904574,2.6442135e-11,151.99908088235293
1.9346708,1.3181553e-12,135.99917763157896
-1.9911089,6.3018163e-12,73.828125
-2.9877093,9.075639e-12,107.666015625
-2.954671,2.3701019e-11,107.666015625
-4.078454,9.060877e-12,135.99917763157896
-1.7798337,1.728679e-10,107.666015625
-4.9224195,1.1859658e-11,103.359375
-5.0740147,2.5193852e-11,184.5703125
0.07387613,1.6627633e-11,198.76802884615384
0.40282896,1.4365802e-13,151.99908088235293
-3.561645,1.01522464e-10,95.703125
-6.484719,8.826011e-12,112.34714673913044
-0.6656894,1.8046183e-11,161.4990234375
-6.1362853,3.1218736e-11,172.265625
-4.7502427,1.317993e-11,129.19921875
-3.297433,1.4327104e-12,107.666015625
-1.1137042,7.2568358e-12,143.5546875
-0.3302387,1.0278186e-11,92.28515625
2.165854,7.786364e-12,123.046875
-1.3562385,3.3253122e-12,143.5546875
-1.1543946,1.0743623e-11,143.5546875
-2.479465,3.2649352e-11,129.19921875
-7.9477534,9.5618555e-11,112.34714673913044
-5.124017,1.768113e-10,161.4990234375
-3.0751908,2.0869173e-11,151.99908088235293
-4.9569206,2.398584e-11,172.265625
-4.6091666,2.6279763e-11,143.5546875
-6.524414,2.5292483e-11,151.99908088235293
0.5422682,3.0578207e-11,112.34714673913044
2.3427887,1.7381355e-11,172.265625
-2.4098122,1.07784504e-10,198.76802884615384
-4.0791664,1.2736299e-12,123.046875
-3.5761278,6.613805e-12,129.19921875
-1.6773024,1.249973e-10,135.99917763157896
1.1869714,1.6307887e-12,99.38401442307692
2.2252612,3.9406898e-11,73.828125
-0.40143278,9.1041e-13,129.19921875
-3.2805045,3.1564775e-11,107.666015625
-1.6569706,3.7785864e-12,184.5703125
-4.3333077,1.0767269e-12,151.99908088235293
-1.5246108,5.5753215e-11,143.5546875
-5.584831,1.0720611e-10,78.30255681818181
-7.9789805,1.0600927e-11,161.4990234375
-1.8897834,4.2192747e-12,86.1328125
2.6299882,4.0520756e-10,89.10290948275862
-0.024553034,1.1483897e-11,117.45383522727272
-4.52494,1.0439758e-10,161.4990234375
-0.604731,1.5995744e-12,112.34714673913044
-0.6430428,2.1145469e-11,151.99908088235293
-5.38756,7.581021e-12,112.34714673913044
-3.5267248,7.41808e-11,78.30255681818181
-6.92606,9.901048e-13,143.5546875
-5.8540845,5.1991304e-11,161.4990234375
-5.369187,4.168035e-11,172.265625
-2.422619,1.5351448e-11,135.99917763157896
-1.0202864,5.4305876e-11,99.38401442307692
-4.1984267,8.989075e-12,287.109375
0.73582304,1.1139643e-11,107.666015625
-2.743897,5.9818413e-12,129.19921875
-1.5841506,5.886887e-11,172.265625
-3.7210531,2.5508151e-11,151.99908088235293
-4.425883,1.2175198e-12,107.666015625
-1.1377411,7.496858e-12,135.99917763157896
0.278203,6.646905e-11,99.38401442307692
2.616855,2.2819713e-11,129.19921875
-1.3762274,4.8089054e-11,135.99917763157896
0.94119895,7.565626e-11,135.99917763157896
-3.0309422,1.2153694e-12,172.265625
-4.810326,9.690068e-13,135.99917763157896
-5.3801427,3.303241e-11,112.34714673913044
-6.2814507,5.79674e-11,135.99917763157896
-3.7086382,7.4218805e-11,103.359375
1.1402556,1.9427155e-12,112.34714673913044
-5.641719,1.3113179e-12,107.666015625
-1.2148746,2.3699716e-13,107.666015625
2.0223582,9.755063e-12,117.45383522727272
-1.2344651,1.2454567e-10,161.4990234375
-2.0605028,7.248687e-12,143.5546875
-0.23660603,9.856e-12,151.99908088235293
-2.4358194,7.3347856e-11,161.4990234375
-1.4762148,2.9031845e-11,161.4990234375
-1.4501785,5.454319e-12,172.265625
-3.6859949,1.2013375e-11,161.4990234375
-1.0959207,8.406007e-12,151.99908088235293
-1.8584046,7.738576e-13,161.4990234375
0.2013422,9.203109e-11,99.38401442307692
-2.483586,1.2763305e-12,135.99917763157896
-0.39988303,7.3625226e-13,107.666015625
-2.5925665,1.0881653e-11,143.5546875
-2.887071,1.0562869e-11,99.38401442307692
-1.9056926,2.3339912e-11,89.10290948275862
-0.6835574,1.0913602e-12,172.265625
-2.128876,4.729523e-11,135.99917763157896
-1.1760296,1.9279552e-11,143.5546875
1.2253641,4.206689e-14,99.38401442307692
-0.7884464,6.2222233e-12,135.99917763157896
-1.347637,1.6424457e-12,135.99917763157896
-1.666719,5.2449837e-12,99.38401442307692
0.85274476,1.5316253e-11,143.5546875
-1.0845864,9.375205e-11,161.4990234375
0.50108886,5.5235604e-11,151.99908088235293
-0.28794587,5.886506e-12,161.4990234375
-2.64356,2.3631059e-11,92.28515625
-2.6262522,6.301523e-12,184.5703125
-4.0165877,1.8856474e-11,89.10290948275862
-1.1383357,2.3325177e-11,117.45383522727272
-0.40033728,3.1996666e-11,117.45383522727272
2.3969822,2.641653e-12,123.046875
-2.828855,1.5740192e-11,161.4990234375
-1.8673753,4.0248745e-11,129.19921875
-0.038034335,1.6646528e-11,135.99917763157896
-0.1033831,9.356313e-13,135.99917763157896
-2.4553134,1.3923313e-10,64.599609375
-2.755069,3.2387943e-11,129.19921875
-1.8130035,2.614959e-12,129.19921875
-4.262729,6.4326856e-11,161.4990234375
-0.41498756,1.8711992e-10,86.1328125
-2.24252,1.4523463e-10,129.19921875
-2.3037982,1.9429716e-12,112.34714673913044
-2.5688264,3.2831387e-12,107.666015625
-3.3236148,2.4111325e-12,66.25600961538461
1.7510027,1.0445683e-10,172.265625
2.5355718,1.1644063e-11,123.046875
-0.86326385,4.149002e-11,78.30255681818181
-2.2339919,2.194701e-11,117.45383522727272
-1.688218,5.0425324e-12,135.99917763157896
-3.728029,6.796563e-11,198.76802884615384
-0.62771857,6.933195e-11,107.666015625
-1.8167883,8.336001e-11,161.4990234375
-2.1774867,3.5017002e-12,172.265625
-1.5764048,2.210745e-11,172.265625
-0.37016806,2.4346595e-12,112.34714673913044
1.4002374,3.0540476e-13,143.5546875
0.105673365,2.0698379e-11,99.38401442307692
-1.7814995,3.4834165e-12,107.666015625
-1.9395697,1.0095688e-11,92.28515625
-1.9254303,3.8728534e-11,184.5703125
0.07591434,2.608307e-11,161.4990234375
0.68331105,5.5142887e-11,143.5546875
-2.2360501,1.1615966e-11,143.5546875
-0.7220642,2.8048106e-12,135.99917763157896
-2.4453828,4.9138422e-11,161.4990234375
0.14327438,5.9097845e-11,107.666015625
-2.6073022,6.4506945e-13,66.25600961538461
-2.6795423,6.6835656e-12,112.34714673913044
1.1430883,9.017601e-12,123.046875
-1.070969,1.1187086e-11,103.359375
-2.7579882,1.0740456e-11,112.34714673913044
-0.6613441,1.19742575e-11,215.33203125
-0.8212287,2.280771e-11,184.5703125
-1.2071027,4.636271e-10,143.5546875
-2.252973,1.7883486e-11,143.5546875
-0.5143943,2.589659e-12,151.99908088235293
-1.7585399,6.744038e-11,103.359375
0.24012533,1.3231506e-10,172.265625
0.3741282,1.0348913e-11,135.99917763157896
-1.7519889,2.5228162e-12,135.99917763157896
-3.1389184,1.2473052e-10,172.265625
2.1614604,2.3057506e-12,89.10290948275862
-1.1687304,2.0239114e-12,112.34714673913044
-2.3203924,2.180046e-11,129.19921875
-0.36296836,3.4548822e-10,172.265625
0.4204013,4.7094776e-11,151.99908088235293
-0.66838825,4.1489763e-12,89.10290948275862
-2.742171,2.305828e-12,172.265625
-1.6683998,8.957415e-12,95.703125
-3.816898,2.5892684e-11,161.4990234375
0.5296698,4.8681474e-13,184.5703125
-2.872543,3.3093944e-11,172.265625
0.48396897,6.9105104e-12,103.359375
-0.88229036,5.346643e-13,129.19921875
-2.1608758,6.1304375e-14,103.359375
-1.6872519,3.053601e-11,129.19921875
-1.8417935,5.79227e-11,172.265625
-1.5909005,3.500508e-11,143.5546875
-1.1703079,3.6782064e-11,129.19921875
0.772147,3.8076566e-11,234.90767045454547
-0.9862678,7.1034406e-13,123.046875
-3.922745,9.204263e-11,117.45383522727272
-2.0721166,7.658677e-11,123.046875
-2.3919203,3.0550125e-11,92.28515625
-2.0702577,3.5469287e-11,99.38401442307692
0.745568,1.8381716e-11,184.5703125
-1.1281736,8.37478e-11,103.359375
-0.04853414,3.8878484e-12,151.99908088235293
1.1226395,1.635418e-11,103.359375
-2.8892636,5.039316e-11,135.99917763157896
1.1535262,6.0708376e-11,135.99917763157896
-1.9521703,2.98415e-11,161.4990234375
-2.7729125,1.0382583e-10,103.359375
0.8868275,2.235498e-12,103.359375
0.63585633,1.2988716e-13,172.265625
-1.4436928,1.8524873e-12,151.99908088235293
-3.2789211,8.00067e-11,135.99917763157896
-1.1381301,1.4827093e-11,103.359375
-2.0473762,4.9901795e-11,83.35433467741936
-0.2659242,8.023099e-14,112.34714673913044
-5.5479794,5.0667796e-11,117.45383522727272
-3.1533582,1.3113561e-12,135.99917763157896
-2.589086,2.3993197e-12,103.359375
-3.2972434,1.7311454e-11,89.10290948275862
1.721495,3.59144e-12,112.34714673913044
-1.3333877,3.7069375e-12,198.76802884615384
-2.518988,5.7433072e-11,172.265625
0.6982354,5.3980653e-11,103.359375
-2.6322525,2.2399155e-11,215.33203125
-1.1269163,3.0427084e-12,107.666015625
-0.5182153,1.6329047e-11,161.4990234375
-0.49918017,3.714017e-12,198.76802884615384
-0.7876966,8.504241e-11,69.83741554054055
-1.6450206,1.3874289e-11,135.99917763157896
0.99678886,1.5514715e-11,129.19921875
-1.3199987,1.0224777e-11,117.45383522727272
1.0243144,3.116391e-11,107.666015625
-0.081191145,1.3543295e-11,103.359375
-2.146517,3.1170858e-12,86.1328125
-1.946283,3.0086288e-11,143.5546875
-2.2155497,7.112849e-14,92.28515625
-1.2788007,9.608003e-11,151.99908088235293
-2.00918,1.5146441e-11,135.99917763157896
-0.89015454,4.640276e-12,143.5546875
-0.28900242,9.363254e-12,112.34714673913044
-0.4112652,3.4076793e-11,143.5546875
-5.246108,1.6258507e-11,161.4990234375
-0.17446412,1.4116709e-10,112.34714673913044
-4.0029054,3.8536337e-11,151.99908088235293
-0.7200301,5.1610882e-11,172.265625
-0.14454713,1.5444845e-11,117.45383522727272
-1.0033314,1.1228802e-10,151.99908088235293
-2.7583604,3.842444e-12,135.99917763157896
-2.8421533,8.390054e-12,129.19921875
-2.2868607,1.6961262e-11,143.5546875
-2.3036127,4.7604167e-11,161.4990234375
-2.0587506,7.21923e-12,161.4990234375
-4.023553,3.7407046e-11,103.359375
-0.69102603,3.0321752e-13,112.34714673913044
-2.213975,1.5557945e-10,198.76802884615384
-1.9116439,1.8655083e-11,99.38401442307692
-0.37143558,1.1143906e-12,117.45383522727272
-1.4531885,2.1109382e-11,63.02400914634146
0.05477538,3.24941e-13,103.359375
1.0299166,1.9554063e-11,117.45383522727272
-1.1509677,2.964445e-11,151.99908088235293
-0.57691264,2.3509698e-11,117.45383522727272
0.7937219,2.2835745e-11,112.34714673913044
0.9028852,1.2729824e-11,161.4990234375
-1.1428887,1.2789382e-12,99.38401442307692
0.6078131,5.75599e-11,86.1328125
-0.40832883,4.7183793e-12,135.99917763157896
-0.8251401,1.1388553e-11,151.99908088235293
-0.714973,2.2130608e-11,86.1328125
0.39876494,1.6535726e-11,112.34714673913044
1.8606424,1.4003211e-11,172.265625
-3.629293,9.652667e-12,161.4990234375
-2.4429123,5.783839e-12,117.45383522727272
-3.0466201,6.841567e-12,135.99917763157896
-2.9958937,2.3594241e-11,80.74951171875
-2.873164,2.903033e-11,143.5546875
-3.7095125,1.9574986e-11,95.703125
-2.0591955,6.539327e-12,99.38401442307692
0.14177272,4.604859e-11,112.34714673913044
0.14012353,1.614394e-12,172.265625
-1.5528361,1.4625818e-11,143.5546875
-3.7137,4.2594734e-12,129.19921875
-2.2136188,1.2166247e-10,172.265625
-1.2413372,1.0204953e-11,151.99908088235293
2.7848191,1.0138877e-12,151.99908088235293
0.82734483,9.6932573e-14,107.666015625
-0.5451103,1.923107e-12,86.1328125
-0.35482392,9.938562e-12,129.19921875
-6.638269,1.3771485e-11,107.666015625
-3.8931286,2.5574824e-12,112.34714673913044
-1.9502959,2.6165228e-11,112.34714673913044
-1.3937896,2.2301647e-11,103.359375
-1.5517102,9.148604e-11,123.046875
-0.60243875,5.0838426e-12,117.45383522727272
-1.5293484,2.7125056e-12,161.4990234375
-2.2466779,4.9201376e-12,129.19921875
-0.28470832,4.1562383e-12,161.4990234375
-0.13853124,1.5035778e-10,151.99908088235293
-0.4400028,1.9393682e-12,135.99917763157896
-3.029143,2.5888856e-13,129.19921875
-1.0137377,1.2261149e-11,129.19921875
-2.2568555,2.8387803e-11,184.5703125
-1.5761722,3.6804372e-11,198.76802884615384
-1.6271645,1.9900866e-11,143.5546875
-4.302641,2.9927623e-11,129.19921875
-1.1409818,1.8105099e-11,135.99917763157896
-0.32839477,7.1879143e-12,107.666015625
-2.1384172,1.1892537e-10,151.99908088235293
-2.8264112,2.7794555e-11,95.703125
-1.8333477,1.4576897e-10,129.19921875
-0.5555022,1.7217959e-10,117.45383522727272
-2.8534582,1.7541623e-11,135.99917763157896
-2.4696817,1.578703e-13,129.19921875
-0.166831,1.951817e-11,135.99917763157896
-2.1013367,1.3975143e-11,107.666015625
-3.0666463,1.4470986e-10,151.99908088235293
-2.9946918,1.4772149e-11,117.45383522727272
1.583554,2.4494401e-11,161.4990234375
-0.42495283,3.2364392e-11,143.5546875
-1.671208,1.2945224e-10,95.703125
-0.32064977,2.2017688e-11,129.19921875
-2.8875477,4.63665e-12,92.28515625
-0.13849743,1.11866516e-10,117.45383522727272
-0.4183846,2.072716e-11,135.99917763157896
-2.8032267,4.5219414e-12,151.99908088235293
-1.7271,3.9466524e-11,151.99908088235293
-1.2518369,1.6177452e-11,117.45383522727272
0.8206274,9.293694e-12,112.34714673913044
-0.6680637,7.708464e-11,151.99908088235293
-1.5104564,5.2335393e-12,151.99908088235293
-1.3237408,9.989826e-12,161.4990234375
-1.1196301,3.7317996e-11,129.19921875
-0.07892043,1.9626212e-11,172.265625
-3.9607131,1.5074317e-10,99.38401442307692
-1.932208,3.1513522e-12,107.666015625
-0.70927805,4.2915216e-12,107.666015625
-0.8121772,1.9413991e-11,117.45383522727272
-0.5240028,4.7947035e-11,151.99908088235293
-1.8873533,1.7495876e-12,123.046875
-0.9243569,3.5779327e-11,151.99908088235293
-1.4094275,1.326589e-11,143.5546875
-2.8178957,1.211557e-13,129.19921875
-0.17504339,1.305391e-10,135.99917763157896
-1.2766289,1.7175329e-11,83.35433467741936
-0.3736108,4.4829163e-13,129.19921875
-3.1062434,1.168977e-12,112.34714673913044
-1.4896765,2.5743291e-11,86.1328125
-0.5918727,3.7311577e-11,117.45383522727272
0.30902508,5.3788037e-12,123.046875
-4.0724096,8.352077e-12,112.34714673913044
1.0321966,6.9528404e-11,129.19921875
-1.5754358,1.9095446e-10,198.76802884615384
-2.2702603,1.0244698e-11,172.265625
-2.683039,2.4936534e-11,151.99908088235293
1.8823665,8.7844304e-13,151.99908088235293
-0.5756672,3.0300762e-11,129.19921875
-1.0465759,2.678771e-12,78.30255681818181
0.16198194,2.6222474e-11,117.45383522727272
-3.5435095,2.1474127e-13,95.703125
-1.0468464,3.2252191e-12,129.19921875
0.59971106,2.4240606e-11,151.99908088235293
-2.4487338,9.00467e-12,143.5546875
-1.9432386,1.4302845e-12,215.33203125
-2.463686,2.031771e-12,117.45383522727272
1.5661771,3.1468786e-11,123.046875
-1.3066446,1.9368055e-12,129.19921875
-3.3197317,1.0746117e-11,103.359375
-3.098858,4.088708e-13,123.046875
-3.0149326,1.2222087e-11,123.046875
-2.2369292,1.4027762e-11,172.265625
-3.1527429,9.295998e-14,135.99917763157896
0.17249624,9.8789e-12,172.265625
-0.6952125,5.4598006e-12,95.703125
0.14015616,8.197578e-12,161.4990234375
1.3269597,7.830873e-11,161.4990234375
1.127259,1.2843053e-10,184.5703125
0.502133,3.0969095e-11,151.99908088235293
-0.9040069,2.2683584e-11,112.34714673913044
-0.06938339,1.732644e-10,184.5703125
-1.0829016,3.0506646e-11,135.99917763157896
-2.1495671,2.1517864e-11,107.666015625
-2.6920488,5.106028e-12,135.99917763157896
1.0429454,2.3429259e-11,107.666015625
0.05852614,3.8779945e-11,95.703125
-0.7259199,1.3126983e-10,135.99917763157896
-0.41058925,1.5248082e-12,135.99917763157896
-3.064777,1.2070228e-10,123.046875
-3.225893,1.5777704e-10,117.45383522727272
1.1549323,3.3650156e-11,198.76802884615384
-1.1150831,1.25935e-10,135.99917763157896
-0.8085171,1.0551113e-11,107.666015625
0.7003622,1.2693323e-10,99.38401442307692
-0.029449122,4.4139494e-11,151.99908088235293
2.5256078,1.2998932e-10,117.45383522727272
2.3323247,9.138041e-13,129.19921875
-3.197113,1.4083439e-11,135.99917763157896
-0.34599873,2.9468658e-13,135.99917763157896
-3.3624172,2.6796895e-11,135.99917763157896
-0.5393713,5.130249e-11,86.1328125
-3.7253036,3.0928513e-12,184.5703125
-1.4560308,1.8256445e-11,95.703125
-3.3964558,3.432141e-11,117.45383522727272
-0.7243337,1.0895577e-10,135.99917763157896
0.3963529,1.9591637e-12,161.4990234375
0.22369745,2.4507875e-11,95.703125
-0.003030714,1.2855915e-11,161.4990234375
0.32634374,8.671508e-12,215.33203125
1.2674475,5.283138e-10,129.19921875
-0.61086464,4.9159253e-11,198.76802884615384
-0.6863632,7.1818575e-12,123.046875
-0.1943423,1.4332488e-11,184.5703125
-1.0918325,2.0537337e-11,103.359375
0.59194285,7.490342e-11,103.359375
-0.88681066,2.2793899e-11,92.28515625
-3.1382644,2.8437848e-11,151.99908088235293
0.03813553,4.09376e-12,135.99917763157896
-1.5984104,2.389165e-11,161.4990234375
0.61124825,3.1573685e-14,135.99917763157896
-0.9223495,7.572563e-12,215.33203125
-2.835097,8.41433e-11,89.10290948275862
1.6133838,6.1346817e-12,99.38401442307692
-0.65697515,7.1873956e-12,143.5546875
0.7651313,9.21847e-11,143.5546875
-1.5471839,4.305806e-11,123.046875
1.5023667,2.4693173e-12,151.99908088235293
0.02944431,5.2347547e-13,151.99908088235293
1.5567024,5.7074363e-12,112.34714673913044
1.7686594,1.895499e-11,184.5703125
-2.1085203,1.10768304e-10,184.5703125
-3.188218,1.5288058e-13,184.5703125
1.4118338,3.652795e-11,172.265625
1.0372615,5.3696153e-12,143.5546875
-2.4117682,4.7572724e-11,112.34714673913044
-2.305647,4.8089328e-11,99.38401442307692
2.5946484,7.1972823e-12,92.28515625
-1.820361,3.0220566e-11,107.666015625
-0.96959823,4.8697324e-11,112.34714673913044
-1.8854468,4.666573e-11,198.76802884615384
-3.7823348,5.0453787e-11,89.10290948275862
-1.3524531,3.6064297e-11,172.265625
-0.98025966,4.9184642e-11,184.5703125
-0.6065002,4.0356943e-11,184.5703125
5.425896,3.2065555e-11,151.99908088235293
10.015126,2.1335993e-13,129.19921875
-0.07094563,6.455517e-11,123.046875
7.797165,2.8681515e-10,99.38401442307692
6.38733,3.4479173e-11,129.19921875
0.48019686,5.325826e-11,215.33203125
-1.115486,3.5500975e-12,143.5546875
1.4091996,2.4335761e-12,129.19921875
-3.3050811,9.693175e-13,129.19921875
1.3726742,2.0210436e-11,95.703125
4.001465,4.3815063e-11,123.046875
3.0793529,3.338498e-11,129.19921875
11.340669,1.1702798e-10,135.99917763157896
1.0953757,2.9395784e-11,135.99917763157896
-3.0397334,7.3102094e-11,198.76802884615384
-3.0805695,3.6255857e-10,123.046875
-0.64374787,6.705699e-11,198.76802884615384
5.3020067,2.7868439e-12,123.046875
-0.85270536,7.013912e-10,95.703125
-2.882459,7.8764e-11,161.4990234375
3.402125,1.4880804e-10,123.046875
8.432317,1.1929505e-11,172.265625
-0.5875247,4.228067e-12,112.34714673913044
0.01897043,7.695589e-11,123.046875
3.7495227,1.5359707e-10,123.046875
8.557685,6.469545e-12,161.4990234375
0.69541967,1.5650474e-11,161.4990234375
-1.4550209,1.9210342e-10,161.4990234375
1.2483945,8.979971e-11,143.5546875
1.9472581,7.540397e-11,117.45383522727272
-0.09907902,1.6383858e-11,123.046875
2.624947,6.439901e-11,123.046875
9.335786,6.377486e-11,123.046875
2.815216,1.1230154e-11,135.99917763157896
-0.034990598,5.601285e-12,117.45383522727272
3.9908617,1.0331123e-11,107.666015625
-2.865042,5.430175e-11,151.99908088235293
0.32537952,3.863214e-11,215.33203125
3.7699275,1.7426202e-10,135.99917763157896
-1.7266129,2.9384384e-10,123.046875
4.0161963,2.0650494e-10,151.99908088235293
-2.3151062,8.563614e-11,151.99908088235293
1.8550934,1.844229e-10,103.359375
2.8102727,1.376534e-10,172.265625
-4.0378895,5.7650457e-11,129.19921875
5.5688624,3.1070247e-11,161.4990234375
1.6842716,1.4540675e-11,123.046875
-0.032766,3.2294417e-10,112.34714673913044
-0.026740393,2.4097482e-10,117.45383522727272
-1.6818303,2.568694e-11,184.5703125
-2.1033993,7.298847e-11,161.4990234375
0.28452674,6.3601485e-10,123.046875
1.5276585,9.191248e-13,184.5703125
2.205212,1.9259719e-11,172.265625
9.533132,1.426665e-10,161.4990234375
6.3661876,7.5446704e-11,99.38401442307692
-0.8330549,1.505236e-10,107.666015625
4.236612,4.4937217e-11,184.5703125
-2.1464896,2.4288574e-10,107.666015625
0.16397959,3.6626386e-11,143.5546875
4.3516593,1.6154517e-10,117.45383522727272
-0.26020667,8.1436865e-13,172.265625
0.84066725,2.1340825e-11,172.265625
-2.8145416,3.42737e-11,129.19921875
4.0235276,4.500537e-10,112.34714673913044
5.686863,1.499168e-10,143.5546875
3.3276908,5.3926592e-11,143.5546875
7.0092945,4.0894642e-13,198.76802884615384
1.9140091,2.448827e-10,172.265625
5.7416635,1.5091064e-11,161.4990234375
0.30182233,4.2946615e-11,143.5546875
0.27815133,1.7985679e-12,151.99908088235293
6.0811424,1.5128983e-10,129.19921875
1.8120321,1.603489e-11,172.265625
-3.4667044,1.0823766e-09,151.99908088235293
-1.8613824,1.3631686e-11,143.5546875
7.52792,1.4210419e-10,184.5703125
1.36616,2.2649352e-10,184.5703125
2.8596551,3.4468706e-12,161.4990234375
1.1403788,1.3857506e-11,161.4990234375
7.381914,9.053392e-12,107.666015625
5.2183995,4.1597153e-11,151.99908088235293
10.562849,3.095149e-11,161.4990234375
-2.6955755,5.3295472e-11,83.35433467741936
-0.640971,2.3280816e-13,143.5546875
7.419361,5.8979224e-11,129.19921875
3.545935,1.2981607e-12,123.046875
1.4115654,7.7711665e-12,172.265625
-2.9830298,1.892547e-12,123.046875
0.9702813,8.2378215e-11,129.19921875
0.37453857,4.124375e-11,151.99908088235293
2.168347,1.727793e-10,107.666015625
-1.7288014,1.9261244e-11,135.99917763157896
-4.562352,4.1872884e-11,151.99908088235293
2.3939247,4.953254e-10,117.45383522727272
2.359954,1.9442356e-12,161.4990234375
-1.6580187,2.3417754e-12,107.666015625
-0.06929907,2.6566643e-10,184.5703125
-2.6822994,7.9925774e-11,143.5546875
0.63685274,4.9246295e-11,117.45383522727272
-1.0976889,4.7194193e-11,123.046875
2.6347268,1.5903015e-13,107.666015625
0.59137744,1.11379364e-10,135.99917763157896
-2.248371,6.862932e-11,71.77734375
-0.64046854,6.6734956e-10,129.19921875
-0.15811992,2.6528767e-11,92.28515625
6.384507,8.920148e-11,129.19921875
-0.42080674,2.9473046e-11,129.19921875
1.0561607,2.1598211e-10,135.99917763157896
-0.53122556,9.730146e-13,103.359375
5.402443,1.3350035e-11,95.703125
1.9107739,2.7125088e-10,151.99908088235293
9.243763,3.8040612e-11,198.76802884615384
-1.6266098,4.3041423e-10,123.046875
5.790215,1.1298761e-11,135.99917763157896
2.5235164,6.7408815e-11,135.99917763157896
-0.638353,1.8005665e-11,161.4990234375
2.301616,2.1469788e-10,99.38401442307692
2.9445133,6.472132e-12,184.5703125
-1.1936829,1.1067911e-11,184.5703125
0.30425432,3.7506296e-12,151.99908088235293
-0.6230175,8.952294e-11,99.38401442307692
-0.3284735,1.370243e-10,143.5546875
2.1769714,1.2022112e-10,103.359375
10.190302,4.4219953e-13,215.33203125
-1.5019144,2.9085376e-10,172.265625
8.199367,3.2435515e-10,172.265625
-1.1371908,3.6420438e-13,184.5703125
-1.6689895,3.9344205e-11,184.5703125
5.589036,3.991796e-11,107.666015625
1.4658861,8.103004e-12,103.359375
4.0835466,1.5950579e-12,112.34714673913044
4.170853,3.358695e-10,112.34714673913044
1.0597352,8.697749e-11,117.45383522727272
-3.8991442,5.3133675e-10,117.45383522727272
-0.3408086,1.2323846e-10,103.359375
2.3620322,6.735734e-14,129.19921875
-0.6474681,1.7632499e-12,129.19921875
-0.7525292,1.586888e-11,117.45383522727272
-3.174762,6.4630415e-12,151.99908088235293
3.5443869,4.3709955e-10,112.34714673913044
-2.653431,3.372846e-13,172.265625
0.50222754,2.1705002e-11,107.666015625
-1.4501473,4.1716023e-12,123.046875
2.6228871,1.3775554e-11,117.45383522727272
3.7884116,3.505475e-10,161.4990234375
2.3666687,1.1973934e-12,184.5703125
2.915067,6.642743e-11,172.265625
3.1233735,3.678204e-12,92.28515625
-0.4226516,4.9130956e-11,151.99908088235293
5.5355873,5.2006795e-11,112.34714673913044
-1.4091413,1.6922262e-11,135.99917763157896
-2.83845,5.2146742e-11,78.30255681818181
3.9635723,2.3916558e-11,107.666015625
3.9039962,1.0214076e-10,123.046875
4.206135,1.8200766e-11,172.265625
1.3342482,6.614945e-11,123.046875
4.576033,2.2155702e-10,172.265625
-3.5215244,1.3731166e-10,151.99908088235293
-1.4258457,4.4025847e-10,107.666015625
-1.4342626,2.0923481e-10,117.45383522727272
-4.6538715,2.7645325e-10,184.5703125
2.654971,2.1204706e-10,92.28515625
2.6614244,3.182363e-12,151.99908088235293
-0.4472998,1.2478603e-11,66.25600961538461
2.6921914,7.478947e-11,151.99908088235293
-2.361768,2.809962e-10,107.666015625
6.616466,1.9314823e-12,103.359375
0.7842013,2.0293156e-10,143.5546875
9.35966,4.826179e-13,184.5703125
2.3262644,1.2881347e-10,151.99908088235293
2.012679,2.5895364e-12,184.5703125
8.425586,1.5121532e-11,112.34714673913044
-2.7154286,1.1943817e-10,103.359375
-1.4026233,2.2859685e-10,161.4990234375
-3.2548954,1.2009018e-11,135.99917763157896
-2.5314186,4.0350037e-12,143.5546875
2.7777116,1.4152844e-10,129.19921875
-2.6412263,2.8874617e-10,172.265625
-4.252415,6.499382e-10,117.45383522727272
-0.560771,2.3547927e-10,151.99908088235293
-0.8055847,2.4222208e-10,92.28515625
-0.80256224,3.106899e-10,123.046875
1.8273695,9.46935e-10,117.45383522727272
-2.2193284,1.5710294e-10,99.38401442307692
-2.8713453,3.9790914e-12,129.19921875
-5.356045,5.096943e-10,129.19921875
-2.6169636,2.8609044e-12,92.28515625
0.10882858,9.983681e-12,112.34714673913044
0.62069327,9.21804e-11,112.34714673913044
-0.62879854,1.0960266e-11,184.5703125
4.7721534,3.9790254e-11,172.265625
8.081561,5.232348e-10,107.666015625
3.2778623,6.3738763e-12,215.33203125
1.6277715,3.0457786e-11,103.359375
21.001299,1.6469656e-10,143.5546875
2.1363652,3.0296476e-10,135.99917763157896
0.3684026,4.6402633e-13,69.83741554054055
-0.5006363,2.4693383e-11,143.5546875
1.3650739,9.270961e-13,161.4990234375
-0.16094214,3.0710788e-13,172.265625
8.21873,3.0095336e-11,198.76802884615384
0.9591946,6.477786e-11,135.99917763157896
0.6303983,9.5316905e-12,172.265625
-3.6724515,1.0406478e-10,172.265625
0.5893599,7.041545e-11,80.74951171875
3.174354,9.1160676e-11,184.5703125
7.0576415,4.661218e-11,198.76802884615384
2.6934214,8.6103874e-11,151.99908088235293
1.3050098,7.52674e-11,151.99908088235293
0.11734497,2.0254576e-11,184.5703125
2.5858486,1.4213441e-11,129.19921875
1.8571477,1.1861469e-13,143.5546875
0.00949567,2.5474661e-12,129.19921875
5.802042,5.115108e-11,143.5546875
-3.9346998,4.7657954e-11,151.99908088235293
2.062849,2.3268126e-10,184.5703125
0.77803135,4.697154e-11,184.5703125
3.202063,1.6284949e-11,117.45383522727272
-3.497699,5.0800436e-10,198.76802884615384
0.6571346,1.92915e-10,117.45383522727272
-4.6068096,2.5475e-10,112.34714673913044
0.8927483,1.3378023e-13,103.359375
-1.2282705,7.951512e-12,215.33203125
3.692129,7.127852e-10,123.046875
-4.0206003,1.6195317e-10,123.046875
2.7229266,2.9328182e-10,99.38401442307692
2.9683568,3.4938229e-12,184.5703125
1.5293038,3.650024e-11,143.5546875
3.4489522,2.8175639e-12,117.45383522727272
7.671086,1.595118e-10,112.34714673913044
4.279595,1.2131163e-10,129.19921875
-2.1082692,1.1811732e-10,135.99917763157896
6.027821,5.88096e-10,151.99908088235293
0.4664162,1.557991e-11,117.45383522727272
4.0172653,6.611255e-11,58.72691761363637
1.3148202,2.2092812e-12,117.45383522727272
2.2275715,5.396446e-11,92.28515625
-0.52164686,2.9676103e-10,143.5546875
0.37604284,1.6254846e-10,112.34714673913044
0.3064432,1.34959734e-11,117.45383522727272
-1.6400032,2.9161226e-11,78.30255681818181
4.7611165,2.66059e-10,135.99917763157896
2.0793192,1.45423205e-11,198.76802884615384
-1.8936,3.0772324e-10,123.046875
3.620845,1.2557928e-10,112.34714673913044
2.3230078,6.452474e-10,95.703125
-4.0887017,5.4536563e-11,129.19921875
0.84168,2.3343238e-10,151.99908088235293
-1.7181852,1.2258005e-12,86.1328125
2.8521228,1.8156997e-11,123.046875
4.3047233,1.1428755e-11,161.4990234375
-2.0482514,3.6289459e-12,135.99917763157896
1.9235386,4.3655873e-10,172.265625
-3.9438796,2.7427766e-10,117.45383522727272
-1.4372324,1.9243561e-10,117.45383522727272
7.414528,2.5042349e-12,161.4990234375
2.5936074,1.6215401e-10,129.19921875
8.071953,1.0916114e-11,172.265625
1.4109466,4.320661e-13,143.5546875
-2.397056,4.60858e-11,172.265625
-3.452874,1.2318781e-11,112.34714673913044
4.286487,1.9063395e-12,95.703125
3.7715871,7.715066e-10,107.666015625
-0.4105762,5.2719e-12,107.666015625
5.75796,1.05798165e-11,107.666015625
11.186834,2.4512203e-10,172.265625
0.82554793,1.4392548e-10,135.99917763157896
1.1340566,2.107212e-10,89.10290948275862
-5.4441776,1.4486165e-10,92.28515625
-3.2442,1.6278692e-11,143.5546875
-3.7433953,2.6198339e-11,99.38401442307692
0.4063397,2.4312874e-10,107.666015625
8.926477,1.0947445e-12,117.45383522727272
3.7560277,9.478155e-12,123.046875
5.8971577,1.00696264e-10,123.046875
0.07156232,1.861113e-12,151.99908088235293
1.0985457,5.8862876e-10,172.265625
0.41447031,9.1559205e-11,129.19921875
-2.0191827,9.858232e-11,83.35433467741936
3.9720361,1.1973148e-12,161.4990234375
1.3591871,1.4657013e-10,198.76802884615384
-2.6999862,3.246963e-12,143.5546875
-0.5935904,2.2432934e-12,129.19921875
9.6115675,4.3331465e-13,129.19921875
0.21688542,7.519447e-12,143.5546875
5.49029,2.3635937e-11,151.99908088235293
-0.07683979,4.212216e-10,161.4990234375
-2.3400877,6.883722e-12,112.34714673913044
-2.3345864,9.91845e-13,112.34714673913044
1.7320321,4.812894e-10,103.359375
1.7403156,2.6946134e-10,117.45383522727272
-2.5344045,3.1986788e-11,143.5546875
7.652633,1.14320456e-10,112.34714673913044
-4.5743713,2.1125261e-14,198.76802884615384
0.41229877,7.028029e-10,135.99917763157896
2.6380904,3.0511403e-13,99.38401442307692
-1.2617431,5.6205046e-13,135.99917763157896
5.2446117,7.4830364e-11,80.74951171875
0.83850104,4.1693992e-11,129.19921875
0.23600899,8.588214e-11,67.99958881578948
-1.331256,1.2638185e-09,129.19921875
1.9343455,3.9303996e-10,112.34714673913044
-2.5316327,1.313682e-11,117.45383522727272
-0.8332052,3.117117e-10,92.28515625
-0.25399813,1.10216045e-10,123.046875
-4.539346,8.3919434e-11,143.5546875
0.44844612,2.1134688e-11,135.99917763157896
-3.2214797,6.732003e-11,198.76802884615384
1.249075,3.372677e-11,129.19921875
-1.76006,1.8826189e-10,198.76802884615384
-4.633613,3.798223e-12,135.99917763157896
0.23742434,2.970417e-10,103.359375
-1.245845,5.9404766e-11,117.45383522727272
3.0602493,2.1261971e-10,117.45383522727272
1.8252851,1.0319977e-10,123.046875
-0.7128555,2.3955585e-10,112.34714673913044
13.377707,8.0813425e-11,161.4990234375
2.8127534,3.6907977e-11,117.45383522727272
3.6454253,3.2802294e-10,184.5703125
-4.7336674,2.7761678e-11,143.5546875
0.79141223,1.880786e-11,117.45383522727272
-0.935154,4.728825e-12,75.99954044117646
5.7918653,1.4669227e-10,184.5703125
-3.8844337,2.9810095e-11,151.99908088235293
0.085282266,1.5367932e-10,123.046875
1.0143763,2.4908848e-11,172.265625
-3.5350075,1.6356587e-10,135.99917763157896
5.2155223,1.7448543e-10,135.99917763157896
4.6801953,1.1925812e-12,123.046875
-0.103078015,5.930447e-12,135.99917763157896
6.4612713,5.399157e-10,112.34714673913044
0.1617949,6.1509126e-13,198.76802884615384
-2.7792318,3.2531164e-10,112.34714673913044
-3.6841187,1.2549712e-13,143.5546875
3.148682,2.4955312e-11,117.45383522727272
-0.321769,4.202556e-11,107.666015625
1.5224838,5.317447e-11,161.4990234375
0.11408056,7.9739237e-13,123.046875
5.557956,1.737867e-11,161.4990234375
-0.87530345,1.1437888e-11,184.5703125
5.051171,7.3909173e-13,143.5546875
0.118479155,1.8876695e-10,215.33203125
5.2684183,5.959966e-11,92.28515625
-0.015006401,8.9839546e-11,112.34714673913044
-3.1392748,1.8305955e-10,112.34714673913044
-2.011337,9.350213e-11,151.99908088235293
1.542852,1.4068118e-10,129.19921875
5.5415006,6.702733e-11,143.5546875
6.421563,6.7955754e-12,103.359375
,,135.99917763157896
