0.3148307,0.353553,0.33266762,0.398375,0.48951477,0.5126596,0.5797465,0.62084603,0.44038758,0.31325296,0.29208973,0.28869045
0.31707177,0.29549962,0.32376224,0.44054702,0.43977326,0.41188988,0.4703563,0.44786078,0.34581754,0.36390516,0.37451634,0.3459143
0.20575947,0.293854,0.3474522,0.38863826,0.4602634,0.55568284,0.5272706,0.4339777,0.41289043,0.39148265,0.2468948,0.18412733
0.26783475,0.29189885,0.29919812,0.31333607,0.45392546,0.49830395,0.41997254,0.45721468,0.41608772,0.32886606,0.2958331,0.2864075
0.2949463,0.33119836,0.39653984,0.4118598,0.42945415,0.39061972,0.38484097,0.5311358,0.48236248,0.39111727,0.36868504,0.3381375
0.3772165,0.3277024,0.26495945,0.30903268,0.3304213,0.3279826,0.33533633,0.3811429,0.43675148,0.47869036,0.46726283,0.44275174
0.49883115,0.29369527,0.27752063,0.32330817,0.37799725,0.40597847,0.3872558,0.38274905,0.29249907,0.30462044,0.31842232,0.4311474
0.30627027,0.27407962,0.25290874,0.3471927,0.4715455,0.53296417,0.4442132,0.42086405,0.438351,0.40344155,0.28591356,0.25748315
0.35904595,0.29026642,0.25672707,0.2687043,0.3148878,0.28140187,0.34926578,0.4466785,0.38384202,0.39087233,0.4319301,0.4028885
0.30187246,0.33357584,0.3975511,0.4510075,0.48021942,0.4775374,0.52249086,0.44714355,0.37129632,0.36870474,0.33082402,0.28482118
0.20741294,0.23402946,0.277789,0.30643955,0.35259774,0.38303205,0.4177774,0.5174992,0.5242091,0.41215673,0.28532442,0.21078697
0.28783637,0.30026326,0.35483342,0.34241825,0.30018032,0.33045968,0.36154827,0.4272148,0.4278344,0.41794223,0.41744128,0.29733887
0.24534866,0.3107181,0.3474997,0.44600523,0.5194709,0.5614817,0.52320886,0.433867,0.36811277,0.30628252,0.29301712,0.26926053
0.20487295,0.27068856,0.22189423,0.22524638,0.29034808,0.3065438,0.29737523,0.45059094,0.5894292,0.42332342,0.2894165,0.19694509
0.3721642,0.30568087,0.29869074,0.35477796,0.35077912,0.3284054,0.3042207,0.37213796,0.40497658,0.35854676,0.3953798,0.45848265
0.22389476,0.25700754,0.31898835,0.32543606,0.32666972,0.3928775,0.43938512,0.488486,0.46387714,0.42283112,0.462556,0.30822524
0.256104,0.23342003,0.21209759,0.21482374,0.21171091,0.2647966,0.33319122,0.42456082,0.46758744,0.31696424,0.3881639,0.37042275
0.3743976,0.27284274,0.27556986,0.39299545,0.50646895,0.5012865,0.45551652,0.42091745,0.36011866,0.28985292,0.32265604,0.38504505
0.21378334,0.26090586,0.32889467,0.35807127,0.34926617,0.36070433,0.43447125,0.44273415,0.44096768,0.40512705,0.34676307,0.26449308
0.32531643,0.3126785,0.28589064,0.34952614,0.4387899,0.48875466,0.44379774,0.40737027,0.41742826,0.430758,0.32193512,0.30460677
0.3480811,0.41811183,0.43085656,0.39066464,0.4229771,0.4459459,0.4031784,0.48042753,0.45573992,0.298034,0.24418199,0.26292416
0.2648893,0.29800525,0.28240943,0.3212575,0.32469666,0.35767806,0.33534938,0.41196775,0.46864384,0.3740285,0.40620023,0.33839142
0.19181849,0.18816368,0.27183473,0.40636018,0.6362851,0.7147521,0.5425138,0.5185575,0.4159901,0.27256304,0.2783416,0.23237659
0.30530453,0.3218965,0.41551748,0.5495475,0.60479736,0.56103635,0.53688306,0.49517184,0.38362947,0.31747115,0.29717794,0.277739
0.31044543,0.37255514,0.28438765,0.2437712,0.2991795,0.35305867,0.38214278,0.46664855,0.41459686,0.29869297,0.3001711,0.2619067
0.5294695,0.28293404,0.19417304,0.2476206,0.29380214,0.28098708,0.3495239,0.36708122,0.29564577,0.2750799,0.2357092,0.4173123
0.289676,0.27702725,0.37189275,0.463386,0.50340855,0.53145206,0.4647875,0.46783867,0.47809672,0.46172306,0.3625206,0.30098486
0.3503162,0.30385476,0.3339934,0.33533546,0.33622453,0.3018647,0.34319985,0.4551779,0.45141745,0.31905597,0.34510627,0.4299188
0.37129745,0.28018573,0.2581641,0.2736819,0.3605726,0.40167972,0.35637745,0.40076807,0.34436056,0.30753806,0.42583725,0.45844826
0.32517993,0.35632268,0.37566143,0.463019,0.50883514,0.5080852,0.45511055,0.46061173,0.36260208,0.28053793,0.22827704,0.22824942
0.23684153,0.20850496,0.26426798,0.3328284,0.34445325,0.32960325,0.3595384,0.37612706,0.43701875,0.49174714,0.4763574,0.3530291
0.31616434,0.24847601,0.2240016,0.2548265,0.34796667,0.2764726,0.23982482,0.34995565,0.40817523,0.39319652,0.35964426,0.34044313
0.3049706,0.23380817,0.20141034,0.25060508,0.286683,0.28900838,0.34599423,0.3874066,0.34842137,0.46962658,0.41061977,0.3607445
0.21639937,0.29885802,0.33115834,0.3150156,0.36521614,0.46080986,0.5136796,0.5406677,0.4340145,0.33696544,0.29638553,0.23050483
0.19381793,0.206488,0.22511141,0.2539193,0.3772495,0.45358947,0.44102645,0.5123824,0.48841822,0.34226274,0.19461167,0.16884612
0.38970825,0.2288044,0.16875932,0.2348627,0.3405371,0.38017985,0.36080453,0.3474408,0.31577203,0.28088158,0.31223723,0.40954316
0.4081699,0.29391626,0.25751552,0.35359308,0.36895743,0.33262435,0.28208607,0.29044703,0.302438,0.34998858,0.43004856,0.47083777
0.3073196,0.31738976,0.27979302,0.32337746,0.3850629,0.46322814,0.5170525,0.5158858,0.44384566,0.34441283,0.31479606,0.26527512
0.29842114,0.44931534,0.46699166,0.560949,0.53942627,0.46505556,0.37117204,0.3532488,0.34105507,0.3109056,0.23729147,0.1935378
0.22311346,0.23613258,0.2812306,0.37332818,0.40180337,0.34575263,0.38250878,0.39649066,0.41226196,0.4053445,0.421435,0.2943781
0.36987382,0.33096763,0.25097322,0.24921635,0.28754956,0.3483391,0.36271414,0.36748898,0.35512763,0.31317413,0.3845778,0.35041502
0.24084342,0.22081558,0.20275831,0.23693804,0.37939015,0.45847,0.40917194,0.405193,0.35493037,0.3465216,0.33544677,0.3029534
0.2699575,0.3130916,0.43101966,0.4827978,0.5697474,0.510137,0.4525262,0.40825704,0.3353592,0.35243466,0.3131466,0.2833001
0.2509346,0.18399645,0.2216764,0.37002572,0.44077215,0.39333904,0.3809028,0.4266755,0.37452778,0.26698118,0.33914253,0.3949013
0.34086367,0.2519506,0.26396734,0.31566682,0.37193227,0.39726505,0.3874495,0.5072752,0.5303426,0.39508566,0.3632351,0.4024024
0.31473872,0.40020916,0.31915998,0.32160202,0.3867887,0.4230405,0.40822637,0.44813305,0.33971417,0.22423823,0.21014756,0.26063123
0.23093072,0.2665,0.34491432,0.35163912,0.39313078,0.46335867,0.4829178,0.5178382,0.46632436,0.3771114,0.29771662,0.25665006
0.32512608,0.2635564,0.2838728,0.33877662,0.33031377,0.3439903,0.41337025,0.46885473,0.41069612,0.3928157,0.38946488,0.3913033
0.25543877,0.21323915,0.2376792,0.32999805,0.43530542,0.5037431,0.48774633,0.52251655,0.49582344,0.38382426,0.30851853,0.2922615
0.24241903,0.25777966,0.32888243,0.38376263,0.42134312,0.38561535,0.40059072,0.5266168,0.5201482,0.34208578,0.34467375,0.3153732
0.25807244,0.20348273,0.21716891,0.2618729,0.2895421,0.32466584,0.3802411,0.43396807,0.4112757,0.40749958,0.4035346,0.28592867
0.3594057,0.31670666,0.24760994,0.26542395,0.34817803,0.3951768,0.41041744,0.5667842,0.597655,0.40343478,0.35649294,0.366204
0.3332389,0.21757387,0.2274507,0.26693794,0.3129737,0.45005935,0.45999497,0.4167445,0.3965154,0.31592572,0.37549865,0.5280855
0.23475002,0.24058229,0.3447233,0.38392112,0.47760898,0.5957604,0.5406992,0.53147733,0.47637236,0.4061488,0.26391226,0.20773289
0.21927902,0.23426697,0.19660985,0.2237173,0.30534932,0.41514596,0.50728625,0.5065367,0.43053547,0.32955593,0.27741578,0.21840286
0.18155695,0.16833544,0.18714991,0.2727651,0.41142514,0.4743466,0.47402316,0.5163494,0.46794936,0.3572944,0.29840302,0.23102473
0.28804815,0.20735735,0.30163947,0.342495,0.30934837,0.30269095,0.36838216,0.43648118,0.3886463,0.34782335,0.29637823,0.33808175
0.45197183,0.32796815,0.30104613,0.33724514,0.40041724,0.37913376,0.34869388,0.4200211,0.38642418,0.41971928,0.45487154,0.41932908
0.30145133,0.35955605,0.42747867,0.5935343,0.53348595,0.404445,0.35963038,0.3343825,0.31160975,0.33118057,0.30143398,0.2834554
0.2343297,0.32503033,0.42002904,0.4528867,0.46112603,0.49775237,0.55251426,0.5239648,0.53107893,0.43743712,0.3166903,0.2555807
0.2986743,0.32168075,0.40391785,0.39035696,0.42475924,0.47677472,0.48891827,0.50433314,0.4201272,0.42645997,0.41561842,0.30662158
0.39036584,0.43579963,0.4499152,0.4465171,0.46177694,0.47740105,0.41437468,0.42271474,0.4306337,0.36624923,0.271844,0.28067362
0.44597435,0.35987926,0.35126027,0.4837125,0.5051965,0.53173834,0.5207177,0.52194226,0.56447405,0.55424815,0.46980166,0.39407203
0.28816378,0.3312303,0.3935826,0.3857552,0.39502668,0.4266741,0.3921936,0.45946032,0.4910389,0.4397011,0.44313774,0.3406718
0.38585678,0.4694854,0.33868816,0.30508158,0.32878956,0.35362983,0.36178902,0.43350202,0.3693596,0.3150266,0.30330658,0.3145615
0.24877883,0.24541783,0.2822095,0.39002594,0.41962525,0.47527555,0.494663,0.554775,0.51036,0.35071585,0.29144195,0.26880744
0.35816047,0.31490716,0.33687183,0.40567666,0.40154105,0.4391366,0.4082394,0.42817792,0.36355925,0.3088286,0.38077328,0.36044455
0.35743946,0.27953938,0.2842298,0.36144194,0.44062412,0.43309054,0.368399,0.3647996,0.46732703,0.5130644,0.48674232,0.42407864
0.4275315,0.28562415,0.29314497,0.33862847,0.35860717,0.38822466,0.40525976,0.34929752,0.2949516,0.30962244,0.38831705,0.47081316
0.16903384,0.15473087,0.20116039,0.2773563,0.3013512,0.30708423,0.32531822,0.40308395,0.42231876,0.45006406,0.38724753,0.24686706
0.24698511,0.26153752,0.30063152,0.40147993,0.47212645,0.544007,0.54227555,0.5224873,0.45175394,0.3333607,0.2796829,0.23918217
0.36131904,0.30108607,0.27136335,0.41840854,0.4200692,0.43376854,0.49550647,0.44677764,0.40172613,0.3924999,0.34042972,0.32543495
0.4574618,0.3228681,0.2687736,0.36322802,0.42581493,0.38996357,0.29292336,0.28664878,0.25673777,0.23982447,0.26757416,0.3410629
0.34942386,0.2744672,0.28128245,0.35502815,0.35127786,0.29686093,0.30373192,0.39071617,0.37151298,0.36171687,0.3718096,0.38513085
0.35055676,0.34648466,0.33015546,0.40127438,0.43566564,0.41188246,0.3715002,0.46826583,0.48029646,0.42857486,0.44684812,0.37281904
0.45068607,0.350492,0.24344653,0.26597178,0.29101425,0.30958268,0.2839378,0.27393478,0.2634164,0.31834555,0.36801004,0.4420801
0.2597746,0.26684204,0.279994,0.36813268,0.4586527,0.48027784,0.51868474,0.4829561,0.45594418,0.30775717,0.2856257,0.2843896
0.24433617,0.2900042,0.4168217,0.48685706,0.4679866,0.45435327,0.46388507,0.5375743,0.4165276,0.31969136,0.2848206,0.2533846
0.31756198,0.37256896,0.43425366,0.3858168,0.37397036,0.39030808,0.4397542,0.43132144,0.39566547,0.3968809,0.3894369,0.36709192
0.260371,0.28640956,0.28480968,0.35640386,0.4900307,0.43616518,0.46115315,0.48623762,0.4330028,0.37891933,0.25262356,0.2250395
0.2601263,0.20469859,0.22438593,0.27860162,0.32579902,0.35123825,0.3237322,0.3512533,0.32086834,0.3431382,0.35232532,0.30611882
0.32238317,0.36451846,0.36629698,0.4126528,0.5460586,0.549635,0.43905652,0.3950296,0.35002446,0.28302604,0.26896647,0.2808891
0.31105837,0.24168421,0.30257204,0.3188698,0.3314552,0.41345462,0.50353634,0.49779114,0.35966766,0.27764907,0.31015193,0.32590458
0.42354724,0.38941905,0.3184091,0.36574325,0.29529443,0.263342,0.30606577,0.41098776,0.37490252,0.31622538,0.34602565,0.36263603
0.28495324,0.2775558,0.34632957,0.4606978,0.45715934,0.38458857,0.41021872,0.40811515,0.31920606,0.32745677,0.34392917,0.25299212
0.1763907,0.17225169,0.21554478,0.27245417,0.3289002,0.43639493,0.5244475,0.57508373,0.44430074,0.32565737,0.29149023,0.22591846
0.30942938,0.3067274,0.2819305,0.25886205,0.28415304,0.2917488,0.26461396,0.38681787,0.44668654,0.42821875,0.42582336,0.3602844
0.33842856,0.33324093,0.2263103,0.21075596,0.23811497,0.2362693,0.27206808,0.36351126,0.36512578,0.3769103,0.44873652,0.37080508
0.26288152,0.20510322,0.20622703,0.24722043,0.30899468,0.2861007,0.31384763,0.4254947,0.5046973,0.43131477,0.38603553,0.32564518
0.2042666,0.21607193,0.2539206,0.34439173,0.43496308,0.4563394,0.54340804,0.5616356,0.47233564,0.3244316,0.29363438,0.23152809
0.3662947,0.24024123,0.26444626,0.31437933,0.3672604,0.34632018,0.33006224,0.38531438,0.32803553,0.30637378,0.31098765,0.3696525
0.3715298,0.36956638,0.36509424,0.43129888,0.5265093,0.52759385,0.4981877,0.55035293,0.4514298,0.47264972,0.48742524,0.40074855
0.2669407,0.2802324,0.34052753,0.42258573,0.44237748,0.46020943,0.5332079,0.58885217,0.5066674,0.42882767,0.34400362,0.26871315
0.3438651,0.3964789,0.34863126,0.33148938,0.4009608,0.47240666,0.53199995,0.5796421,0.47894385,0.4021339,0.32483047,0.29862398
0.28618413,0.2949799,0.33281395,0.40497676,0.48622814,0.51593053,0.52919,0.5218156,0.44509736,0.4112257,0.35357344,0.29325408
0.2725557,0.24838917,0.2396487,0.29965523,0.42793107,0.5069437,0.58417594,0.5295257,0.406262,0.3063671,0.27643198,0.26655966
0.3708392,0.31909674,0.26251382,0.23951297,0.28706586,0.23029782,0.19492379,0.2626751,0.35834205,0.4311768,0.52071697,0.47665083
0.26223058,0.2630893,0.33010945,0.43062675,0.5252197,0.47785693,0.35179377,0.35864884,0.40348136,0.3597274,0.30441856,0.2740126
0.262593,0.2685235,0.313412,0.35146478,0.38517433,0.36758298,0.32939577,0.38088995,0.4144526,0.4585708,0.46792176,0.33713546
0.31138244,0.27950218,0.27798116,0.3110005,0.29208925,0.2859543,0.27281907,0.34336582,0.47330034,0.46615517,0.46110475,0.41008094
0.2539146,0.22803882,0.2466831,0.2840335,0.4578445,0.5347457,0.49039105,0.46544865,0.4625247,0.4523469,0.3787141,0.3133764
0.42334333,0.33476165,0.23659961,0.25291628,0.27925113,0.28415853,0.25096276,0.24031237,0.23323016,0.2940418,0.3892153,0.43919775
0.26733327,0.3322469,0.3245438,0.32492322,0.38207778,0.37746102,0.50761,0.6173234,0.4659977,0.37167794,0.29915634,0.25608844
0.24015923,0.21650665,0.2526585,0.27489626,0.32391143,0.38423616,0.36358872,0.43315235,0.57118905,0.51153207,0.41484615,0.31269163
0.32177964,0.3238479,0.34205872,0.37453422,0.35669872,0.30417505,0.31129038,0.42490077,0.44402128,0.4381395,0.36423206,0.31056625
0.4657322,0.33925477,0.29607877,0.31033015,0.30096436,0.30904922,0.39643833,0.41723305,0.34299684,0.35860685,0.3375125,0.3609756
0.33884877,0.283239,0.29650635,0.32774213,0.40022388,0.3541593,0.32419288,0.4555854,0.3954497,0.35290122,0.39812097,0.33264142
0.37323385,0.26485366,0.23837966,0.24847494,0.26261973,0.3066644,0.31107065,0.3117548,0.3308681,0.38340884,0.4397969,0.47171137
0.18054236,0.18234347,0.18162479,0.2091031,0.3194522,0.41139856,0.43166444,0.49017796,0.44539553,0.38528416,0.26344383,0.18370274
0.26166338,0.24083346,0.30179462,0.3508354,0.3645351,0.34208998,0.4558315,0.5043817,0.3951194,0.47481492,0.4322203,0.27131337
0.3630227,0.3379517,0.2877431,0.30318862,0.38472128,0.38685715,0.36925942,0.25322333,0.19616297,0.18977375,0.24347992,0.3445212
0.43138716,0.36655384,0.34412256,0.30131307,0.2870181,0.3586033,0.32929915,0.28938115,0.2749906,0.27382183,0.33895633,0.40414307
0.38966516,0.4039787,0.3132656,0.3262369,0.4856733,0.5686098,0.3829385,0.3681001,0.3652077,0.33716756,0.350958,0.38894466
0.23432718,0.2057642,0.2511994,0.34092435,0.44817358,0.3692495,0.30572134,0.35327193,0.40948865,0.4302619,0.31950772,0.24569024
0.28817004,0.23495845,0.22992738,0.22872676,0.24747178,0.26445353,0.27310288,0.35804772,0.3556975,0.34196493,0.35851943,0.363054
0.27762026,0.34241554,0.29900748,0.3781052,0.5412187,0.67058146,0.5681815,0.46058843,0.42050064,0.30716556,0.27986088,0.26144436
0.28969166,0.24153115,0.26570866,0.36031362,0.38962698,0.38384935,0.42049327,0.50053644,0.4994646,0.434592,0.35475212,0.31742373
0.35199535,0.3812188,0.28301543,0.28036356,0.29106614,0.33812833,0.45897415,0.5353179,0.5187586,0.4880203,0.36884657,0.29526424
0.31845754,0.27404904,0.23280305,0.31200463,0.45166287,0.4404105,0.39238736,0.44008017,0.41332385,0.42697436,0.4809783,0.44025972
0.2336484,0.22183181,0.24465111,0.30471256,0.31749988,0.34546337,0.3865593,0.5016442,0.56511784,0.35155126,0.26066667,0.266338
0.38941872,0.31200945,0.2881959,0.26369253,0.33498645,0.3548669,0.46432266,0.55026346,0.45766693,0.3584955,0.3635244,0.39104173
0.26216683,0.31340644,0.34355572,0.38452676,0.4567058,0.49555022,0.43504637,0.44104943,0.3866453,0.27551267,0.2344429,0.24141385
0.34194842,0.34119135,0.3508194,0.43272725,0.5257231,0.5505175,0.4725387,0.4576497,0.39753097,0.39651734,0.33717963,0.28713635
0.373827,0.32379016,0.34287155,0.380072,0.46996328,0.43602228,0.37164623,0.36589596,0.4254205,0.4387664,0.45896947,0.47461793
0.19964291,0.29348174,0.35570744,0.42638737,0.52942044,0.49664554,0.44543722,0.4129607,0.26524994,0.22460212,0.21549454,0.17503609
0.37049034,0.41573045,0.31801584,0.32121122,0.28210273,0.28363723,0.37104273,0.5350118,0.43846148,0.3220477,0.3092514,0.2848034
0.21457747,0.26435137,0.3582877,0.3960319,0.4256465,0.47291136,0.5260472,0.55445117,0.46403712,0.3350151,0.24737439,0.21089973
0.32675457,0.27055344,0.27197516,0.31622723,0.37006843,0.33274427,0.33626124,0.3937507,0.33740425,0.28198612,0.3132482,0.38777134
0.29522905,0.27083224,0.2717556,0.34383228,0.39107475,0.4294941,0.45224687,0.48287266,0.4020151,0.26083168,0.2814539,0.3327418
0.16637214,0.22942397,0.25171345,0.32786137,0.4595794,0.4935846,0.4993726,0.45309436,0.384118,0.32837087,0.21795939,0.15411457
0.29770702,0.28627658,0.27862456,0.28405634,0.342174,0.3642505,0.33264992,0.38036814,0.45837197,0.5314828,0.4557787,0.36152926
0.2822022,0.27875692,0.29669663,0.38634774,0.42076394,0.42550102,0.4170179,0.42200974,0.4135225,0.31451446,0.22953278,0.23185864
0.31594795,0.30015507,0.29104242,0.3858142,0.49030906,0.47786602,0.45769644,0.46989703,0.5037106,0.45037776,0.35697368,0.30732208
0.40808025,0.3099318,0.27720258,0.3434624,0.3774962,0.39074787,0.3893367,0.42899305,0.40417418,0.38338515,0.3843421,0.4090035
0.29526758,0.30958378,0.29745305,0.31214747,0.35218072,0.3619415,0.36350676,0.46891037,0.5509467,0.5094311,0.38473114,0.2862242
0.348595,0.34409872,0.36202738,0.37049785,0.35528064,0.33482945,0.42232147,0.4992816,0.45540845,0.3990673,0.37089473,0.3856795
0.37169942,0.24762297,0.25774205,0.3278733,0.38579485,0.4446909,0.4602324,0.44488814,0.41370898,0.4569307,0.4684935,0.50623065
0.3792618,0.39148286,0.38353845,0.34610587,0.44545195,0.41565928,0.34820205,0.42376494,0.44240767,0.37382498,0.3436162,0.3319473
0.21216522,0.19076693,0.2731875,0.27038965,0.36068147,0.38082474,0.36880106,0.4412186,0.44873586,0.40864867,0.38255948,0.3214641
0.30186817,0.3188563,0.32436582,0.33799514,0.39688826,0.43823808,0.45437652,0.59582883,0.54945225,0.4061876,0.35963625,0.31127906
0.39830604,0.35628128,0.2883981,0.28884834,0.2970823,0.27296504,0.23946118,0.29813093,0.32697475,0.36751541,0.44897947,0.45121133
0.5321733,0.40934417,0.32205316,0.36963287,0.39300293,0.46377224,0.41279098,0.41635576,0.33876154,0.32964084,0.35795054,0.39403814
0.43897668,0.49074057,0.40415597,0.35716936,0.38438004,0.37273076,0.30970752,0.27306148,0.2905011,0.31712088,0.30190176,0.31433544
0.23909569,0.24342896,0.22493921,0.30231747,0.40864342,0.40006515,0.4319218,0.49321055,0.41581637,0.36579558,0.3056019,0.24585047
0.26479095,0.24521849,0.24685352,0.3073588,0.4303386,0.4287836,0.41852337,0.52392703,0.440375,0.36329314,0.39379218,0.38084173
0.35666668,0.35163185,0.3235934,0.38831514,0.4083264,0.44833833,0.4617146,0.4284669,0.4022648,0.40183964,0.3439205,0.33872402
0.19329037,0.2467396,0.29797214,0.30774277,0.37750417,0.4638272,0.4734133,0.51501167,0.4984756,0.45611107,0.30055353,0.2041021
0.39186904,0.27144623,0.24492499,0.2999154,0.4049466,0.4384528,0.38978073,0.3392704,0.27767253,0.34179005,0.4278678,0.40669984
0.24922936,0.27358988,0.26003715,0.32997453,0.39651063,0.36680302,0.45690495,0.5228311,0.46428356,0.4115385,0.31963634,0.24188094
0.1560592,0.22860815,0.26287878,0.29229894,0.3358457,0.42629942,0.482289,0.48325142,0.42865235,0.32689106,0.21468377,0.13739729
0.2586553,0.30637527,0.31190622,0.3431535,0.521711,0.5428863,0.4463837,0.5273123,0.46268845,0.42371196,0.41188794,0.29385525
0.33512312,0.31918103,0.39789522,0.52363676,0.5168342,0.46678135,0.44860652,0.417329,0.3696919,0.37426054,0.36359686,0.37161112
0.2733458,0.27357867,0.28905177,0.36196467,0.44792897,0.5066457,0.4822961,0.43301973,0.4618165,0.5058057,0.31916338,0.26183018
0.3187696,0.32355154,0.26372755,0.25779006,0.29497632,0.3682108,0.45363113,0.49884918,0.4745231,0.39932817,0.41289592,0.39174208
0.24270104,0.26143667,0.29573417,0.37402236,0.4205739,0.43652284,0.41365638,0.39448705,0.38344178,0.2968268,0.22678733,0.18520463
0.32143554,0.28575698,0.29906547,0.39928183,0.4490381,0.454156,0.39492336,0.36504936,0.40529978,0.42180544,0.41871417,0.3574018
0.16180624,0.18762581,0.2974249,0.43819708,0.5870054,0.5351188,0.44878137,0.45964104,0.44062147,0.3467258,0.32675433,0.2504318
0.33127466,0.35417175,0.29373252,0.37314236,0.48047778,0.5051778,0.49197865,0.4549314,0.44149277,0.34723422,0.33067805,0.35534617
0.29206696,0.2708781,0.31486818,0.3538423,0.38687927,0.44731113,0.52306837,0.610936,0.5053129,0.33454037,0.26392165,0.27732563
0.3121274,0.2782418,0.29298195,0.377972,0.3483722,0.3550181,0.40445822,0.5118726,0.5478966,0.3847775,0.34517556,0.3281475
0.24050747,0.24318928,0.35172406,0.4299184,0.48863378,0.47383446,0.40962422,0.35073313,0.29948404,0.3964431,0.38076994,0.29242018
0.32497653,0.38670757,0.31066146,0.3077491,0.34738484,0.43213812,0.5207817,0.51464325,0.46861356,0.4130811,0.32971656,0.27076194
0.21029489,0.21085367,0.22839618,0.25785843,0.33306336,0.3912417,0.45990625,0.47530645,0.40734512,0.38784197,0.35509703,0.23659621
0.31025335,0.32504943,0.33178946,0.44195077,0.47833505,0.517927,0.45439568,0.40113816,0.34992677,0.3371641,0.33227316,0.28628275
0.35072124,0.33811307,0.37563136,0.49432594,0.5862715,0.5752831,0.4422901,0.40253806,0.4323873,0.43185073,0.41269252,0.3462842
0.33351406,0.3182176,0.34044167,0.39619315,0.4776063,0.5224314,0.46051362,0.37103522,0.30969796,0.24831825,0.2338596,0.2535813
0.34479845,0.35813934,0.36230984,0.40155873,0.39447463,0.37249246,0.36066088,0.35610518,0.33714303,0.2504183,0.27317622,0.32293445
0.25429732,0.26601055,0.32075503,0.37903666,0.43434623,0.515672,0.42033282,0.38934192,0.29766643,0.22870521,0.23908095,0.25393334
0.38718212,0.31510577,0.29021627,0.4011009,0.5108764,0.5546117,0.45963946,0.45143086,0.3984259,0.35131544,0.27318624,0.28746524
0.30835822,0.25981575,0.2691059,0.28635657,0.34892642,0.39317238,0.43770665,0.43415698,0.30792314,0.3533079,0.4035929,0.34931427
0.3059242,0.22375672,0.21003911,0.25705764,0.32756796,0.4052259,0.39420155,0.37265214,0.36565807,0.36187622,0.41732606,0.3870194
0.29465732,0.29215798,0.31310004,0.35965768,0.41958085,0.45506185,0.39852053,0.41321,0.40069333,0.36950073,0.43905422,0.37061784
0.3487911,0.31413162,0.3349502,0.4317882,0.38548145,0.35432464,0.33875903,0.36212352,0.40045893,0.4057216,0.45837805,0.41585594
0.17503692,0.16176441,0.23617277,0.32643682,0.40164635,0.3883067,0.38699082,0.4454751,0.51581055,0.3520669,0.2768398,0.2288095
0.31958663,0.3878837,0.4248922,0.46309924,0.49116787,0.4731224,0.45430338,0.42389208,0.39049855,0.3672732,0.32796386,0.3097121
0.34881738,0.26866424,0.24812861,0.26255062,0.289726,0.35198864,0.33921856,0.35584202,0.38529354,0.40433526,0.4230114,0.41217357
0.45134646,0.37281743,0.30167022,0.37207964,0.42405748,0.46088526,0.40834233,0.4172278,0.45384264,0.40216252,0.39334056,0.39262068
0.20632228,0.2559281,0.28560907,0.3093808,0.4318474,0.50330627,0.450999,0.5286411,0.535627,0.40866336,0.33653942,0.23429282
0.27991787,0.30673105,0.3549123,0.45422724,0.5437886,0.52938604,0.42124665,0.37815803,0.33516845,0.29871517,0.28714663,0.2716846
0.44899103,0.41416606,0.4122074,0.47806045,0.5897361,0.6275417,0.5862298,0.48196542,0.4131741,0.39903206,0.3165411,0.29245645
0.26781556,0.24933481,0.25635698,0.27528423,0.33444607,0.37585118,0.33884308,0.40881115,0.3970619,0.42729914,0.49522302,0.40073577
0.3183753,0.3954765,0.44994348,0.54211134,0.540081,0.53899443,0.49432567,0.43595544,0.38335586,0.33740214,0.27317917,0.2639904
0.26723728,0.2673744,0.28232256,0.28720525,0.33624166,0.3365284,0.32966083,0.37173495,0.44018707,0.5824735,0.48225915,0.32835436
0.3463966,0.37928528,0.3102476,0.3839489,0.55203176,0.63387406,0.5873222,0.41667008,0.3110455,0.25762132,0.25404602,0.27169743
0.27046505,0.3738216,0.40809318,0.38034326,0.36314136,0.3560703,0.39358833,0.4099958,0.41298342,0.4064561,0.31608146,0.2595406
0.21564025,0.23032352,0.21865149,0.27918264,0.3764845,0.41030183,0.40294775,0.4344167,0.41464856,0.40367478,0.3659703,0.22991027
0.4541021,0.43856296,0.330995,0.2987487,0.29292354,0.32526815,0.36085534,0.40409052,0.30501714,0.29203445,0.35059735,0.35178253
0.26213077,0.23093528,0.22050668,0.2528433,0.2942375,0.35772544,0.4637418,0.5196736,0.47143072,0.40911227,0.35528094,0.30001405
0.40775093,0.32276428,0.208471,0.19889142,0.21749699,0.24352813,0.2591742,0.34349087,0.39747468,0.3482739,0.40027764,0.41445085
0.3921349,0.40258306,0.38857302,0.33954233,0.34593803,0.3544686,0.3970948,0.5522892,0.50651544,0.40511888,0.41669017,0.38803834
0.4280576,0.3823562,0.31613255,0.31580248,0.45887783,0.4398629,0.30874157,0.27259728,0.28275394,0.30147585,0.3468197,0.38104472
0.3114803,0.25847104,0.26701638,0.37632918,0.38557568,0.36465883,0.37841257,0.44998264,0.48145196,0.4215379,0.39355308,0.348019
0.47125724,0.26230872,0.2432569,0.32325548,0.33617663,0.3679739,0.38552088,0.36431423,0.33947793,0.35098588,0.381445,0.52365744
0.22894143,0.27458584,0.27822056,0.26729485,0.30881336,0.3273429,0.31800014,0.39022118,0.35079008,0.3996756,0.3851111,0.26600292
0.21276024,0.19257787,0.20824221,0.27472883,0.4001536,0.39388272,0.30248314,0.3231085,0.4370038,0.48391855,0.47660372,0.34173337
0.30777302,0.24980956,0.24623154,0.28931794,0.32362542,0.36244264,0.33628657,0.35885102,0.37121516,0.36333093,0.2986265,0.26066107
0.20742886,0.22425655,0.22611497,0.31826955,0.45055628,0.4516243,0.45146346,0.46409434,0.37180665,0.30262825,0.24935323,0.20348704
0.36781552,0.24325223,0.25574917,0.35156304,0.408822,0.45888114,0.41315168,0.3168187,0.3088186,0.34366554,0.3961833,0.44501576
0.24681027,0.262717,0.22962005,0.23382892,0.35104308,0.46077308,0.48852655,0.52042204,0.36765024,0.2998871,0.2548451,0.2762453
0.38939157,0.5266767,0.46805662,0.44031656,0.4642919,0.4700975,0.5129911,0.5018546,0.38075894,0.39875105,0.37034765,0.32440487
0.48590818,0.3708392,0.36538586,0.3274538,0.3099433,0.3037916,0.3201216,0.36320156,0.28589618,0.320911,0.36674684,0.40022054
0.28768322,0.31002524,0.35477456,0.39738894,0.49986264,0.6003714,0.52959913,0.49939993,0.48774046,0.43716815,0.35444003,0.31191695
0.3802095,0.2686726,0.25488585,0.3226305,0.3375518,0.35403094,0.36763522,0.41306686,0.46489757,0.48185372,0.374256,0.42793578
0.2485528,0.30106458,0.3474462,0.40940234,0.564672,0.548224,0.46331114,0.37089643,0.31772053,0.30841368,0.2507355,0.22812295
0.4269523,0.43860233,0.45711455,0.5308859,0.5820067,0.5622809,0.4600314,0.47559997,0.49108195,0.37841624,0.35049266,0.3853045
0.2462083,0.274677,0.42867848,0.40450218,0.41725504,0.43622062,0.45986354,0.5671562,0.45122674,0.36495778,0.3453378,0.26702586
0.38201576,0.35473242,0.34049258,0.40066773,0.4325693,0.35573182,0.32486162,0.3700416,0.3457012,0.3424078,0.34375182,0.3452509
0.18817092,0.24414344,0.30536708,0.30464894,0.3367658,0.32951754,0.37277856,0.5225441,0.46722686,0.31433448,0.24347351,0.2096208
0.24361092,0.24856907,0.37465647,0.43345693,0.4121675,0.42890027,0.39548245,0.4494638,0.3897384,0.25596404,0.33160928,0.32666785
0.26353478,0.32795238,0.40376616,0.40436873,0.40864888,0.40461588,0.44830284,0.50801957,0.47221392,0.32764295,0.3000549,0.25510436
0.42516476,0.36536792,0.3565026,0.3834167,0.4575773,0.5045883,0.5153963,0.59827465,0.55816936,0.4329743,0.41202286,0.46585697
0.28821835,0.22277309,0.30972573,0.29471758,0.26623434,0.23904516,0.25941446,0.327206,0.2868616,0.39428473,0.55317694,0.4243916
0.15654786,0.16392964,0.16735175,0.2040073,0.2801687,0.3399467,0.343678,0.38771653,0.38153353,0.46477512,0.47870827,0.23520057
0.27113074,0.27694926,0.30714974,0.4014742,0.49883357,0.4701035,0.42104903,0.38019732,0.45725676,0.38626865,0.30286816,0.29536965
0.2448557,0.20225774,0.2592007,0.37716138,0.41899586,0.40792874,0.30836222,0.28492403,0.30585653,0.4515588,0.49525595,0.29392746
0.31096444,0.34172595,0.38688162,0.4749959,0.4831291,0.42203808,0.4415614,0.46894065,0.4569144,0.43491238,0.41700846,0.35111997
0.42077783,0.38720182,0.26355305,0.29671383,0.32455605,0.35996303,0.32877392,0.36722007,0.4119768,0.35758132,0.28142884,0.32542762
0.20756648,0.1974029,0.2304831,0.32909253,0.4176959,0.49182394,0.51434547,0.49325645,0.47047666,0.39063558,0.33919474,0.22912137
0.4744065,0.5262494,0.42744046,0.38119316,0.38120744,0.44193223,0.37940234,0.4033336,0.39593226,0.409115,0.4132503,0.38335326
0.45297053,0.36652297,0.33377692,0.4332224,0.44704893,0.41892478,0.39514846,0.45915046,0.43788514,0.38357708,0.39251637,0.40302446
0.25803366,0.3617708,0.40400574,0.3567496,0.39351663,0.42599767,0.4357168,0.38679302,0.37038177,0.34827283,0.30741805,0.2396542
0.2465459,0.28424984,0.35032365,0.44061184,0.49577668,0.52035075,0.5079572,0.43227845,0.4029928,0.42339548,0.30848873,0.22665685
0.22781175,0.20549144,0.22023523,0.25572437,0.3141781,0.33579746,0.36162552,0.40923244,0.4544875,0.50083447,0.524629,0.35449317
0.25059828,0.22747336,0.22309685,0.28365868,0.34322634,0.3335117,0.37873873,0.47684473,0.4679952,0.415588,0.3121883,0.2571775
0.38933998,0.3184792,0.31463256,0.3325948,0.3933113,0.43300894,0.36190203,0.3344464,0.3353402,0.37865835,0.45525354,0.48804945
0.24149793,0.2461129,0.29776374,0.39468896,0.47663003,0.48662624,0.48023137,0.5097773,0.44617862,0.38673788,0.3569386,0.28155562
0.2610571,0.27933657,0.30322438,0.30713594,0.399847,0.43432507,0.4740704,0.5105025,0.46743882,0.36341572,0.26436654,0.2626685
0.42670226,0.34896943,0.2728497,0.30148947,0.33493805,0.3473462,0.30767608,0.27425206,0.2740055,0.27292308,0.34796965,0.37158254
0.28181997,0.25759324,0.2990131,0.30821145,0.39958575,0.48389825,0.44207552,0.3983344,0.3685013,0.3943651,0.4777437,0.3412477
0.44889534,0.3805423,0.33500585,0.33390602,0.36233458,0.41272894,0.42046043,0.45782268,0.35613975,0.29543892,0.36844456,0.40195492
0.36030787,0.2800744,0.25399092,0.34307402,0.443234,0.41345912,0.38206637,0.39772695,0.40403602,0.36734298,0.35138327,0.42947912
0.29048827,0.2367793,0.2609006,0.27318943,0.32218805,0.47014567,0.4456812,0.47129634,0.44490784,0.33674,0.40447262,0.39686564
0.3503085,0.27455634,0.2396824,0.25007504,0.26432392,0.26105183,0.3052032,0.44168928,0.4581162,0.43878308,0.4370002,0.40732577
0.29519913,0.2482528,0.27670678,0.3194036,0.3717633,0.39768863,0.3416713,0.32845035,0.34351364,0.4273998,0.53057927,0.39805993
0.41189864,0.40033737,0.37584478,0.36605555,0.34201014,0.32843906,0.26242214,0.30907312,0.29107288,0.28547165,0.36334804,0.35370836
0.20510621,0.25196916,0.23009783,0.2845198,0.397159,0.43022168,0.40449563,0.36550263,0.37227136,0.33390507,0.27866068,0.20411938
0.23166664,0.2405994,0.2752159,0.36196202,0.39975658,0.4581446,0.52923024,0.51171446,0.49763954,0.38038078,0.29614097,0.23850648
0.32609814,0.25478902,0.22113305,0.23880637,0.25090033,0.3330679,0.31277597,0.2886303,0.24687634,0.28772593,0.50771433,0.4814736
0.24952213,0.33509374,0.36185572,0.42396292,0.44945106,0.4451292,0.53564864,0.55782604,0.4957628,0.3602383,0.24259882,0.2161176
0.40785807,0.32449007,0.2907568,0.322014,0.38433012,0.3254926,0.2762766,0.36593285,0.34425947,0.25189745,0.27930164,0.37318352
0.25578952,0.29680943,0.30054414,0.41457915,0.46433294,0.39707804,0.35814726,0.3262742,0.43790138,0.3862219,0.35880715,0.31225374
0.35893378,0.2530075,0.23311935,0.2970919,0.32208973,0.33456692,0.3022985,0.3201961,0.33122313,0.32383943,0.4036988,0.4280787
0.3808933,0.3771332,0.31141958,0.39442226,0.44719428,0.41495916,0.3563041,0.4339473,0.44363296,0.40350923,0.40501267,0.36221978
0.35654956,0.3257719,0.3134798,0.3201447,0.28988576,0.30523348,0.30114314,0.34261772,0.33476645,0.31079173,0.3502223,0.34230423
0.39475903,0.3583158,0.3891445,0.42552266,0.4360399,0.44308838,0.3179144,0.28101662,0.29433975,0.3046543,0.4114219,0.4596985
0.3580528,0.28865147,0.37026575,0.46776342,0.3505663,0.35769477,0.35488355,0.37583476,0.4537444,0.42064172,0.54753345,0.43863362
0.22646075,0.2611372,0.269076,0.2610071,0.26970336,0.29128677,0.3969711,0.5337242,0.40402964,0.36351952,0.32353085,0.23930594
0.3352488,0.32641265,0.34646076,0.41422275,0.42403635,0.3636644,0.33656147,0.37313107,0.40452513,0.32351065,0.2714384,0.3225755
0.2292093,0.29792857,0.2802119,0.27024725,0.2968339,0.29540113,0.33565935,0.40555066,0.45576313,0.48663104,0.41391173,0.2698401
0.23897901,0.24412748,0.24457331,0.30012402,0.40301728,0.403928,0.3941283,0.42902732,0.3457733,0.39429465,0.43381065,0.25237897
0.4040196,0.2743872,0.20170295,0.24336621,0.2992617,0.3337246,0.35793474,0.39075544,0.3472639,0.30256492,0.3404434,0.44830602
0.3127167,0.30567363,0.32393965,0.30148745,0.3567682,0.3818839,0.31621116,0.39328358,0.46459758,0.4412713,0.51587313,0.38562512
0.27036467,0.27836233,0.234934,0.2515314,0.30000383,0.34359893,0.41609725,0.4953848,0.47208384,0.40800497,0.3668738,0.3159458
0.32409158,0.3378552,0.27844545,0.26896235,0.32223782,0.31833,0.29643294,0.36487702,0.41140026,0.44667938,0.37038627,0.35508704
0.38231978,0.29454768,0.29054677,0.34657452,0.365741,0.3596817,0.32174942,0.34925425,0.35752538,0.3666791,0.45451784,0.42056942
0.31703708,0.23997588,0.27238858,0.31290463,0.33272755,0.35784394,0.3736327,0.43518186,0.46489233,0.42268887,0.3762158,0.38975933
0.42946047,0.33277747,0.26920223,0.24670933,0.33314034,0.44964337,0.40916544,0.39129853,0.29696772,0.24259952,0.21364015,0.2767411
0.2987456,0.34349298,0.33865085,0.35781482,0.42634284,0.4583095,0.4447018,0.45331344,0.398132,0.29636863,0.26818234,0.2500959
0.19306758,0.18580115,0.23316275,0.36032507,0.5152149,0.50686914,0.48344567,0.4159787,0.32834226,0.27607056,0.22784989,0.21422647
0.30309126,0.3892536,0.43871507,0.3924001,0.42668924,0.43386856,0.401482,0.47082093,0.52884424,0.44393012,0.3232376,0.25681436
0.32995647,0.29067397,0.25608018,0.2778083,0.35530216,0.44038993,0.4313976,0.39001328,0.38450208,0.32985842,0.3814864,0.46274394
0.26888487,0.26183006,0.30796295,0.34362948,0.41299364,0.44447318,0.4667811,0.48399892,0.37090796,0.2272424,0.18122773,0.20664905
0.26620921,0.29738843,0.32045642,0.30301097,0.35362107,0.3503122,0.36094582,0.4320191,0.43975997,0.37362355,0.32279375,0.27334005
0.2193737,0.2575221,0.32225734,0.3728591,0.4237969,0.4590411,0.51483935,0.547723,0.4673348,0.37644002,0.29302308,0.2702895
0.43236125,0.31048378,0.25743675,0.29253632,0.37989533,0.4827234,0.40638566,0.3126316,0.28278315,0.27076706,0.35625297,0.454284
0.37132904,0.33302036,0.3241858,0.34814823,0.39820325,0.3991825,0.4148946,0.4269842,0.36497214,0.31583032,0.3277649,0.36076945
0.32760325,0.35279387,0.2893424,0.29649234,0.35615167,0.43908954,0.5122365,0.5271928,0.46675584,0.4249164,0.39989957,0.30022132
0.3415185,0.2942718,0.35079038,0.4375505,0.53073627,0.5429595,0.5546594,0.534561,0.4255889,0.36077398,0.35037947,0.33510724
0.31511873,0.29643244,0.32908067,0.45105776,0.5019187,0.43861222,0.37867957,0.4381433,0.41862527,0.3374959,0.35700452,0.329018
0.3135058,0.2712781,0.28904945,0.3575757,0.3900329,0.37499753,0.35206413,0.3847796,0.38735282,0.36664444,0.37304416,0.3236281
0.27023512,0.3643702,0.46815926,0.5065197,0.43853882,0.41925535,0.47259894,0.49423465,0.4100131,0.36045465,0.3395805,0.26109597
0.28348187,0.2388147,0.32137764,0.37718114,0.40680817,0.4402295,0.45730382,0.5120639,0.50418097,0.4776109,0.27988395,0.23727699
0.55583584,0.48125318,0.4088561,0.45615715,0.51490027,0.52603936,0.46992558,0.41351646,0.37861505,0.32019043,0.37562215,0.5111364
0.44204137,0.3322981,0.2949715,0.43040717,0.502135,0.5000629,0.44317245,0.42393482,0.35013458,0.35791615,0.4172249,0.4631282
0.21455188,0.347567,0.31881273,0.272204,0.30145508,0.3159256,0.41194588,0.4487335,0.466589,0.5123353,0.3311455,0.22290513
0.38497806,0.28816497,0.32160228,0.37515703,0.37883362,0.36713833,0.35273865,0.35234827,0.34845096,0.38295037,0.37219402,0.39692053
0.36393347,0.3099435,0.32587233,0.3688235,0.34733704,0.31711128,0.3564649,0.3826971,0.41218734,0.5204576,0.39690867,0.41040668
0.2304502,0.26036668,0.44178152,0.49620345,0.44482675,0.46053565,0.5179542,0.5750068,0.427578,0.3540137,0.37341335,0.28802177
0.32141855,0.27987385,0.35454324,0.29547548,0.26790065,0.34027457,0.35893878,0.37363735,0.3414107,0.3676889,0.39267036,0.38547373
0.2852696,0.3156682,0.32915416,0.33443445,0.34701845,0.3860686,0.42784443,0.46250132,0.45029286,0.41914114,0.38136712,0.29263723
0.23041597,0.24171114,0.29949367,0.4678157,0.56373,0.46953857,0.37414038,0.36503157,0.36304978,0.3576434,0.3493094,0.30765903
0.33427793,0.3009606,0.28659368,0.30154294,0.31680366,0.35590714,0.35906208,0.3790552,0.36254483,0.41764626,0.40490127,0.34049895
0.18104088,0.20170319,0.26482853,0.29712936,0.27888566,0.30191106,0.3631486,0.50546217,0.5288727,0.35155123,0.24396749,0.1928546
0.3010754,0.263375,0.22985452,0.27958727,0.34216863,0.36407447,0.3251973,0.26867104,0.25266245,0.3343212,0.33717197,0.28621918
0.40692854,0.37147394,0.3345733,0.3582649,0.41805106,0.34705535,0.33307338,0.46788472,0.50932467,0.43365186,0.54477453,0.45570615
0.35047677,0.3232889,0.3405829,0.33539468,0.3530337,0.34809828,0.27886075,0.25591427,0.24905188,0.23117901,0.32879332,0.39903224
0.3129377,0.42149505,0.3902748,0.3733748,0.3943616,0.42877614,0.4908541,0.50041157,0.37846187,0.23192543,0.21079023,0.23513488
0.23692013,0.26705113,0.2932707,0.2676024,0.28083006,0.32141328,0.3566012,0.48717427,0.5492729,0.51233757,0.34761316,0.23922826
0.29340503,0.32306355,0.3175559,0.38788542,0.41850084,0.32594216,0.36200106,0.42862552,0.4239816,0.40851933,0.29645917,0.25965655
0.2459616,0.3426213,0.38158596,0.4702813,0.4453847,0.41790554,0.413416,0.46654382,0.50820607,0.40627882,0.3213538,0.22322415
0.35503718,0.28627047,0.32099077,0.41917604,0.586777,0.5934798,0.4166533,0.40139344,0.37345016,0.31673154,0.36894196,0.36255896
0.21707623,0.25383496,0.39196095,0.4011337,0.48557436,0.54047465,0.52313346,0.55097824,0.47529396,0.4031954,0.33679742,0.24367379
0.27844542,0.30367112,0.3475521,0.43546343,0.44176382,0.52977,0.5256303,0.4744413,0.38996273,0.32943186,0.31387058,0.26607254
0.4012074,0.35772756,0.31624988,0.3269978,0.3416313,0.38861972,0.3534759,0.36233348,0.34495455,0.30578583,0.34002933,0.4265948
0.27567625,0.27426833,0.28029525,0.31737688,0.3845285,0.39540505,0.39618704,0.50208783,0.5348675,0.43936926,0.4921664,0.38554102
0.41901234,0.33117062,0.32266495,0.39375883,0.44708,0.3324863,0.2834242,0.27917495,0.34648785,0.36837363,0.41605014,0.50657314
0.19852786,0.18999004,0.20427036,0.28353983,0.4139793,0.43886018,0.3601815,0.426459,0.49716347,0.45266116,0.42608336,0.26774344
0.2657045,0.2665758,0.26970688,0.28168792,0.3757061,0.39274642,0.41857728,0.49276564,0.45979175,0.36500704,0.3610744,0.29908943
0.20185897,0.22766997,0.2808435,0.329568,0.3538033,0.42106912,0.43055537,0.5340175,0.5765814,0.31594852,0.23213544,0.20667177
0.21257424,0.23989694,0.33721825,0.42686784,0.45453694,0.5019634,0.4850766,0.45830402,0.47696593,0.4671925,0.33217806,0.22047806
0.41795483,0.37399587,0.3386249,0.394065,0.35734215,0.30842176,0.29330477,0.38499445,0.36712474,0.2976385,0.29485202,0.32830846
0.30861098,0.30197406,0.27446744,0.3399105,0.4159223,0.45224166,0.5004286,0.4711489,0.40686104,0.49330387,0.3998213,0.29790363
0.35156596,0.451295,0.4206914,0.35908467,0.38679165,0.34235612,0.3837358,0.38577405,0.36614493,0.3996276,0.40155837,0.37614188
0.27873912,0.3090514,0.34090444,0.3401011,0.34642163,0.37481233,0.4426301,0.4896414,0.41183314,0.2870242,0.22042365,0.23880188
0.27148488,0.2994684,0.30594325,0.32989076,0.39965343,0.47503436,0.5175663,0.50591063,0.45549536,0.42269897,0.3873237,0.30752805
0.31206614,0.31080848,0.3039231,0.29954123,0.3752845,0.50857484,0.4428673,0.51178896,0.49890274,0.40159726,0.3999449,0.35681307
0.22220759,0.27684197,0.3617696,0.48219195,0.5269216,0.5180664,0.46742707,0.39214703,0.3148997,0.26997122,0.21917556,0.2014203
0.31803274,0.23089787,0.27925393,0.34051698,0.4310347,0.52734023,0.4420034,0.32514578,0.29431194,0.3848738,0.4342143,0.37149793
0.28710765,0.32971168,0.33857512,0.34201077,0.38635772,0.36472428,0.34762937,0.4855509,0.5318595,0.5155998,0.3796175,0.27403015
0.2834309,0.23666482,0.23511402,0.28067476,0.34217978,0.3669283,0.3854262,0.43108338,0.37166902,0.3945685,0.41090354,0.3100569
0.34158406,0.35337594,0.34945688,0.41793466,0.36539775,0.3193501,0.35003754,0.5168132,0.56611866,0.46252248,0.35958794,0.3016823
0.29532394,0.27249217,0.31516594,0.37265843,0.409031,0.4263457,0.43526694,0.4634427,0.4613585,0.39672917,0.31581926,0.28796446
0.2563875,0.28601903,0.29146793,0.35805956,0.43234158,0.40442398,0.4531871,0.45457405,0.36920387,0.3325613,0.34498847,0.26612842
0.34600055,0.2638114,0.25879768,0.23812234,0.2400835,0.2825898,0.2701429,0.29145202,0.2974043,0.3256802,0.3510883,0.42015243
0.45412886,0.41222662,0.3308463,0.34100947,0.3527595,0.33402953,0.2996413,0.24931376,0.24889758,0.25494087,0.3248247,0.43136352
0.21967654,0.22718363,0.22334719,0.2917846,0.3448075,0.4236411,0.4317594,0.43632016,0.4302234,0.4381975,0.43290463,0.27865738
0.30242124,0.4179453,0.37514567,0.4132431,0.51744384,0.5428052,0.55662674,0.4891657,0.39827156,0.32938543,0.29763746,0.24223052
0.355434,0.34071532,0.25954902,0.22183095,0.22931449,0.27347258,0.27657318,0.34080857,0.32629338,0.34965006,0.43661016,0.38448006
0.19705684,0.22768421,0.2795368,0.3424114,0.30823615,0.31166303,0.4378991,0.511954,0.41568372,0.40058622,0.28499034,0.20005319
0.37752783,0.25918987,0.23155491,0.2760377,0.35847658,0.49155265,0.43798918,0.45632797,0.43243572,0.33556852,0.4116854,0.44740534
0.45050538,0.42130592,0.36053106,0.3143709,0.25884843,0.2531574,0.21427588,0.2543482,0.2499328,0.35493436,0.3817589,0.39788565
0.25764236,0.20977287,0.20863248,0.27200437,0.43908355,0.46161383,0.40762383,0.4507517,0.4800626,0.39881304,0.384386,0.3166037
0.48526052,0.37832156,0.30256677,0.3318862,0.38020524,0.37810677,0.3608544,0.35692555,0.31523955,0.2915403,0.3272807,0.45396695
0.37848303,0.31713519,0.24661657,0.22241007,0.22733377,0.24941142,0.27138844,0.25378174,0.26597336,0.3817221,0.502481,0.5018498
0.36322454,0.2564918,0.22562283,0.28172258,0.32010248,0.35631564,0.42429554,0.4356875,0.40697905,0.37125105,0.45782694,0.48621678
0.25199056,0.2741472,0.3981864,0.5233499,0.60393906,0.49487144,0.41447416,0.4282004,0.42232883,0.3368669,0.29832718,0.27878022
0.2796332,0.27651605,0.30888703,0.3333134,0.33792126,0.3978088,0.523344,0.5791566,0.5067296,0.48999995,0.34737733,0.25755164
0.19531126,0.18493073,0.21964872,0.2681149,0.36516738,0.397378,0.3882797,0.44024488,0.3746009,0.33149755,0.34873918,0.23798427
0.292576,0.25700468,0.22813259,0.25266653,0.36035413,0.4347853,0.3381513,0.3448781,0.37486702,0.34982765,0.39655954,0.35313192
0.3907228,0.2811931,0.2761221,0.26897612,0.29894987,0.2874417,0.34644297,0.34812948,0.37952486,0.4815332,0.4294512,0.44386393
0.37449586,0.28530067,0.25698063,0.3497623,0.5275979,0.511306,0.38241583,0.35808665,0.40644228,0.40994054,0.44650388,0.42897406
0.24485977,0.2615587,0.2916346,0.38108268,0.45182294,0.4606489,0.47954178,0.56245035,0.4290047,0.32106277,0.32315,0.26745313
0.20808403,0.2272677,0.29960787,0.3427547,0.39707735,0.36625972,0.290848,0.3835755,0.4401297,0.34983596,0.3262404,0.26588032
0.168293,0.17140429,0.25285175,0.33093566,0.3510102,0.32911068,0.44147614,0.57092166,0.40024924,0.2582822,0.23484816,0.19642691
0.32524484,0.3703448,0.33152848,0.3730211,0.4410914,0.45066968,0.41288486,0.40590343,0.40398273,0.4347724,0.40327457,0.3543236
0.2525055,0.21791284,0.25002804,0.3800326,0.46025088,0.45878723,0.40333903,0.45558685,0.53992486,0.37587184,0.34739563,0.30567485
0.27873936,0.31822962,0.3284738,0.3732646,0.4002703,0.46655568,0.5339426,0.5594313,0.4809909,0.36605456,0.29438394,0.24226561
0.19729921,0.19228232,0.24627441,0.27603883,0.36256582,0.40310472,0.44153795,0.5226527,0.50813276,0.47922745,0.429562,0.2956145
0.29162198,0.2590512,0.22391623,0.32929954,0.41580838,0.41226116,0.39754155,0.40472662,0.44792038,0.37370515,0.39414492,0.33251986
0.37888032,0.3402315,0.29364496,0.30017856,0.36661625,0.37458628,0.33023784,0.33863452,0.341805,0.3087157,0.39124724,0.3722414
0.32705075,0.34093475,0.276401,0.3344177,0.43879387,0.47554404,0.46830836,0.43667886,0.4106866,0.32889298,0.2858982,0.25362244
0.28801492,0.2446811,0.20984636,0.2527777,0.2699031,0.3219886,0.37911656,0.40722474,0.4640153,0.3828875,0.34259874,0.2896242
0.31277192,0.35516232,0.36490834,0.3870855,0.4949093,0.57018936,0.53166455,0.47544038,0.43517756,0.3752354,0.2836229,0.32117948
0.2684319,0.30471885,0.33907697,0.39712572,0.40053716,0.40419197,0.51898354,0.46865657,0.38211173,0.37368518,0.34832364,0.27288872
0.22742909,0.27244836,0.35970107,0.3893082,0.339579,0.3563478,0.4104374,0.511968,0.500467,0.34834614,0.26272565,0.20441939
0.23887657,0.2283242,0.23195209,0.3688772,0.42823452,0.43933567,0.4757009,0.53721976,0.4979451,0.3214782,0.2736382,0.2814906
0.24089813,0.29994884,0.27587903,0.29719794,0.3787301,0.44251308,0.5352172,0.49346504,0.44416207,0.38550195,0.30594325,0.25081068
0.38531634,0.28992796,0.27984327,0.34302455,0.3876582,0.3672562,0.35763884,0.36246789,0.34606192,0.36727452,0.37123322,0.42416888
0.37818038,0.26107705,0.27621856,0.3343687,0.36214447,0.3538999,0.23078062,0.16998705,0.1443282,0.22774088,0.4104924,0.50424594
0.31331357,0.25494614,0.26567417,0.35876623,0.36720586,0.36040583,0.35667756,0.3759852,0.38963264,0.4002597,0.3506107,0.3202892
