-472.31604,86.238,-7.2226954,23.136065,0.22746702,7.8592124,7.2119074,-3.2626262,1.2578912,9.937009,3.9600115,0.7952472,5.191219,6.775907,8.43258,5.016764,10.29464,10.359428,8.83415,8.630788
-432.2294,93.60611,-22.983028,32.683704,-5.648764,14.2816105,-6.159338,4.676971,-0.8965038,7.8194427,5.2122264,-1.3990284,7.954668,6.1754045,9.929316,1.6863356,11.707645,3.5133166,3.027634,1.8271184
-417.20047,104.7257,-25.45831,23.618452,-16.685886,12.410804,-1.0023166,0.35724798,-1.7860367,6.9273767,8.0352125,-2.586096,6.543171,3.5189524,6.422368,0.11689171,5.028983,3.0131545,-0.31146455,2.7862992
-447.74533,103.79565,-20.612913,38.618744,-2.808777,11.88976,-9.610686,9.470107,-3.6598883,7.3346148,3.4479537,-2.2420635,9.540201,4.4277215,11.777223,-1.1774498,10.297881,2.3565416,1.8338745,5.2594066
-442.88348,93.43421,-13.050696,47.71532,1.3775743,-3.6504078,-2.6175728,-1.4515747,-2.1908424,2.0642996,-0.67271465,3.1083343,5.2904854,5.044587,8.969407,-2.842958,5.1730995,6.617385,5.0922246,6.6744947
-453.52982,88.29949,-22.42188,57.521683,-1.8902384,2.7116394,-3.321748,7.714464,-2.8498795,5.190188,2.3128488,-0.2175628,6.133577,3.4977207,8.919368,-1.105544,8.430209,-0.3469806,-0.4127448,2.5870168
-413.28287,102.97792,-28.258736,27.448126,-3.2139919,6.7433186,3.2955859,1.7791992,-0.9765788,5.8773165,3.0742607,-2.7872648,3.9557085,5.8374767,8.248974,-3.0031412,4.0472236,4.51211,4.880034,7.919204
-407.24228,99.96042,-39.131622,45.793,-9.923341,-4.170655,-4.955085,0.8372686,-0.57321113,5.4060173,0.08748842,0.5062374,-0.1119688,2.6913168,10.4862,-1.7816354,13.2569,6.8362217,8.582656,6.737513
-434.97092,96.8362,-28.985207,51.09345,-13.172486,9.89283,-3.2386415,11.996423,1.0088779,1.6142653,4.210526,1.8349792,4.1202855,3.6056557,10.683066,-2.3965423,9.271091,0.9695959,4.184476,6.3563914
-411.14154,117.977745,-24.859701,29.119852,-11.189168,2.2283044,-3.8624005,-3.346138,-3.2538056,5.3756757,0.98029107,-1.4696953,5.3366365,5.4565372,7.526957,-1.4626313,8.330549,5.674883,2.9774644,4.6538644
-445.16705,87.47733,-19.432535,38.905777,-10.952613,16.232838,-3.6731887,6.903732,1.3355349,3.7224019,4.9164557,1.4254906,6.449101,3.8362448,12.137455,0.4990115,8.540226,5.597077,4.503553,5.4320703
-458.92108,105.3431,-11.391392,41.319427,-10.090627,10.822274,2.2581787,3.3889117,4.422759,0.7822328,5.0187955,-1.4401258,2.6017592,8.010398,7.0811305,0.019220335,8.22405,3.8527477,1.0714216,5.9020863
-407.40225,100.66838,-39.252373,45.94829,-16.82243,11.609597,-12.282203,9.557224,0.43352607,9.660598,2.8568108,-1.5830257,9.622385,-1.6525229,8.018742,-2.2706418,10.450676,-0.43758473,4.1376424,6.8400474
-431.08002,70.652794,-9.680339,46.781673,-3.8171346,11.079043,-13.065994,8.913908,-4.280325,6.082108,2.8418314,2.4640267,10.882461,6.164894,12.869943,-1.5194669,15.182685,3.5077412,2.5589523,3.116474
-431.1228,109.05155,-31.037354,37.07642,-5.08789,4.517614,1.6449467,-0.4750356,1.8643082,6.023631,6.828737,-2.1063645,2.2910295,6.9229536,8.7607565,0.99414665,5.578355,4.294247,0.34910816,1.7404394
-420.68765,58.78863,-26.70951,45.73811,-17.688013,7.294673,-12.541149,6.542933,4.914425,6.466929,6.6534023,4.215846,12.277714,5.967866,13.958342,5.2693825,14.2325115,7.1598167,7.355897,9.405724
-422.8338,89.80442,-30.891315,30.78746,-14.751294,5.083638,2.796907,3.6613774,1.7945842,6.806644,6.54833,-0.0266811,6.778103,8.697352,9.358525,2.8774312,10.863903,6.8468432,4.5243125,7.3175325
-438.03543,98.5406,-18.190392,42.081528,-6.1994467,8.335831,3.3886423,0.9157722,-3.9525754,2.6318617,5.188495,0.016851304,1.8540025,7.995244,10.821304,-0.034326795,9.09028,3.5215404,0.3632273,0.92172575
-434.4358,119.01935,-27.766628,35.001125,-11.5170355,9.018425,-5.8249197,3.376006,0.72656333,7.4493837,4.4434996,-1.0052512,8.704881,4.616506,9.005396,-1.471334,9.663167,2.866385,0.19901446,7.5367475
-452.52386,111.84665,-29.19761,36.271114,-3.1190314,9.338383,-1.1227056,-1.5933511,2.5864482,11.210658,4.7092505,-1.2916551,6.178653,5.885349,11.88188,5.297387,11.56068,7.9617453,6.3411746,6.311056
-430.24704,92.01934,-17.23836,27.700996,-6.4942083,13.330458,-7.649584,0.8166932,3.4690769,8.573466,2.2583644,2.1604328,10.409511,4.9938912,11.929722,1.4419876,6.574759,5.066532,6.922552,6.0763392
-443.8,93.38837,-22.29949,34.237366,-10.130172,1.3604977,6.27522,1.3988949,3.1998043,5.4601326,4.757512,2.0582252,6.4860888,7.8240247,10.448651,6.592462,12.085208,7.7756715,7.562714,12.622801
-443.36014,114.38673,-23.989767,38.050026,-8.985637,3.3224924,1.4170902,1.1267252,2.0978768,9.49872,5.7636247,2.2663321,8.273163,4.389251,7.5974364,-0.51245874,5.4589076,5.588379,3.1619709,6.0795884
-410.32233,115.47477,-21.591278,22.742214,-11.983165,1.7936599,1.103271,1.8512125,-0.73928285,1.5318788,3.9125423,1.2765679,3.7813153,4.666554,7.5541186,-5.1136823,0.9566418,2.7791722,-0.99163204,4.5390816
-472.56073,103.62528,-17.616165,40.04705,-0.75024045,9.97205,-1.8710437,5.0618367,-1.7917142,6.305592,5.54913,0.45128328,6.6754417,3.5210855,10.599991,2.1973052,7.5257473,3.8150203,2.4548144,2.6391807
-414.40952,127.75166,-37.860573,32.294647,4.6652017,-11.053076,-2.748475,-3.5338023,3.4783278,4.6390715,3.1437283,-1.298984,3.6477604,4.8076324,3.4671855,2.435962,1.4974903,0.99039626,-1.9761186,0.46493638
-386.10062,87.787994,-38.579952,31.510315,-10.878734,-5.917906,-5.9941006,5.163689,-2.827216,1.9182539,-5.932535,-2.3816288,1.8758324,-5.1564164,9.202298,3.2151675,11.059122,6.411624,6.842696,6.115368
-412.7572,93.98636,-32.422234,40.25489,-16.682083,11.745117,-4.700346,8.1666355,-3.8022327,5.286375,5.2444835,-2.3652096,7.1811275,4.7278504,10.346462,-4.823482,8.936421,3.1296442,3.0978112,5.6758227
-416.8507,103.88348,-30.323357,43.102726,-7.221846,6.4330297,0.55051345,3.3691127,-1.6313136,1.8908421,6.4094157,0.57959926,3.9642172,5.1576486,9.012222,-1.8232324,2.5814283,2.2008026,1.8558156,1.8292499
-410.27835,95.23457,-31.970606,44.188965,4.2436466,-7.6043286,0.19881542,-0.17927301,1.6356585,0.34737375,0.6064009,-0.4075123,0.47569636,4.958077,5.1130657,-2.934931,4.909569,4.2285833,0.67519957,5.490694
-392.05115,99.42488,-25.519285,28.798597,-13.061992,6.0845904,-3.6048887,4.4056196,-0.86634225,5.3800297,6.946486,-3.6387782,5.7193027,6.820099,10.241564,0.44111428,5.607556,4.872167,2.0989656,4.982565
-444.0872,135.31465,-32.75737,8.089222,-17.802078,7.7101974,-0.74977976,-5.3957977,0.046555754,3.398359,9.890892,0.6954532,2.410264,7.230075,12.278028,4.0311933,6.1462812,3.6148083,-0.08410272,5.8534255
-430.01675,91.51756,-21.293242,43.442284,-7.1115594,6.2038193,-4.2411795,3.6368632,-1.9801484,4.922591,2.024091,-2.4348207,5.62519,6.425436,10.518921,-0.9858883,11.99953,2.9115915,2.8388162,7.1600666
-431.85294,92.97401,-19.884212,44.257988,-13.286715,8.154944,0.6712167,6.446619,-1.998558,2.455224,9.499737,0.48062035,4.850281,6.958559,9.020442,-2.6732695,5.3403354,0.6999332,-0.07992254,4.920503
-418.1655,89.79708,-30.705822,43.529514,-8.633338,11.956574,-11.833023,3.7171917,-0.8987878,4.240588,-0.9787984,2.5129116,6.013175,1.43734,9.07688,-5.688958,10.394218,0.19425926,4.3020067,6.456224
-401.17477,110.14788,-27.105387,52.11807,-7.0899425,5.026586,-15.037247,8.216029,-9.574382,0.53579205,-0.5479732,-5.6158795,3.2978902,1.3824507,9.452056,-7.1265273,9.539643,-0.95751476,0.2193624,3.480815
-465.9546,56.80443,-0.57014185,49.988304,9.796381,12.761262,1.601634,6.6681085,-3.4167886,3.086522,4.050678,-1.2813003,3.430185,8.512352,11.46849,3.055849,14.724029,8.288712,6.1199303,5.935478
-415.48026,78.59904,-21.024305,31.393396,-16.587055,13.123341,-9.319803,6.918169,-6.375481,7.638579,2.1447546,-2.8200543,7.741317,2.149769,12.497102,2.1315808,15.831783,5.7425003,5.346268,8.763184
-406.19095,108.22303,-28.201061,27.032942,1.9471997,2.3223808,2.705215,-1.6287668,1.4830003,8.184185,3.1518176,0.6730037,7.411886,9.130304,8.257645,0.1439842,4.1584253,1.3573481,1.0179735,4.136182
-393.7327,96.20569,-33.250557,28.040697,-8.669072,13.940718,1.4321257,4.191665,-1.2719415,4.630066,6.966824,2.0703268,4.526811,2.0574973,10.638108,-4.110493,4.361187,4.9867754,-1.0726229,6.7053294
-393.60693,94.74381,-29.077017,43.55759,-7.8812118,-7.2522407,6.7031484,-1.974914,1.5215808,5.456431,2.695772,0.0016239859,3.8879595,9.336471,9.060361,4.2011237,9.808209,4.085098,2.8632355,6.928923
-443.94254,88.48225,-10.593152,48.49518,-1.6498852,9.5833435,-7.439942,1.1262656,-2.2884185,5.3638744,2.3972893,0.46174863,6.6737266,6.869484,11.773046,-5.044228,8.040282,3.5430214,1.7643863,5.7051396
-423.21237,94.69243,-27.065174,17.058254,-19.777811,4.905179,-7.761104,2.6320949,-6.3602457,4.3669553,-1.387921,-4.811551,3.103614,-2.6911328,7.455897,5.2523174,14.558968,7.2249236,8.485594,6.893778
-433.97247,95.175804,-39.027798,45.91267,-7.488408,4.8458476,4.6256523,3.140454,2.5751653,1.0527468,5.54997,1.6748091,4.1709056,7.172132,7.0795064,-1.5538596,6.366615,5.3249846,5.9612646,9.33592
-461.39124,96.85782,-30.610992,46.198605,-6.618632,13.929952,-5.4451814,14.253514,1.8705441,4.01825,6.629897,1.6360632,7.6465425,6.34665,11.616365,-2.3692198,9.482179,0.5357193,1.9956568,4.082371
-462.61774,97.80197,-19.15967,39.874332,-9.037691,6.5204864,6.523499,4.821045,-4.6740828,4.933367,4.076002,-3.1010287,1.7601198,3.1474428,8.939416,0.19618535,7.504767,3.7488754,2.2631867,5.656179
-439.74072,105.14165,-18.891506,42.832085,-5.209964,1.1882173,4.6853905,-0.33143085,0.48803985,6.8226347,4.9707394,-0.6860351,2.3200438,5.3047695,6.22916,-0.88458836,5.939288,2.5266666,2.3884842,5.0286117
-413.40887,108.71467,-26.057455,39.140976,-6.4843626,1.0868535,0.7214807,3.8291414,-4.312539,2.6058857,5.851951,-3.8385596,2.3108706,7.4115763,9.218383,-3.50122,4.4889965,2.2126365,-1.9086673,3.7466002
-473.13538,97.34526,-13.841997,30.37201,-1.8766623,13.853686,-5.2201395,4.2863593,-0.21826294,7.8663983,10.374978,3.9166975,12.097611,7.344697,9.063487,-0.1040273,7.755036,3.3520424,1.7619917,8.077155
-401.1333,97.87197,-30.583035,30.436495,-14.5002365,6.6295033,-7.8653636,-2.0295465,1.0277822,8.103771,2.9750178,-3.0580256,4.1017575,1.747178,4.947868,-4.216654,6.7832975,3.7720716,4.938011,7.1966186
-425.27686,81.30234,-13.969306,36.659416,1.3728354,4.7522936,-6.75182,2.0534415,-0.44060946,3.3938031,3.6760657,2.4583178,5.974233,5.5135374,8.386187,0.21470326,13.241343,8.78214,3.9437184,6.77784
-433.81943,99.60987,-18.649666,39.186096,-5.42844,10.109199,-13.888185,3.151413,-2.0720408,7.6819496,1.8911016,-2.8981879,3.1089702,0.20121227,6.9171934,-5.49727,12.14076,3.909459,4.9945865,5.6199
-406.93985,80.29041,-43.23524,35.156616,-19.062256,15.889515,-10.494496,8.850507,-2.1945312,3.047493,4.125841,-2.5050066,9.625515,3.478842,9.591363,-3.474397,9.438951,3.2173882,2.6548622,4.318466
-393.91028,112.15778,-42.176517,18.59159,-5.1992874,3.3918557,-6.008252,-2.090604,-3.4781978,7.903291,3.0239444,-2.8705719,5.28457,4.600203,8.056061,-2.7013872,4.752505,1.5894854,5.150541,8.472256
-435.9654,94.0195,-16.195866,40.350235,-12.454963,12.273349,-6.8170166,7.455659,-9.59412,5.6091223,1.0886244,-4.253496,4.928801,3.520907,11.390812,-5.572554,11.526118,3.1972682,5.250261,5.5868015
-418.35956,120.38018,-37.34569,30.364252,-11.141258,1.6514895,3.7721007,1.5761368,3.1007912,6.9604707,5.2971134,-1.3711782,3.6362913,4.594383,4.6554594,-0.31679505,7.867736,4.6313386,3.7616243,6.3484077
-404.61093,99.58878,-32.655197,28.468184,-10.7546015,5.529541,9.113333,-0.46697682,2.946489,2.9559662,5.3558226,-1.6486446,3.0214958,6.4456935,3.8050082,-2.6728265,2.119898,2.3809788,-0.093080156,8.044305
-461.9448,105.66923,-37.05009,46.10292,-5.4092197,1.4154706,-3.9901145,-0.59777355,1.8155133,6.3563075,1.504442,-2.122372,2.5086017,1.2453096,6.4977736,-1.2927331,1.3938072,-1.0758013,3.6616454,2.6916633
-433.5673,112.99017,-35.10853,38.85843,-9.992068,6.9139395,-4.206544,1.9827129,-2.1379707,6.1035466,4.3956738,-1.7389585,5.0603027,2.940009,6.8062134,-0.99315536,8.1290455,-0.9006729,-0.23287144,2.1056788
-433.59863,98.75769,-23.192703,43.236866,0.94627583,-0.013858122,1.8208998,7.4973073,0.44815737,2.6446316,6.738512,0.24902478,3.098669,7.8345766,9.444921,-1.5389959,5.5768237,0.95826215,-2.1455383,3.7088661
-425.78983,99.59522,-35.87809,31.729467,-12.566412,4.070763,3.323717,1.0845516,3.2113016,5.925262,9.182809,0.49654526,4.039446,6.575416,5.4403987,-1.037636,4.811329,3.9093618,5.9085693,6.8558273
-399.77963,99.205475,-19.101797,24.566772,-1.9501413,4.545541,-0.067734785,1.4316505,-2.7142744,3.600982,5.0662293,0.30450362,1.7950495,5.740881,7.4319696,-1.334231,9.463162,2.3284836,-1.6740521,2.7119994
-419.6203,108.279,-27.810234,38.619083,-13.2295475,18.7227,-9.089668,9.39407,-3.3583488,6.4639106,7.75715,-3.4589272,3.141667,2.4688854,14.495144,-5.048755,8.352256,4.1693497,-1.0480918,0.60661227
-433.66797,115.18954,-16.709415,32.484707,-2.1116736,3.9708884,4.7654233,0.65196973,2.7601535,7.45517,5.3864665,1.8040099,5.358134,7.0778522,7.9300056,-0.5455413,5.190877,2.6587083,-2.477106,3.3247826
-397.42377,73.12184,-23.622612,38.761806,-4.1505766,10.008656,-6.5233316,6.1203294,-0.55508673,2.057758,2.7435946,-1.2986852,7.156395,2.4363327,6.66409,-3.513154,4.4577184,2.4733636,3.5301356,8.759083
-423.45618,93.68471,-18.960821,35.83029,-8.172956,9.862528,-2.9335647,6.534807,-3.7153714,6.766788,5.488362,-1.5990409,5.9072266,5.8736205,9.058884,-2.7024245,9.377501,2.5453613,0.08098409,2.8195643
-442.95056,105.5604,-30.965427,42.456795,-0.81439155,-5.5835757,0.38723576,-12.633417,-2.3694677,5.5856833,0.8235767,-5.016475,-0.68840057,6.0841513,5.6593986,2.9460952,9.161197,5.531054,5.805395,7.820159
-456.72543,108.23717,-28.436943,41.11798,1.4283186,3.9144592,4.8581147,2.1519227,5.5259666,4.308451,4.3246856,-0.78138655,3.4372163,8.9455185,7.7119355,0.74396974,7.8795114,8.100561,5.1664524,5.518095
-392.4109,91.47574,-32.75959,36.986023,-4.0010376,-0.0772352,0.060728103,1.8887517,1.0880355,2.672145,5.4081616,-1.327846,-0.035283145,5.156489,6.0331435,-1.862114,6.480659,8.106075,7.94598,11.788918
-427.17422,108.89811,-31.600674,39.01859,-8.028214,5.4692955,-4.976621,1.5776817,-2.8655667,4.7735524,2.3665786,-1.4406065,7.3661265,4.19838,12.2291975,-2.4738972,5.009274,2.3871956,-0.3275209,4.3237085
-436.46198,97.85533,-25.643543,34.243404,-8.506896,10.241755,-6.729826,3.2865982,1.9439881,8.253944,5.966092,-2.7577484,7.0985475,3.8275723,5.712815,-2.0236557,7.3156867,4.431794,2.8609064,5.5628796
-387.2308,81.11485,-27.227785,39.188854,-15.623915,16.133766,-15.325693,4.775911,-8.475315,2.0628297,1.2078159,-3.463431,3.0664966,1.7157261,11.4469795,-6.634123,11.571359,3.6930592,5.721558,5.281283
-405.982,108.39352,-32.72902,42.119843,-2.2041426,-7.0927987,-11.10342,2.7688065,2.9711447,6.326016,-2.446194,1.1516045,2.4792912,1.02292,5.8831663,-4.100137,12.001822,4.076884,4.9055734,8.198128
-421.59866,109.932106,-40.98176,32.10462,-4.169046,4.2495565,-3.1763682,0.12691855,-0.7138613,2.4274013,2.210772,0.797035,0.010452609,1.4774095,5.139892,-5.8533278,7.95545,6.3834434,8.978009,10.381579
-433.4534,110.74778,-29.231346,36.96528,3.1028025,8.308158,2.5633998,3.3915827,8.658683,7.937931,5.0614815,0.11135325,5.827169,6.1862273,6.4639077,0.7634782,1.863752,3.7783222,3.2761762,4.258677
-426.67114,108.8078,-34.573208,39.755302,-7.542384,9.662993,-3.7973447,-1.6062496,0.14680023,2.395469,3.8422983,-2.5906806,1.6061472,4.576152,9.69785,-0.3149286,7.5609775,5.990286,2.8330574,1.3003769
-438.09634,77.71255,-18.918224,44.47457,4.372917,10.507449,-3.601935,4.0167685,-1.4862041,3.3518674,0.24688806,-0.42008555,8.293244,7.06684,14.597108,4.7259226,14.010221,7.3724957,1.7632505,7.9721274
-429.19193,111.647385,-33.853004,44.37987,0.8809488,-0.15536807,-6.3472915,-0.1374945,5.1954727,9.956127,4.855015,-0.50291663,6.635053,4.3355885,4.0887847,-1.8044242,6.558831,-0.008460994,-1.9609443,2.924512
-462.48187,112.23618,-29.222673,38.969254,-4.7352667,8.808854,-4.508833,7.392767,1.2339165,9.810985,3.7218246,-1.2692399,5.623315,3.5200179,11.316479,-2.9198198,8.634453,3.286315,3.5484805,6.050923
-443.90347,78.54273,-14.287881,48.664402,-17.289396,11.892097,-6.2438602,10.975226,-0.8086277,8.270889,3.7951422,2.194603,10.437824,1.1585056,10.630702,-1.8060013,5.2646027,-1.1466179,6.029224,6.575524
-435.89005,64.16717,-21.554417,49.35188,-12.05213,12.658298,-6.240243,11.494477,-3.7104962,4.082372,5.2492085,-0.9477828,11.836973,8.030356,12.292422,-0.04332272,11.431886,3.4893367,4.6333423,9.903683
-449.40985,102.07686,-22.112103,34.279568,-4.334821,14.663218,7.720735,1.5573404,-0.3162699,8.912503,5.8557215,-0.6032809,5.4234653,4.9626865,7.2870345,-0.8818398,6.659691,1.8882879,-0.1569025,3.0825813
-423.806,94.54837,-5.392533,30.043863,-16.922895,13.757769,-0.62412256,2.20832,-6.4944596,4.4132695,2.9585946,-1.3740604,5.192819,3.482953,8.94609,-2.2990348,7.904227,2.3840194,2.199126,4.51954
-433.07654,96.85292,-21.706472,33.80798,-6.430855,17.597544,-12.954084,9.188569,-6.4983363,3.6356893,3.3281453,0.6170654,9.566488,3.0591352,10.610024,-2.5567935,5.721194,0.13775164,4.021186,1.1045705
-445.46994,92.68302,-31.410564,41.794132,-11.441871,11.559787,-7.8910613,5.5686946,-2.9292688,6.0076814,2.3580945,0.9559335,7.4690156,2.2403417,12.814907,-3.606447,8.090457,-0.9734068,-0.7509166,2.077742
-389.54343,105.37364,-27.719978,10.922433,-11.77233,1.6936013,1.1752648,0.22727193,-4.7557445,0.27650303,0.3859044,-0.75084305,-0.073211476,-3.772219,2.139901,-1.603888,2.9872277,-2.3994155,0.033739727,5.4607773
-415.525,88.14845,-5.288066,14.613206,-16.922707,4.9790006,6.019445,6.9068046,-3.3521152,3.4916613,4.9552407,-0.032001562,7.083867,2.8199177,7.4379253,-0.29245976,4.920302,6.1960106,6.5224266,9.980941
-443.0526,76.26341,-19.518208,46.8966,-5.9864182,-0.70899725,6.1198287,2.3147898,-4.50514,-3.2901018,-0.38776675,0.1287343,1.009295,6.8794622,15.31851,3.6884933,8.808338,7.690924,3.9245548,9.454302
-450.4633,105.62561,-26.47038,46.12966,-9.780372,4.168652,-4.4400325,3.316601,-2.663808,3.5215685,4.3481307,1.3685411,2.2304444,5.9154925,11.847022,-1.3226503,13.15922,7.0151234,3.558325,4.0009656
-400.16614,85.24769,-18.34608,25.097044,-7.5439415,0.47050005,3.9553335,1.701078,-5.4686046,7.225498,-1.552377,-0.8065166,6.0694184,6.313892,14.43606,4.0127063,13.411135,9.134401,5.745569,8.711493
-424.48642,114.622475,-28.687511,42.806103,-6.3119783,10.241489,0.5945855,2.5273936,-7.5870852,7.2603626,4.9531384,-5.6599903,5.240727,8.044068,10.716487,-3.0534554,9.203213,3.3198729,1.1322365,4.4050217
-408.37952,79.417854,-32.22659,43.629623,-5.618757,7.169262,-8.07185,4.412627,0.4687784,5.4540567,3.4560697,0.7347378,8.971084,4.756214,9.885801,-0.9146584,9.454548,3.5900085,3.614279,5.2024503
-421.21533,101.06922,-18.115961,28.216848,0.993555,9.681534,-5.4924145,7.1319857,-2.6962268,4.651298,7.3028936,1.3852047,6.142249,5.6496096,10.0899105,-1.330307,7.3073354,4.3557267,3.5414848,3.3955123
-424.59186,81.616,-14.869726,48.874928,2.088454,-7.427575,-3.4099545,1.7188469,-1.775131,3.0038064,1.0704153,1.4876696,4.5116754,7.221532,7.177912,-0.77669454,10.682145,2.3594153,2.028758,6.056158
-400.66174,78.774864,-21.645103,40.373894,-10.99641,-0.71618783,-0.63555855,1.2828377,-5.9057703,4.0988455,1.517199,-4.523867,1.9656768,5.592165,8.778366,1.0142303,14.178162,9.122451,12.171001,15.156272
-429.8837,111.08905,-30.121464,30.558863,-19.126354,14.07738,-1.5170189,4.152184,2.4821227,9.569989,6.0409937,-1.0057874,11.638639,4.712483,9.508345,1.9993058,9.006988,3.4692745,2.0717158,5.3842807
-440.30743,83.30718,-18.782595,56.03182,-2.4657412,7.767475,-4.6796675,7.5643296,-3.1738012,0.5336341,3.929632,0.33023706,4.354348,3.159568,12.041384,1.1523882,8.745654,4.991599,3.9025464,4.783411
-482.033,112.97874,-24.032785,41.57514,-2.5146763,7.4907517,5.43177,5.20261,3.0117247,2.5370333,4.45268,-0.7508188,3.3068812,6.944857,7.6101403,-2.8413255,3.6191998,5.1329136,3.6662073,5.3847632
-412.86578,113.43863,-23.347425,41.773983,-6.870179,0.842091,3.5999932,3.160464,-2.4799135,2.8414302,3.5788798,-2.8401208,1.5198181,2.5272655,7.7377124,-2.095981,3.185477,2.9918878,-0.5028305,3.5846941
-453.30243,63.09691,-15.208132,38.375656,-4.9697666,5.7687955,4.945287,11.018757,-0.07582839,6.7040696,5.5485005,5.1926684,6.777831,10.087278,17.877562,5.2449102,12.887412,4.8825035,7.424185,10.2847805
-412.7978,111.46411,-47.43809,34.50597,-11.697452,7.902848,-5.9138536,9.323168,-0.49462423,8.267716,7.0030193,-1.8949908,5.62831,2.4064162,10.336481,-3.8634827,3.9605386,0.40823382,2.7712271,2.0817158
-394.4687,101.04458,-26.763353,29.407204,-10.132802,5.3376217,-7.4778743,1.9978085,-1.0226984,3.8303227,3.9289985,0.069758095,5.861185,4.0796704,6.818204,-4.4180827,4.341376,-0.33477452,-0.24577849,4.606589
-402.455,95.61331,-50.3428,47.40431,-11.750548,2.6469302,-7.124578,0.5959775,-2.515754,6.1469154,0.033551116,-1.0843526,3.1750507,1.2764821,7.1841407,-4.679032,7.8754754,1.5334631,6.0868435,4.19355
-369.84894,84.86815,-36.038334,30.61569,-16.023623,3.2199917,-3.7254417,6.872888,-9.00084,1.6161842,-3.4630134,-3.449176,2.1023438,-7.7309012,3.8191123,-1.5707997,6.060329,0.045670107,6.4529815,8.265353
-430.13257,91.43553,-25.35212,34.295975,-14.271598,6.2012024,-5.0520015,1.9079577,0.85117984,5.386767,5.0553603,2.0117564,2.499713,1.3187945,9.082929,-1.0158079,9.374282,6.691063,5.3929844,6.1695614
-422.7001,90.860405,-30.669504,46.624477,-9.27782,7.098239,-7.855623,4.658948,0.9613509,4.7577825,3.8877885,1.7029899,10.198621,5.1517396,9.07797,-1.5580473,8.705933,0.29868072,2.3230648,5.148734
-390.87378,89.53993,-29.10563,26.714941,-12.633886,3.748749,-6.601449,4.689953,-9.42811,3.7609582,-5.533838,-5.6147738,4.4273515,-5.909831,3.4368865,-1.8890711,7.598268,1.1903875,5.0339923,5.0579963
-445.98087,95.30821,-35.27672,42.524582,-8.532845,16.449272,-0.62362,6.409072,0.9344725,3.6262105,5.9455247,0.12006399,7.3321023,4.201751,11.165325,-2.3082619,5.9011045,3.7506576,-0.2840037,4.2876463
-428.2789,105.189606,-25.017126,36.87642,-3.8352098,10.585288,-9.199242,6.4223986,-0.44799718,8.105992,5.254333,0.5016376,9.121155,4.0695996,10.688201,-3.9378257,6.208485,3.8233533,0.3766234,1.8895763
-487.3333,99.25539,-20.243784,36.092712,-0.8603198,3.832307,1.3648866,8.069516,2.5382898,7.5275793,4.5149126,0.5893472,5.808177,3.462319,8.770121,0.39162216,7.451027,4.9324603,0.9415159,0.8950049
-426.53854,103.79245,-23.81369,26.896034,-2.6883607,2.2868562,3.8612127,4.4649205,2.1088216,3.8607976,2.911389,0.31029996,2.3611174,4.110212,5.369435,-2.234516,4.929806,5.385519,2.7666671,4.8524117
-427.21793,86.045044,-25.551695,44.381344,-6.726302,16.183186,-10.144565,7.4462695,-0.4125974,2.4609165,3.497571,0.34086263,6.4479647,3.0443263,10.7190695,-1.7101023,7.5553102,1.2983857,1.3394333,1.0894743
-448.06628,94.04685,-17.52959,38.597492,-11.818523,5.478126,0.34435716,5.959909,-1.1835775,2.305035,4.60192,-0.55409914,7.131083,5.3466096,7.2856,0.8754332,10.640909,6.531889,6.9387107,9.132524
-453.87146,95.543365,-18.274317,37.05179,-0.26662198,13.935091,-7.707764,8.899338,6.504091,12.386252,8.724142,-0.5978542,10.837949,6.6175656,8.788739,-0.89461267,9.424764,3.1370351,2.1429315,6.9402885
-440.72305,108.73382,-38.83588,19.286222,-3.9584763,16.962809,-0.5744633,8.196556,5.365758,12.322624,6.3421683,-2.0368485,8.575605,7.4986906,10.084338,-3.1653075,4.1680865,4.1076374,3.7702143,2.6947622
-403.51306,102.79301,-30.023775,32.32034,-20.94673,16.330034,-5.7595363,5.0635815,-9.635058,1.5120982,3.4801853,-2.4355736,7.8180213,1.4302002,12.426916,-2.3221216,8.481853,3.8039908,3.2703984,6.67736
-443.6913,98.858635,-12.562232,49.835857,-9.938925,9.85231,1.4483011,6.0320582,-8.247723,2.3440413,3.625698,-4.4738665,3.7293527,3.1086864,10.083163,0.92998654,10.234493,6.2723746,3.467454,1.5194955
-439.69366,88.29714,-27.359375,39.355217,-9.797425,-1.357519,-1.2547017,0.77261806,-2.8970227,-0.54170555,0.47701785,-1.0331937,-1.7212936,10.2687235,21.359056,14.076498,22.947197,12.800317,11.492285,8.853659
-433.55814,110.160255,-37.005096,39.000866,-5.580667,5.4687614,-8.986576,2.1648576,-1.1643264,5.5476804,2.2632513,0.12368234,5.6489854,3.9814088,8.049616,-3.1325147,9.964134,3.902067,3.820437,2.3737197
-437.33444,106.2481,-22.882862,25.214817,-10.523631,7.7079587,1.8118379,0.89283735,0.88813734,9.285391,5.1912713,0.58402914,6.9565988,3.1833405,5.1001782,-2.1825876,5.4550004,0.7598563,0.9603085,4.6954217
-430.8158,103.93057,-27.03155,48.29879,-8.297324,11.847909,-6.3693485,6.3961024,-3.2244112,2.1338708,1.1927758,-2.5115538,2.8574038,1.5577826,10.513264,-4.438861,7.8360844,1.3162597,-1.9106646,4.1720476
-423.643,96.107216,-22.369228,31.21795,-9.555883,10.131983,-7.2974267,2.9151049,0.31250972,3.8107553,2.0079005,0.033034235,6.960584,4.492376,6.909516,-3.7667136,7.3141055,-0.35960987,2.90675,8.823301
-444.1842,84.10706,-27.773005,46.621014,-6.302191,2.8769586,-4.904736,6.173007,-1.0104586,3.8647993,0.13780364,-1.1445274,6.5425262,3.8880076,8.940274,-0.4659177,12.126152,4.661899,7.7773314,9.401594
-411.18195,122.022255,-37.99003,36.620434,-10.189598,2.9018512,-9.971071,0.16277306,-0.90224576,8.548457,-1.8761797,-4.7899227,5.0914683,0.5481888,8.773916,0.7013829,11.272714,5.9371705,10.453479,10.34393
-412.5871,98.98086,-22.634396,30.071318,1.4349225,4.6718335,-13.258025,3.4488358,-1.5248176,6.158582,3.2040536,4.515307,10.731681,3.5455682,11.289221,-0.4588751,4.2458897,3.8105764,4.113208,0.81048095
-380.40274,78.54824,-32.397446,21.375292,-9.299201,2.8085086,-4.5814705,6.0082684,0.11936858,5.8737574,5.5280547,0.53875774,8.501033,6.4734173,4.4433117,-3.9318025,5.4794064,-0.2568699,2.0417912,5.746588
-439.06778,72.8333,-24.523985,35.586193,-9.730638,18.153475,2.5476136,8.391537,4.625465,11.891784,5.65675,1.2320434,7.666956,3.0336425,10.519654,-1.1952232,7.8311963,5.3575473,6.428036,8.895722
-457.5315,114.298065,-33.0051,32.06146,-4.256467,11.196993,2.7971132,-1.5612043,9.342379,6.3664417,6.610315,5.0363326,5.6950316,8.714641,8.76736,-0.5943989,4.9630613,4.9538503,2.6803036,4.9871583
-441.5475,74.10362,-20.148775,45.18112,-17.33489,29.59165,-17.22273,10.955056,-7.277353,10.157406,3.4491942,-0.06925396,12.400781,0.7599953,15.159431,-4.6344447,9.509307,-1.1105888,4.5245023,0.45389143
-438.86804,117.54528,-17.718946,23.974468,-9.90806,8.977514,7.2752934,7.36589,-1.3653028,5.0280895,4.175071,-2.6082735,3.5835917,5.6019583,7.9131627,-1.9439534,5.9403043,1.744664,-1.4797819,2.1267781
-432.34335,107.57393,-26.227907,21.679247,-10.272929,13.527939,-0.5651416,1.3382524,-4.270887,6.5233507,7.1426835,-1.1068286,4.376095,5.2469387,10.066992,-1.9697464,5.410302,3.701718,1.0450482,1.6979232
-456.17386,88.04771,-20.988462,42.55924,-13.495569,19.604816,-3.953375,13.051862,-4.9872108,9.189454,5.5230775,-3.9480793,8.60176,2.6007152,10.794628,-3.9644825,10.051627,2.2139578,1.8963544,4.0865507
-433.8657,85.69612,-21.433607,48.663292,-14.855969,17.259272,-11.025181,13.293218,0.7297199,10.483877,3.984061,-3.72105,7.763549,2.713713,10.769277,-3.3831744,13.573876,2.6656604,6.6692643,8.356166
-426.50244,111.74272,-33.161594,24.469599,-4.839497,7.6465173,-3.412604,3.8834822,3.1983154,12.31859,6.7319145,-0.19765429,8.634011,7.8754864,11.679456,4.2125998,12.186575,7.983152,5.689283,4.508962
-447.47803,101.5551,-16.330227,47.533337,-7.533668,2.6350276,0.5897332,-4.84082,-6.286605,6.736112,-0.6004493,-0.8785027,4.0155864,3.4654858,7.0222297,-0.016488314,14.303134,3.7283256,1.7583592,5.403812
-461.89685,69.23801,-15.255282,31.95077,-6.1085367,0.13961944,2.9923704,-0.05043626,6.6473145,7.839116,2.101706,-0.71872073,2.7345138,10.544114,14.033263,12.876816,23.436644,21.20955,17.432486,9.69335
-460.58527,109.308426,-29.015533,39.628613,-9.4370165,11.367874,-6.5797787,9.874818,-3.2287862,8.889452,7.020049,-0.32233432,8.791703,3.5674508,12.0501795,-0.66922146,10.378708,4.144083,2.7693279,0.25709096
-395.01038,96.72689,-40.923225,37.014385,-20.239925,17.76023,-10.378683,10.839978,-6.1298428,3.2476962,4.642067,-4.754447,5.5407634,-0.81167495,8.576731,-3.501437,8.408095,3.851957,7.5321813,5.915072
-431.76633,92.599434,-31.993557,66.70888,-5.9408345,-5.974999,-0.94627005,-2.9209726,-2.7706354,-1.7630917,2.765699,3.1854289,0.18815415,5.2973313,7.8689117,-2.1695144,8.896972,2.6123042,6.5590687,10.744967
-438.38306,114.197266,-39.133533,38.409832,-1.8478768,8.704354,-0.5052753,8.348669,5.7408843,7.458699,6.3304324,-0.5240054,5.451061,7.9899626,8.646637,-4.740994,5.6869116,4.8468986,3.1700616,8.504799
-438.5932,100.72617,-18.10534,49.507534,-1.0709974,0.53558356,6.553752,0.8569102,-5.7955256,1.3965857,5.2019944,-4.648306,1.0946379,7.963063,9.358848,-0.93428034,4.0153227,2.9909952,-2.8143442,0.5888096
-415.54388,101.84495,-26.974627,39.223053,-0.3188972,8.481448,-4.059389,5.0487924,4.625815,7.3877306,5.0087814,1.2864684,7.690659,4.982847,5.4955277,-2.4112346,6.3016653,1.4065268,3.992516,5.8782744
-393.94763,64.65467,-24.942848,32.833492,-3.394154,11.203421,-11.544442,8.044549,-3.3564768,3.2950644,1.9224803,-0.37212372,8.1015005,4.639538,9.128078,-2.3464746,8.42747,1.4641464,5.7368784,4.9189034
-400.84396,94.60664,-39.59123,28.223051,-10.331067,11.112484,-7.847174,2.3826091,-1.0650209,6.662159,4.0397444,-1.2463173,7.205684,1.8056788,7.4657054,-3.718223,5.05759,2.9379423,3.8598266,4.1608033
-432.43835,87.40471,-22.595978,45.947414,-1.927756,6.3887634,2.1944592,-3.4576962,-1.847587,3.8647177,2.6374135,2.5239475,2.6278055,2.8371873,10.158926,4.169677,14.729396,13.082066,9.283574,7.5315566
-405.85757,73.17336,-22.309534,46.72715,0.26885608,0.58049965,-10.059598,9.237373,-1.6867023,0.43643296,-0.061747927,0.64343387,4.757455,3.365617,6.9603257,-4.618442,6.7166815,-0.9231385,3.6378884,6.801677
-403.07736,89.07353,-26.04804,54.322624,-9.408638,3.830759,-16.336777,6.587653,-2.9655237,3.5013642,-0.81509554,-0.34810272,9.258373,0.06797232,9.90595,-2.499346,7.7622123,-0.49049678,3.0703266,2.2914991
-455.08566,107.574715,-18.361536,38.11232,-0.0755058,10.678985,-2.2305768,8.616367,3.3105898,7.761258,8.799284,2.150251,9.756432,5.8932266,11.7626,0.6797791,5.831071,5.253226,-0.06368492,3.1026075
-445.1171,107.03439,-23.257166,42.856182,2.1542923,5.0349255,-1.3303623,4.4101152,7.0689945,2.2314856,3.6700387,-0.94704527,1.7028064,7.837915,8.850001,-1.1325184,7.952535,3.9770527,0.17463605,4.097574
-428.31412,112.3757,-31.80608,38.182274,-8.676366,13.200313,-5.9344153,6.284204,-3.2381978,10.233863,2.6654217,-0.6469593,7.037077,-0.070027165,11.184968,-2.5998218,8.031692,1.2715034,-0.34381843,1.1018052
-409.26376,108.560715,-34.30729,30.644983,-10.508473,-3.308113,10.381599,-2.3187835,1.7911562,4.3556542,6.429507,1.4400798,1.7556263,8.072587,6.938373,-0.3959143,3.2392519,6.9516377,4.797646,6.940554
-439.92386,99.8368,-27.621286,41.86563,0.7426307,2.6258118,6.5858984,-1.0089763,-0.4467758,7.706962,5.900917,-0.78981394,0.7617527,8.019194,9.15384,-0.68971485,9.892202,7.9160213,4.8824854,5.389246
-406.27377,97.09774,-25.265326,53.84645,-5.0752716,-7.623785,-6.270596,7.826796,-4.3383155,0.7964924,2.287462,-1.4700813,4.8013167,4.3518205,6.641844,-1.0104817,7.1309733,-2.7144585,0.8388695,3.2174811
-400.35712,101.305046,-29.068785,37.700302,-13.800253,9.181595,-4.7280974,2.437825,-9.262621,1.9937505,4.757472,-2.8644667,4.653321,3.6363375,7.2849584,-5.171083,7.202221,-0.9959653,-0.5803465,3.5238318
-411.82324,104.45085,-33.616543,38.791054,-8.471053,7.9140525,-4.4205294,5.3180184,-4.32851,3.326183,6.5229564,0.31273758,5.934977,5.110972,11.349535,-3.3634098,7.618851,1.8373375,-0.31008017,6.1072536
-411.9475,80.93743,-16.987133,49.064415,-15.183234,12.054037,-1.8644811,2.5227475,-5.927652,3.144703,6.7589455,-1.2586415,5.240743,5.8984823,11.369106,-0.51330525,8.6444435,2.7120347,1.5034764,3.3454788
-414.96628,101.00779,-24.852726,23.7863,-3.1675718,3.8804731,-0.59675413,2.4733722,-1.6583737,2.5073388,1.6009625,2.3506045,2.0818653,5.880257,13.578654,1.1164153,10.757101,8.752767,7.204842,5.2754197
-401.65463,91.871506,-26.86445,27.64708,-15.356596,8.740285,-4.873944,2.8716848,-2.4651616,6.3957267,1.6952938,-0.545762,6.98968,3.60635,9.627922,0.19784635,10.903764,3.9282742,4.896058,9.717579
-422.56116,85.21671,-11.821494,27.752,-10.852635,-0.88281655,11.463472,3.8540308,1.8005991,8.86144,6.264741,1.2934576,4.011394,8.300007,6.7327676,0.60429287,7.9787364,4.0431952,1.3765444,6.6623483
-447.92493,91.128136,-21.469118,24.88469,-3.904576,9.649897,-2.6652792,5.768616,3.1587493,10.479907,7.180568,-1.6897299,4.588137,5.4670696,7.279814,0.93017906,11.879794,7.9459834,6.2839513,5.8493705
-425.00092,109.34285,-25.289892,27.806656,-8.686084,11.711411,-2.5803292,0.5424448,-4.8631954,8.322971,6.380993,-0.7226044,6.0959477,6.28419,11.697132,-4.020693,7.80983,2.9205341,-1.6160651,4.201567
-441.8995,107.25233,-37.38583,50.498363,-4.5314717,-8.4266405,2.8381312,5.2993608,1.3865994,1.7283002,6.583854,2.599849,-3.9146037,5.1787577,9.951739,-3.505015,5.3513017,1.9924548,3.4521387,5.8361154
-428.2324,96.04069,-25.193495,46.50413,-8.800288,7.922128,-7.281855,5.58675,-2.037363,1.2877271,8.144833,2.6383862,5.5441256,3.3772733,10.627319,-1.1481969,5.040096,2.1572556,1.2325861,4.2591944
-405.60837,87.65121,-39.0674,37.750072,2.2195976,-1.3977643,-7.493699,-5.0291696,-1.8243601,5.1534452,-3.7998075,1.7888049,10.167209,4.6894326,12.315422,6.8013206,10.376574,6.9266567,10.378066,6.910149
-384.99713,97.306305,-34.20339,41.386665,-9.911357,6.286727,-16.006857,3.1404655,-2.329199,3.2505107,1.3000771,0.68174416,5.9226713,1.9660625,7.754834,-4.6752872,9.641749,3.87451,8.463675,7.250693
-456.13452,88.53916,-11.801855,47.894455,-2.2398028,10.563036,-6.7414074,6.5615907,-3.7105486,5.5577874,4.4143176,-0.9260202,8.472404,6.9709144,12.103745,-1.8450018,9.503648,4.0863442,3.5351708,5.671893
-433.9025,85.282135,-21.083918,47.524055,-5.948956,0.27514392,-6.121472,0.12661032,-1.6320689,1.9044079,2.325371,-0.75162697,2.5922081,6.572938,8.857715,-4.616806,9.054242,2.8823175,0.8285188,5.647557
-438.4504,99.12915,-24.929823,19.302462,-12.359136,14.960528,1.5743277,3.7658951,-2.3329787,7.122171,6.6022534,-1.1681538,8.482183,6.011435,7.5795064,-2.7435172,3.4368696,1.1358527,1.549136,3.7165043
-393.0047,88.61491,-35.65524,35.647697,-6.297265,3.7711236,-1.9161187,4.4524846,-1.532262,2.7113814,4.3247895,-0.27614993,3.9308083,4.9469237,11.370411,-1.394184,7.8156533,8.952177,4.535374,6.5958147
-411.0817,84.14172,-30.8751,42.921482,-8.527586,11.642435,-4.8130603,2.5844865,0.4962588,5.509094,6.0886197,3.852998,6.4689894,5.5804424,11.118522,-3.0399487,8.857292,3.8898027,3.628669,6.4588137
-441.04776,85.283745,-22.546259,57.49151,-14.035539,14.929442,-4.6576686,12.684137,-4.458809,7.8388658,5.1259165,-2.147208,8.335086,2.9522529,12.379776,-3.0986772,10.13966,1.947882,3.0305228,4.6652846
-434.1606,112.460785,-22.010536,43.179214,-13.561217,10.815165,3.7998235,7.4414344,-1.6460835,4.459021,6.8411956,-2.5532374,6.581987,3.0656378,7.5906873,-3.241386,3.2955024,5.0924335,1.6643921,3.2080069
-399.97147,77.30565,-15.207173,35.727505,-2.5578122,0.0064615267,2.493778,0.91509104,0.33881345,5.3801255,0.32168552,0.4478242,6.225502,9.769028,11.481751,4.7509174,13.663292,7.2395315,4.473908,8.190163
-431.63303,100.02073,-28.318604,46.40972,-0.72897667,1.1121029,-3.1667843,3.4631436,-1.4814065,7.1287537,4.6198163,1.9877824,6.088512,5.208995,8.7765255,-3.251015,7.424086,0.8690061,2.8705075,6.6406417
-459.3553,106.232925,-24.767279,49.24047,-1.0347625,5.8167157,-3.087642,5.567793,-2.2716622,6.9776998,2.5712006,-3.0103774,4.6192045,5.3964667,5.3448014,-5.304193,10.204258,1.0979903,0.74908197,3.1927273
-415.00876,104.30335,-25.904476,33.87004,-7.72861,2.4422596,-2.289409,0.67167526,-2.042385,3.1556032,3.4468176,-2.6102686,5.969088,7.7601786,7.351321,-1.2963,4.002689,1.8630385,-0.72973317,-0.35524616
-390.1432,99.94302,-52.24553,17.950867,-15.5602045,4.6869273,2.7907822,-3.8125153,-2.9482188,7.64191,1.2719545,-2.9355018,8.530903,5.4384294,11.007388,1.1199266,7.7469516,6.114104,2.922198,9.298349
-441.86633,90.01958,-40.336147,22.613752,1.4200017,1.9769797,-0.9473177,1.3747488,14.491267,13.400748,2.6594837,-0.54681784,2.9796867,6.367604,9.117457,6.5590014,13.802761,14.9606695,15.536064,12.32749
-423.12372,103.57825,-27.83959,29.685953,-3.3926578,1.8175211,-4.6999936,0.74796826,3.4147363,7.9033837,4.648054,1.264461,4.5063615,3.0734992,6.619018,-2.4419696,5.9828224,5.5334272,3.6548073,8.5634775
-418.27475,114.10088,-32.101578,28.3213,-5.8006577,6.9894757,-8.203744,6.727502,-2.5169182,4.29266,1.3447549,-2.469376,4.62286,1.8701593,8.50118,-2.2974987,9.038879,1.3642068,3.5458183,4.3945065
-405.0577,94.57675,-41.54392,31.249197,-6.754305,5.4228125,-5.400336,-1.8422182,4.2734027,10.284736,6.191623,-1.9343812,8.262396,6.016233,8.888912,1.7669505,7.5693226,6.648751,2.9459105,4.808698
-436.24,85.100464,-30.669443,36.263454,-5.732951,11.098482,-11.790715,7.9759793,1.6588057,9.12885,3.6060078,0.40853128,9.0385685,3.0395927,6.3419147,-3.541713,9.425786,0.958553,5.8258295,6.844809
-426.9575,60.793064,-32.233765,38.706516,-17.818716,11.995643,-13.772863,4.9813538,-4.1212893,3.1749349,-4.16544,-3.0165753,7.5908613,-0.8027844,12.28583,5.5846415,17.39851,4.268397,4.7772765,6.4713945
-435.7734,125.894295,-27.223284,44.070942,-13.331962,-0.14343977,-0.290934,3.7862728,0.69711614,-0.07027594,3.46205,1.6710414,0.8932839,2.9330301,9.713998,-3.42077,2.8147912,0.8508535,-1.223244,1.9302036
-437.44122,91.85438,-22.708538,52.514137,-1.2714381,2.122546,-0.43494183,-0.4901436,-3.6420846,-1.642643,5.746661,-0.2588366,-0.40311787,5.8290997,10.2695875,1.9876695,10.367662,8.3304405,5.1257186,6.833113
-443.23837,99.16289,-35.31501,42.655464,-13.40592,5.5646987,0.5887722,4.7443714,2.8670464,0.8397331,5.9668427,2.1210353,4.3061395,4.706981,12.556496,6.544347,14.524053,11.2638445,8.726999,10.87585
-424.5318,109.4284,-27.542612,41.032684,-5.4946465,9.076914,-3.4620736,7.03326,-2.883214,6.5875897,3.4714117,0.43339694,3.51666,0.23585145,10.809182,-2.2743015,6.356928,0.74698424,1.7488728,2.5028358
-409.5077,105.06807,-28.883959,44.884937,-8.502593,1.2415227,-5.156557,4.7475095,3.114532,2.4142597,5.9915485,1.3810359,5.482684,5.9026074,9.44258,-1.3763552,4.675621,1.4623479,1.435584,5.362367
-403.79474,116.01851,-36.431847,22.617159,-4.4543962,8.225171,-8.990445,2.903715,-1.0161595,8.016669,1.398235,-1.567795,6.8229823,2.6803548,8.904865,-1.1570965,9.746697,4.5579686,7.426018,5.3723297
-390.62747,89.6188,-29.71463,42.397217,-1.4387887,1.9157375,-12.560129,5.141005,3.5803068,1.0453225,0.92804563,4.6539116,8.883123,1.853705,8.248695,-1.7138796,7.6328797,4.463376,2.4204595,6.328231
-428.54044,100.34869,-18.887379,41.138153,-10.446452,1.2061194,-4.6656995,1.4144026,1.1859411,3.6806903,2.8833904,2.2034569,4.8634205,2.1093354,7.5143075,-4.830355,2.860266,2.947415,1.5442177,6.4590693
-416.869,97.10957,-23.225119,27.733492,-12.587776,11.273318,-3.8676171,7.6418734,-2.939708,7.8875766,6.854193,-5.5496907,6.7785764,4.8546033,9.964927,-1.7000927,7.9319124,5.709651,3.2798505,7.747367
-437.70874,85.30712,-21.28436,36.205307,-16.16468,16.716112,-1.075284,11.5708,-3.0484235,6.596475,2.324537,-1.3627605,9.685912,3.5317802,11.486671,-1.9084715,9.761753,1.5618039,2.5321176,4.209216
-452.03284,80.91039,-8.696216,43.422604,-12.260045,16.3624,-5.086186,3.9359207,-7.158451,5.150885,4.6332545,0.25444114,9.237898,5.0562167,8.712325,-6.363528,8.2858095,2.8020878,3.589905,7.151394
-430.92,86.86079,-20.463882,44.062687,-0.2575066,13.83108,-8.147207,4.370374,-4.5987177,5.8817716,2.979802,-0.90743095,7.3947806,2.0610716,12.217322,-0.972038,7.0464334,0.5457543,3.0316708,3.8794854
-457.2904,75.10106,-19.424168,32.841434,-0.72472715,10.661029,-9.359332,14.459398,7.821212,13.077231,0.9540806,3.7417414,10.059678,-0.7812908,7.8979445,-3.6365383,5.1872883,1.0502838,8.46187,8.127758
-410.92993,105.966965,-19.517538,42.959274,-6.661694,7.510223,-5.5358586,13.639219,-2.2438467,2.4462364,7.657371,-0.8296012,5.509531,3.336168,11.423339,-1.9793841,5.889713,1.932858,0.9266688,8.284183
-466.7412,109.51858,-21.118814,40.03955,-2.318086,5.0067344,1.47873,4.1556153,4.9311676,4.256876,4.9345574,2.905397,6.71989,3.7240076,6.8828244,2.7829728,6.441489,2.2557771,0.6071288,4.377383
-425.3734,87.652695,-16.650873,29.530293,-19.287146,7.2180424,2.1327193,4.394258,-1.0876536,8.204974,6.3731728,-0.36403382,7.0970106,5.7594776,6.600065,-0.79450667,11.911447,5.3199244,4.112009,6.3535824
-454.8889,91.65541,-32.63942,28.053253,-11.59571,12.299681,3.800023,5.8851066,-0.57754296,6.9500732,4.681865,-1.6279736,7.314927,5.024476,8.161794,-0.15539558,5.3224993,3.8720942,3.8328187,4.8421464
-380.8692,90.00803,-30.759186,17.890968,-6.259382,-2.505538,-1.7692233,3.3410203,-1.0027997,2.8095512,-1.5667766,-2.0481446,2.2970014,0.45709598,5.1123705,-1.1406794,7.5339603,3.7794607,0.9257874,6.134122
-427.27295,113.28897,-23.652124,45.843727,-1.7078363,-9.651802,-0.32846394,-5.1281776,-0.79362726,4.7775264,-2.0648947,0.6789508,2.166251,4.450361,10.955263,0.4980519,9.49754,8.3641815,4.8128715,10.676518
-468.07593,85.58877,-15.88333,49.458206,-1.3335793,-0.99203944,-7.255369,9.875323,5.4250126,0.7049963,13.081414,5.5347705,5.6942773,8.858446,12.242291,7.9295826,12.179234,8.450643,10.11199,11.969949
-432.1867,104.59859,-33.464718,25.467915,-9.306927,13.541238,0.6456024,3.2427533,-1.620892,1.8021044,3.9648151,-1.0776848,4.723947,6.94456,11.948883,0.2879893,9.420586,5.902195,3.011113,6.363184
-425.88818,75.86076,-33.807228,19.33222,-0.53622735,6.769786,5.3230047,8.371314,7.9976325,7.1695375,2.1574583,6.2845373,5.8530197,0.50072557,7.4955673,0.39300308,6.12413,5.7533913,7.716779,11.939139
-440.80023,119.67175,-34.62186,23.413368,1.6647068,2.8886979,-2.031816,-5.045371,1.7638335,6.284545,5.2273135,-1.6587385,3.4760177,5.6410995,2.0782852,-3.4238448,2.5252564,3.6131542,4.1095457,7.9144645
-453.9591,104.31119,-11.526367,24.148693,-6.549535,4.056588,5.135194,5.235847,-0.6542136,8.427357,5.827046,-0.2616425,4.277839,2.5599928,6.5784664,-0.31625164,5.064734,6.0675135,5.6593065,6.962955
-407.70862,99.59542,-29.065956,20.270073,-9.292734,9.766508,3.3625195,1.7467818,-0.32089734,12.046675,5.771226,0.26548332,4.425296,5.976052,11.788134,-1.5835543,8.920427,3.5153315,2.004075,7.6098776
-437.07635,107.21284,-39.02696,34.868076,-0.5276768,10.151071,-1.3848977,5.6692204,6.631485,6.900061,8.664873,-0.6090043,4.639451,7.959645,6.01065,-3.1332474,6.332422,2.586223,-0.4345026,3.8520226
-408.04556,95.91187,-39.878044,38.419937,-8.84978,2.1135213,-1.6530299,5.9022875,1.9709686,0.11799985,5.220221,-2.0183363,1.1865774,5.3524756,7.8682566,-2.5093756,5.6707883,5.9224176,4.2385635,7.6048913
-416.85202,115.914055,-20.833027,25.415005,-7.156183,0.7932148,3.4877818,0.22569782,3.1036966,8.115382,9.631665,1.8097888,5.112371,5.660633,7.009663,0.4422657,1.2258995,3.2923114,0.28437045,4.3310685
-454.76236,84.62359,-22.827066,20.403917,-14.984778,-0.5590827,-4.3421655,2.314134,-3.2399256,4.771329,1.435742,2.8338792,7.990882,-1.4238405,9.109583,6.3392916,7.6364417,4.166414,3.2764733,0.055731762
-412.4576,109.95034,-45.285686,24.348585,-17.500427,2.0414703,-4.7091684,-2.3087687,5.7165375,7.0584245,1.4001269,0.60981303,7.820227,10.453312,17.854399,8.093118,10.55961,5.264608,-1.1492774,1.711686
-432.63248,95.31857,-37.20715,26.690794,-10.070241,1.5454639,-0.2082576,-6.2017407,-0.5786124,5.57933,-0.14646083,-0.22318639,1.1595073,9.309744,12.196556,3.1473227,11.798986,2.719984,4.454841,5.2483172
-423.3381,89.41918,-26.383064,39.789238,1.0357335,1.9842676,-8.96858,1.818468,0.50760245,8.348332,-1.9952772,3.6910796,7.600026,-1.8834878,9.143921,-2.079602,4.1532006,-0.16403796,4.36565,7.4951687
-399.25565,90.967026,-31.842394,26.25243,-6.6612453,-1.6678324,-0.04057745,-4.9987893,-5.8631344,2.2754858,0.8918597,-0.5877646,-0.79571056,5.7045674,11.0609665,-0.8337866,9.438234,4.8460927,7.5410924,12.48174
-424.3198,106.74666,-20.511044,44.76181,-4.737738,2.453678,-5.4500256,-0.42485523,-3.442403,2.0624475,-1.0325229,-1.8210719,3.570108,5.180868,9.89398,-4.730682,6.3863173,1.3951219,0.6962164,4.8524513
-444.45087,105.50417,-26.294355,43.071316,0.71628255,5.289965,-5.0130396,3.0646906,7.077612,3.7887511,4.4635277,5.947938,6.807264,8.947454,8.970208,-2.0628297,5.9051356,1.1848456,1.893137,2.5335863
-427.84683,89.7879,-22.013554,37.946823,7.078692,7.1143374,-7.082158,4.181722,2.4424446,8.41283,1.9390806,-1.4486957,9.553388,4.715952,6.4502935,-0.18155013,7.831306,2.6581888,0.8931745,4.5254507
-455.36093,104.911125,-6.749545,31.67824,-12.938748,1.5514206,5.9359775,0.32982826,-10.262443,9.132281,-0.09959577,0.4158854,5.8959546,1.5923709,8.849915,-2.3413002,12.487651,6.8250184,7.2626624,13.556463
-420.00726,87.135765,-36.490196,31.636282,-10.737622,9.240011,2.0324502,5.8705826,3.3072355,5.514734,3.5384834,0.20622377,8.90052,6.866196,9.6676035,4.4536915,9.140488,1.3750366,-0.2261847,4.50114
-464.84613,100.183464,-28.493727,44.272556,-0.34512752,-3.0970833,-0.5095462,-1.8502446,3.4500675,7.6177726,2.0922341,2.070311,7.3656125,6.3839803,5.4874454,0.92548335,7.0131917,1.688516,2.198704,3.6388679
-447.9607,117.293655,-30.370121,38.94887,-6.7487717,4.9140916,0.1695753,1.747692,-2.338692,4.881721,4.247181,-2.5015638,5.4048686,7.6204524,4.8669133,-1.0414139,8.616477,0.41805065,1.0000881,-0.26830745
-411.83072,84.89283,-16.825602,21.025257,-6.2021384,7.87208,4.438675,-6.078415,-4.5865674,5.0675874,4.176144,3.043022,10.680259,11.859113,10.224773,1.8904381,6.7484565,5.22845,7.2535024,7.395373
-422.47818,92.44901,-27.225122,44.886784,-9.940301,4.9135604,-5.7154922,3.1022484,-0.24444208,0.5625706,2.0290322,-1.2994502,4.436719,6.439447,9.429469,-0.1699867,12.403136,4.582822,3.8967144,6.437199
-398.0042,92.77714,-21.925667,34.617832,-4.032875,2.5357614,-8.132781,0.70319027,-0.69081175,4.868254,0.84935015,-1.1748673,6.3274336,4.922575,7.1541643,-3.1293225,5.5047235,-0.18235365,0.878688,3.600449
-388.07376,92.654945,-34.103035,47.379356,-9.62984,3.151566,-8.97109,-0.593946,1.0220493,6.400829,2.5517976,0.6501764,9.320959,8.290651,15.549879,3.5028822,12.680884,6.015987,0.7236032,4.3077955
-426.6162,109.97927,-31.56731,45.5776,-13.278995,6.722439,-3.970766,0.13239422,-3.202229,3.8655052,6.1327653,-2.6679409,4.518422,5.057399,9.171633,-2.7684777,7.211038,5.207768,-0.8783611,3.264114
-432.02692,93.33076,-24.433876,42.459087,-5.4129477,3.5244544,-3.0760994,2.1792638,-4.8210244,6.071444,3.4076447,0.476108,8.110287,11.170251,15.436008,5.9445963,10.933654,-0.7226495,0.91425276,-1.0004088
-391.8735,107.6383,-52.711563,26.553726,-7.6188526,-1.0893259,7.816628,-2.3125696,2.9466314,3.901614,7.1218686,3.448793,0.7114307,6.4460435,5.4738917,-2.1468036,5.471903,8.0156555,7.530003,7.9622445
-395.25327,109.41523,-32.93686,31.94707,-6.0356903,7.6070085,-2.0139277,9.464081,-1.0852197,1.0960672,5.407949,-2.6373563,3.4171019,3.5278711,7.5142293,-3.0460398,5.149043,1.9012733,-1.8764045,2.5416255
-402.83377,112.30091,-24.435396,30.476305,-13.952309,1.7619369,-4.936017,1.6346673,-3.288168,3.7859368,-0.8329784,-0.8033094,7.847163,1.9321223,6.5830936,-0.91090155,4.0762854,0.41788843,4.179484,2.4583745
-426.81583,97.48452,-26.248611,29.533077,-3.387756,-0.7571677,-0.36451718,1.8642067,2.8079703,4.1824284,1.4071865,-0.7297424,4.6248994,11.721663,16.553495,8.60736,14.455346,7.667332,4.218604,6.850596
-468.3603,100.263504,-30.708912,36.491714,0.2570927,1.1356044,6.4332476,-5.688821,5.303538,2.5203981,2.4648168,6.4312954,4.21215,12.114959,14.539184,2.6775093,5.8584137,7.759191,4.717738,5.193394
-475.40088,120.50883,-16.520445,36.35334,-1.4270707,-2.4642935,-1.8456734,-3.202892,0.35454297,6.7760644,2.8729718,-1.1908499,6.0623045,5.587458,5.871133,0.10696246,4.5162377,1.1310942,-2.3803396,0.27862784
-396.9606,91.01923,-32.16153,28.498976,-10.045307,6.2579436,-8.405488,2.5759258,-3.4787514,7.3687224,-0.040673893,0.24373245,6.264368,1.5349076,12.892773,0.4833064,10.370001,4.3955812,3.3839974,5.1188416
-437.37955,62.976612,-34.850094,39.445927,-14.151848,1.0741359,-2.6811836,7.0838456,-6.1638255,4.7040915,-3.3627539,-1.1219436,2.8775692,-6.9104614,8.561201,1.6993005,11.081246,7.7670465,10.260052,9.79814
-416.98688,68.55899,-41.311077,28.22628,-17.1667,3.0901322,3.9072196,3.0982382,-4.6071525,3.458736,-3.5250971,-0.7397789,4.875624,-2.5419974,7.672994,1.5098002,11.459523,7.186639,7.903265,10.714491
-444.20413,107.22774,-24.631294,33.84685,-16.870405,10.616148,-1.5082312,10.561939,4.031188,9.288711,5.911094,0.48048377,12.476587,5.3645887,10.377339,-1.7408626,5.5015182,1.6190858,1.8659194,6.3213096
-440.04987,102.93311,-25.37439,53.402824,-9.195319,11.087038,-10.090181,5.632334,-1.3493443,4.7111115,6.233288,-0.9522952,7.671936,5.221455,9.176392,-2.3736248,10.293532,1.845961,3.6286745,6.6569395
-457.6022,83.16562,-11.075107,58.80391,-6.7653713,9.501047,-8.129417,12.10191,-7.11265,7.2311306,1.35978,-1.776379,7.344487,3.0704267,13.239417,-4.421853,10.618859,-1.9042053,4.012641,4.842406
-405.56406,100.846054,-24.288382,30.346643,-18.702444,4.0064735,6.71223,2.8501663,1.3420633,6.0911293,4.4564676,0.6673333,4.7579985,3.506073,7.280947,-2.0409498,3.9322982,1.3904986,-0.7784676,4.5742826
-425.67203,107.80235,-8.924877,30.770952,-6.9213386,-4.878548,8.126794,-3.8566413,-2.653251,2.0798345,-0.43939403,-2.3735747,-3.2002409,5.176511,8.9221525,0.99959034,9.220469,10.675258,8.699745,11.572653
-444.77136,111.61912,-22.981674,43.758514,0.52953476,0.41665015,-2.7271123,2.1402502,0.8308933,4.9924545,2.566775,-1.1451463,2.6761596,6.1308155,8.684488,-3.7246292,6.5017,2.3250754,0.59179145,4.8400273
-425.10648,99.263245,-32.56663,44.08064,-5.062355,1.2414299,-4.5734487,1.67007,0.9261108,3.7996259,-0.87837327,-1.5076321,6.233398,2.9901083,5.7514076,-0.7710376,7.2498517,2.8730402,4.050864,5.363097
-413.57578,98.63513,-27.324656,52.509453,-2.3119836,-1.6079544,-11.251356,0.658558,-0.31475505,3.692516,-1.7752124,-0.17081077,4.9393024,2.2137926,10.465808,1.5610026,13.543574,3.1930413,-1.1855197,2.7914584
-410.46448,77.19821,-19.105402,42.152378,-7.8602514,19.57269,-19.187233,17.953966,-3.9761357,7.5189815,1.6268073,-0.18453899,10.91122,2.116224,15.395127,-2.204087,14.455738,-1.3394164,2.8984516,3.344378
-428.18942,83.68342,-29.309134,58.206516,-15.419697,3.0287366,-0.9035253,6.902644,1.7275329,8.299555,4.0019,0.5316919,7.6000705,4.767562,13.89586,2.4703908,11.008704,3.1621466,1.8216254,4.8325806
-406.94574,98.5986,-35.506172,25.511719,-10.320546,7.5010934,-0.35941032,0.1313375,0.72488374,5.0804477,2.3889806,-2.0150971,2.5829527,3.5234942,4.9903107,-3.494122,4.586993,4.532112,8.43472,8.099706
-446.22162,95.107956,-21.287336,40.023678,-6.7747703,2.693429,-4.678631,-0.2055767,-5.8916273,7.6802673,-0.4591175,2.1906517,9.120988,4.713134,10.365209,-1.2730565,12.053483,0.5445249,0.8799925,4.770914
-404.53683,108.85613,-28.280052,18.197622,-2.4896004,9.386867,2.5364363,4.112832,2.6614108,9.967327,1.942657,0.10362492,7.0008907,1.2820283,8.052706,-0.49640068,3.6453295,5.856265,3.7637246,2.9812539
-436.17294,103.229614,-25.39853,22.4513,-2.4018323,-0.026157983,3.817174,4.4098954,-1.1450624,7.696604,4.5553856,2.9290829,5.5462947,7.0214257,10.366631,3.929129,11.866175,9.379113,10.021934,6.3709536
-419.72998,106.69653,-34.51965,37.52501,-5.81349,-3.0114613,1.2794018,-0.43192473,-1.1139609,5.1940436,1.2992474,0.8805063,6.3076973,4.4636674,5.1677976,-2.8143404,4.3961163,2.5603688,3.5250247,8.061554
-397.43,83.60999,-19.049633,28.01101,-18.423903,-7.487136,3.3230445,-0.6317041,-7.5339108,-0.762557,-3.7866392,-8.652201,-1.8903724,-2.6535394,1.6026876,3.0230503,7.512746,4.4793653,3.9268706,4.624422
-426.3723,86.09911,-34.552628,36.067036,-9.689583,5.733264,3.464467,-1.2623042,-2.9205964,7.091834,-0.529554,0.9013389,6.2870126,6.11973,16.49872,4.0828824,10.927222,5.227293,2.1861923,6.176125
-451.0057,86.50273,-15.848497,56.96945,-13.431463,14.078085,-11.724923,11.84776,-5.4971,6.121712,5.8564024,-1.391563,9.207949,2.626349,11.543771,-4.5350366,9.51759,-1.6419412,2.9432383,4.3271523
-429.17014,115.2229,-38.73551,24.376974,-1.6745536,6.443647,-6.4203253,1.644922,2.6830275,6.291598,6.090034,-0.361399,7.5040674,4.536542,5.957413,-1.0497018,4.7938504,1.3258375,2.6410658,4.4025807
-425.23907,83.16458,-29.7749,39.645348,6.4791646,5.46465,-1.673024,0.8773511,-0.28236958,4.1923523,1.5179756,3.8916695,9.230094,9.316146,13.601152,1.2809551,8.4894,5.022322,2.9927812,3.740966
-412.31488,104.62835,-43.1541,25.357845,-17.335049,-4.4256387,-3.8036995,2.199548,-1.6365438,2.457142,-2.126226,-3.505852,2.9872658,-3.2552278,5.903478,-0.22673143,4.233692,1.6046175,-1.5770463,1.8311963
-417.92197,85.445694,-28.404251,57.863506,-16.876188,12.901183,-8.840801,4.1590304,-5.2393923,5.4558263,5.2696037,-4.5964937,5.354032,5.0920434,11.891381,-5.248644,9.041468,0.10213431,2.6582832,5.0532866
-400.78275,94.005974,-35.75291,32.03088,-11.715129,11.563974,-9.963465,2.5863514,-2.789716,8.664824,4.2449675,6.3417234,12.762145,0.82479066,12.12905,0.21554822,10.348622,3.950735,4.3208385,3.6163642
-434.47275,99.78193,-30.36446,36.582348,-8.421488,8.648099,-3.625058,-2.7476616,4.4138603,9.891099,4.0697646,1.0913076,9.921029,6.2228765,8.000839,-2.353434,3.4882364,3.968988,7.2999177,9.649549
-491.78,107.21401,-9.27858,39.743866,-2.085849,11.212939,5.7119575,1.892573,-6.2971106,4.284209,6.7123766,-3.421987,3.8812478,6.638425,10.923908,-1.6704521,7.2133265,5.6049376,-0.6586495,4.9295993
-433.80585,101.34027,-34.207317,30.68606,-10.938368,10.314112,3.6800828,8.513532,7.0901537,4.291633,9.53182,1.3653266,7.060831,6.929393,8.463755,-1.3337932,2.9553335,3.3006997,-0.9928981,5.581855
-410.83798,99.17304,-33.258686,28.10781,-14.489896,19.418867,-5.346281,12.185387,-4.189368,6.2882667,5.0782638,-4.1971726,5.437262,0.90500593,8.451859,-6.769014,9.0490675,2.3002634,4.2697787,8.681561
-440.72906,102.21824,-24.645985,37.955,-11.48404,8.434505,-1.6171631,6.002469,-2.536159,4.9569464,4.332864,-0.8053755,6.4518743,6.648281,10.346089,-2.8689096,9.182447,1.9252872,0.0023226223,3.8386781
-431.66876,92.814026,-38.005623,49.575924,-9.577208,4.0773106,-11.412852,8.127263,5.8826556,3.0899181,3.3344612,1.3442297,9.997172,2.5462217,8.5967245,0.83953065,9.95463,4.6021333,3.1291585,7.9334273
-415.58105,67.96998,-23.907066,37.581398,-9.132933,5.278138,-1.1606208,4.1272855,-1.0587795,2.9467146,5.5552597,1.2761793,2.4385653,4.906061,10.861061,1.7672032,12.291327,9.298133,8.007231,9.595262
-398.34512,105.00428,-46.72332,24.289106,-16.816856,8.046928,-1.1965952,1.764056,0.43531823,9.047667,9.573935,-1.9733585,5.007084,4.845671,6.124405,-0.19891779,8.796668,4.839346,5.1077614,2.334004
-433.4153,92.60472,-44.916172,48.703465,-13.51685,2.334571,-14.5080805,12.886209,2.6091108,3.3703103,-0.22675282,2.8968415,7.4669147,2.1580083,12.174791,-2.4489894,11.379976,-0.72236514,5.068219,7.2571073
-415.4156,91.25466,-24.859762,32.223797,-6.228153,13.368715,-4.013586,4.8002453,2.8936923,10.228518,0.94682175,1.4012123,9.77702,3.6601956,10.359242,-0.51638615,13.872863,10.241893,5.6684637,5.282806
-404.53503,93.52663,-42.795517,54.401268,-13.101013,9.657666,-12.415254,8.352523,-2.0820117,3.879221,1.8051348,-0.73939365,4.7322683,0.6378264,12.329399,-7.082278,7.804013,0.6379812,2.6958258,5.547197
-386.9547,113.14716,-39.07223,22.681137,-12.214514,-0.9387501,-1.669768,-0.7291446,1.6399858,7.2688127,2.1320806,-0.94646984,3.9214911,3.143476,7.669429,-1.3670764,7.1823754,5.4086914,3.879199,6.5877557
-437.56284,104.109276,-19.523079,48.68393,-5.5547447,6.331795,-0.94173074,2.628926,-3.430761,1.6438522,4.4847813,-2.3386648,2.351764,3.4125757,9.977195,-1.3289498,6.09711,5.293878,2.7959337,4.7542715
-414.5521,90.712265,-28.12181,36.15111,-5.031808,12.991292,1.8629881,7.68483,-2.8054178,3.4015536,7.277509,-0.72033495,4.634628,3.6352472,8.718871,-1.8185362,7.6439834,5.194218,3.0796137,7.268282
-421.8265,107.115875,-34.422146,39.23217,-2.488392,1.0252274,-6.504163,3.1619604,6.1687694,3.1968515,3.9814148,8.266573,5.6514673,4.1585917,10.014247,-4.300048,5.168869,5.159946,4.3229284,6.402737
-421.6438,93.79779,-22.512867,44.306923,-10.13159,7.1934085,-6.7593384,4.8808947,-3.1221967,5.5978045,3.2464209,-1.9168385,6.264185,3.7928042,9.24361,-3.8216248,6.9392405,2.8506784,2.184611,4.830234
-420.8319,103.9867,-28.723576,40.388992,-6.398193,6.811241,-1.410427,2.3615475,0.59905326,8.248505,2.7597413,-1.2575276,9.1299515,6.6320767,11.057984,-0.27354968,6.8853683,3.918316,0.85351294,3.573365
-421.55917,127.83751,-46.24168,23.060854,-16.61568,10.551121,1.3943137,1.4139609,-1.6464238,4.6923814,3.2584236,-3.3102782,3.7218459,4.7413754,9.849409,-0.23828287,10.644019,6.00232,2.9351773,5.3987684
-411.25894,96.785736,-23.630404,41.308483,-15.088319,3.3220894,4.8820605,5.642747,-2.0296297,2.003424,7.05505,-1.8049904,1.9907126,3.9256885,7.040584,-3.4275463,3.2978013,-0.13644339,-2.1272104,6.9641676
-464.44693,102.40409,-12.859764,42.802044,2.4355085,0.9253865,-0.18125926,1.7581369,0.3273955,7.3954477,-0.055182874,-2.2613604,2.5642424,7.87346,8.004956,-4.232389,11.276261,7.2857165,5.5337605,6.4411054
-412.06644,79.13647,-30.547792,27.799505,-8.765363,0.37767562,-1.4683226,-0.28396928,3.1318235,9.850437,-0.13943511,0.5643926,12.217604,8.21567,15.708933,8.097313,10.314087,6.8421416,2.6433117,5.5629787
-437.56088,103.21395,-20.68554,37.693584,-2.668761,12.382319,-0.2767075,-0.6368593,-2.1949735,2.090005,4.0547767,1.0193431,6.982115,5.3407793,10.663929,1.2108849,4.975858,5.369618,3.9189358,5.3298078
-431.2754,129.34009,-36.15513,18.548445,-12.873673,-3.2017522,-2.8904436,-3.499974,-3.3141954,2.602798,-3.3257563,-4.9802203,1.1469003,-2.8504786,2.8454924,1.8978473,7.2278585,1.8222872,1.4770914,1.7076831
-410.5144,84.667725,-25.351456,34.465115,-18.835758,19.439756,-10.759304,8.324128,-0.89763767,8.166225,7.51213,-0.35766092,12.707701,5.506135,11.353226,-2.2981732,8.76941,1.5031111,1.2280729,5.547088
-413.67288,92.64994,-34.86096,50.587044,-5.9326124,7.766724,-11.586465,5.0662494,0.16075584,4.9483747,1.1791413,1.648593,7.8125653,-0.3501115,7.740285,-3.023205,4.48733,-1.3290911,3.519323,2.7298987
-444.94333,107.99091,-22.758831,54.726974,0.8248341,-3.8065736,-4.0517473,0.2865419,0.9142295,3.1902957,0.12070703,3.3145194,4.738578,2.0457728,11.765575,0.82093096,5.4730725,3.0270774,1.2417991,2.3882058
-428.7419,66.514015,-24.172796,33.72484,-17.39352,25.971212,-12.377816,16.190014,-5.658365,10.284225,6.6453834,-0.38933843,12.063381,2.8358996,14.343239,-2.82866,15.486891,7.5899963,7.420962,9.134339
-421.69568,99.340065,-20.830822,29.310064,-11.30089,3.2158597,-3.6590555,-0.43870685,-4.4504094,4.326732,1.8364296,-2.6895223,9.777432,13.739411,17.696697,8.061703,13.359989,6.317907,2.580366,5.679571
-452.39777,78.45206,-29.827286,50.33369,-14.320665,22.030983,-4.1140757,7.7484837,3.1355019,7.157127,6.4272118,-0.7987314,8.735545,5.4427366,14.014436,0.76524746,12.178627,4.0044875,1.8015016,6.362181
-493.18198,62.737125,-4.925822,46.384926,-1.7635918,13.902014,-0.9821995,5.091313,6.4329996,11.580456,7.168278,7.623389,14.329001,10.18086,11.012677,3.0737114,12.950347,4.458289,4.675596,6.9322615
-409.6032,90.57862,-23.372128,24.198778,-6.409487,16.235449,-12.953765,4.888225,-1.3347437,10.132806,2.4526367,-2.1369894,10.906449,4.042182,8.99642,-2.601369,9.951217,3.1585534,6.034284,5.5611835
-399.686,80.40944,-33.180622,53.079548,-16.016216,5.792995,-7.317916,3.887655,-11.26519,3.1295667,4.66708,-3.6816373,3.2794325,2.9472897,9.163902,-8.349046,7.3264675,0.39977965,3.1854954,6.6468973
-379.9767,104.46627,-46.954098,31.481367,-13.65168,4.751496,-8.214022,-5.7619596,-5.035677,6.4031568,-0.09758173,0.037391026,7.6293507,8.815502,16.670284,3.7374537,12.969615,4.612621,6.3961635,5.6185684
-405.78513,77.02246,-31.937668,52.787308,-17.99751,9.983868,-11.45167,6.724903,-1.0209329,7.235529,0.1719209,-3.9331574,7.6837063,1.7975109,11.956508,-0.1011797,12.534997,3.827117,5.6908607,6.0581446
-446.73856,100.688156,-26.598316,25.874405,-4.477141,11.820334,4.549883,4.266199,4.3256598,7.862009,9.722653,1.564628,7.994869,10.704813,6.598877,-2.9112074,3.8548946,4.825231,2.201535,3.6875184
-422.87314,94.74712,-15.800255,50.343433,-4.893296,8.023246,-12.366818,5.8979974,-6.5271325,6.64455,3.472167,-2.2811584,8.08438,3.4185703,10.974289,-2.571451,11.261407,2.2280314,3.4758837,6.3790994
-428.9413,104.78267,-31.77341,25.62176,-5.5104423,4.4497595,-4.879695,-3.3622582,5.1852865,11.185503,5.497438,1.1942239,6.8421884,8.13527,8.009287,2.554576,11.070878,5.4816413,4.1431804,3.5031548
-405.28452,101.25917,-32.60977,25.096401,-5.985242,3.2955754,5.301551,6.296527,2.2019064,10.188686,5.5050645,-1.4890189,6.6178603,6.795032,11.07423,-0.06885849,6.062018,8.089532,4.4134536,9.794252
-417.485,104.5869,-31.848682,35.9941,-6.240014,0.6836409,-3.2062895,1.6242357,1.0062109,3.4332178,2.0583246,-1.9445803,2.6917937,4.845501,4.7189484,-4.7034545,7.30999,2.607292,4.331169,10.117308
-430.2645,69.742035,-23.09408,25.454449,-6.9710345,4.31271,9.197075,-5.7069783,-1.6813639,4.659057,-0.85992676,2.8496015,3.8876684,4.5353746,10.50617,5.9998484,13.912257,14.03738,15.926538,17.592155
-461.07736,97.086075,-20.212774,46.971367,1.0600204,0.93362683,-1.1951488,0.69802684,1.7635992,2.6690822,6.140071,3.6374297,6.765565,8.665753,9.045371,2.2601717,7.5516567,0.4462583,-1.8171633,3.9504216
-426.04605,114.4599,-40.943596,27.417814,-6.8314724,8.270336,-1.9690425,6.868286,5.9239,4.0013084,4.5280604,1.4106972,5.9460464,2.6337585,9.420567,-1.7888848,3.2204525,2.594001,-1.4684813,2.7071764
-454.10617,98.60515,-30.247124,54.65945,1.6719447,5.448341,-4.401966,0.4155211,4.4883456,3.5022326,-0.42700043,3.3870924,7.237255,3.0926743,10.700226,-2.8524697,5.1453023,3.5996094,-0.972402,3.8393924
-411.0655,93.518654,-15.635065,29.670923,-7.0979433,9.811154,-6.699612,6.852069,-3.3858738,4.019725,3.565554,-2.33258,9.167693,5.952395,9.633401,-1.8726732,7.7570577,1.3790871,0.3535747,4.430435
-451.35678,100.426796,-20.810675,23.507563,2.2407403,14.075579,-6.657546,3.4548476,-0.15293933,10.735085,0.7824747,-0.9717801,10.106445,4.055075,9.743364,-1.4021146,7.017848,3.0747952,2.9817984,4.5654263
-436.71942,103.48448,-32.958706,57.393063,-7.690141,3.3726816,-3.7164886,1.9018822,-1.3095579,1.4952219,3.9496078,2.5779634,7.9092,4.8771358,9.355914,-3.0678425,4.898067,1.304512,3.091495,9.849295
-454.58136,91.858284,-19.45739,42.771866,-13.619114,11.877462,6.54942,1.8639282,-5.3584647,5.558589,6.350287,-0.41357997,9.396842,7.0121264,9.516022,-0.51893884,8.140109,5.1422815,-0.37900677,4.4563084
-398.50793,99.71859,-36.02307,25.02261,-17.614305,12.437715,5.045211,3.504256,-1.8866038,3.5110157,6.233092,-4.9116898,4.573473,2.4255764,6.7758107,-2.0254462,2.715906,7.020696,7.5485935,12.744781
-419.89725,100.04875,-21.95464,43.835533,-4.2635846,7.5499916,-5.828278,7.828864,0.46975976,5.029372,6.971561,0.06668171,2.6494796,2.436184,9.468947,-4.0383368,4.2880507,1.1617278,-0.68783873,3.467947
-431.83557,99.5416,-22.773283,35.288147,-14.282997,11.625691,-2.9503684,4.5154796,-1.3204871,3.763712,5.6347218,-2.5553014,4.351577,5.2598767,6.806327,-4.113586,6.2222857,1.3276525,0.89085114,6.215585
-444.46234,104.950584,-24.274231,27.844007,-17.011606,-1.9658285,8.564314,-5.9225183,-9.519883,1.064911,-2.5761862,-3.114896,0.85492724,-3.848422,2.4876516,3.135181,6.758138,3.3236487,3.2927926,4.624344
-410.30826,66.129776,-30.83399,37.17245,-13.140954,7.8726993,-10.97015,7.986091,1.5931339,6.07111,4.2731543,1.9593068,9.237248,2.333539,10.013212,-3.039773,6.6821613,4.7423816,6.8248734,10.43738
-464.45514,92.892395,-17.532637,39.60046,-1.0222929,8.146825,-10.778116,3.0606422,2.263252,7.8090506,0.1934452,2.9468772,8.693502,3.8101208,11.843318,0.26945326,10.827457,6.1822405,7.639499,9.33145
-420.47113,91.963936,-19.941399,43.217266,-5.866211,12.448341,-10.530036,4.264967,-5.2469897,3.1109827,0.5688692,-4.2785525,4.7937927,1.9596202,8.22174,-5.9593034,9.020574,2.3562713,-0.48305106,2.9494689
-432.0772,110.715385,-27.13092,20.585981,-10.21293,9.038588,7.63627,-0.5569099,3.225051,6.154479,7.9292264,-2.9742415,3.5344763,8.471901,3.5928168,-1.0916986,6.141318,8.179248,4.760126,7.9883337
-423.73434,109.56431,-19.84336,40.84958,-6.644523,4.215695,1.2648515,-0.32578635,-7.8489923,3.8347747,4.4408545,-3.5674558,2.146422,5.582179,7.580771,-4.29735,5.8835564,5.8526577e-05,0.8799839,3.9783902
-443.01572,91.33608,-10.759402,40.451714,-13.933265,5.9667344,-3.236915,0.011372331,-7.8893347,3.3960104,-0.57928556,-1.3175901,6.039708,3.0741968,13.522185,0.8536587,10.885596,8.041869,5.5012465,7.3690147
-408.50055,78.18904,-28.369415,34.84786,-12.530027,10.932548,-3.2408354,2.8309991,-1.0334356,5.4268055,3.3583226,0.5268826,3.778858,4.548742,11.461693,2.3159494,19.331017,14.768936,15.998211,13.389292
-414.2982,99.62125,-41.3002,33.20908,-11.052722,15.4334,-10.23662,9.38619,-0.8967461,7.5054836,5.2450504,-1.7353387,6.7721972,0.16207986,8.664349,-4.4651556,8.434536,-0.9961188,0.82830846,2.0926125
-423.3921,119.46466,-27.258486,46.939342,-0.13974753,-1.9733031,-0.29538804,1.205572,2.896139,4.9875546,4.4867015,-2.2782753,0.9392218,7.909026,5.8600006,-3.9475758,5.8388124,3.3978431,2.4809003,6.9630675
-475.435,102.62825,-17.806927,26.241611,0.8432989,0.63958997,13.352997,-1.3347263,-1.5077306,3.7426057,-0.13514252,3.4531326,3.574201,14.105373,15.276152,5.299073,12.221983,9.600603,8.432803,7.515985
-502.7636,96.24083,-9.810431,36.64556,3.6300118,9.690231,-4.417466,7.76143,6.3932967,8.298335,4.812432,3.7614348,6.963045,4.6340585,8.377459,-0.38409567,9.850824,6.7910986,7.220953,6.9907675
-451.9003,91.66575,-3.3871424,46.423344,-1.7020345,6.0577254,-10.764546,8.459599,-1.2398585,6.878933,0.9833455,1.1605073,11.18836,3.0373404,9.497014,-2.0421524,6.172063,1.0505391,2.668224,5.281735
-413.91486,110.37861,-42.779873,42.799572,-8.090208,10.945359,-4.6666903,3.420467,-0.7424579,6.0814576,5.870573,-3.9016628,3.6539772,2.3272214,7.824381,-5.2591844,6.2803574,3.4671216,0.8930383,5.4118395
-411.56055,78.620125,-17.37127,24.797276,-5.678012,3.1106443,12.402849,6.9658585,-0.7101698,9.189437,5.819128,0.42109445,1.6472597,6.7949104,10.758866,4.182904,16.637459,17.57445,18.44327,19.455252
-433.5078,94.28943,-29.68357,28.983871,-16.959003,3.7455168,-2.1875925,-4.9257545,0.7706616,7.897344,4.9588227,-0.4459644,2.4270477,3.988002,7.1061587,1.7298698,12.161739,8.225741,7.9596066,8.661555
-423.69183,97.99124,-27.571043,45.44313,-10.004207,6.187622,-3.2899222,2.777319,-0.4427078,5.8201404,7.0494895,1.1968454,2.090611,3.1770697,8.25215,-5.7725163,5.7433267,3.5941176,1.6813562,2.419273
-439.63736,84.900604,-22.434958,21.10238,-12.004022,11.487008,-1.8148814,5.6535187,0.19290376,9.34097,7.3913264,-1.0582529,11.01184,12.758899,12.201113,0.6705424,11.701547,3.508804,1.1253093,8.787906
-450.80664,114.025246,-21.39244,20.02889,0.5479967,7.138623,-8.835456,-5.2841434,1.5835496,6.782446,0.48369253,-0.7173004,6.7714467,3.7429948,8.394726,-2.1008902,-0.2733013,1.3657275,-0.109116204,1.0159513
-436.6456,91.02711,-22.868378,26.157536,-1.4377545,-5.468778,3.037891,-5.06653,1.9619147,7.0750794,0.07430191,6.6656775,4.9701214,7.957223,12.692256,4.0428314,9.105528,5.427082,6.3144364,5.972293
-427.4688,83.82171,-20.339224,46.343548,-4.237556,9.723715,-3.7521544,8.277586,-3.6085932,2.5586345,2.0934,-0.7670502,2.929812,0.21198267,12.118745,-2.1747668,6.6291203,3.870082,3.6992815,7.297477
-425.90314,95.30025,-22.748491,36.303165,-16.315681,12.162703,-2.934322,2.1030903,-0.9004549,4.0384502,4.4516964,0.6072533,5.7556567,3.4003487,9.732848,-3.847894,6.711715,3.505303,-0.32460305,6.222753
-456.30246,94.468445,-22.375998,52.837337,4.876226,-5.2283044,0.10608654,3.1341965,5.722851,1.1187841,3.944466,6.908658,4.345014,4.9839563,9.848195,1.477914,3.9835851,3.435397,2.4407673,4.8579917
-382.77026,100.919685,-17.683514,17.38584,-2.4876487,-2.051156,2.5008302,-2.7258658,-2.707952,5.8527308,4.2634315,-2.8270888,0.41734144,5.0318418,4.6846247,-2.2123218,3.5762863,4.552414,1.5053287,3.628118
-463.0378,78.60133,-6.5503044,32.446754,-5.671718,14.5822935,0.64264095,6.4762883,-3.2346666,7.0400815,5.02737,-1.9374497,9.611691,5.358731,7.284726,-0.15085138,8.756215,5.284718,6.8787317,8.654622
-429.86032,86.83579,-19.285875,46.696777,-0.5799364,2.035291,-7.684799,4.6848545,-1.0698802,3.4469125,-0.26123205,3.9863393,8.699542,2.4735386,7.7496057,-2.1041155,5.899559,0.26129007,6.6877055,6.5572996
-432.5256,105.23142,-36.547714,25.232819,-10.751094,11.126969,4.7077537,2.1869414,-0.507879,5.1456027,7.188942,-2.354175,3.3936243,6.7000694,8.907586,-1.593746,9.819026,9.190197,5.4877863,11.106758
-433.97012,94.84399,-33.24742,38.121635,-1.2723647,6.235588,-3.5576284,-1.918874,1.280181,9.2380495,0.7831175,-2.122913,5.224128,4.508621,6.4372144,-0.5378916,11.715159,8.3514805,9.957713,9.486485
-416.81665,84.97268,-25.169922,35.21207,-8.331853,8.857684,0.112292044,2.572787,1.5747762,3.1273406,5.9556513,-2.2095213,5.206097,6.38439,6.6655703,-1.4632554,3.557111,3.0508325,4.8292556,10.75828
-423.6478,84.69775,-27.694843,32.49621,-5.710681,14.584013,-8.2502165,9.623241,3.6514456,5.5120873,3.8315778,-0.30059317,6.2836547,4.1754103,8.131084,-2.8971624,8.934872,1.2143159,4.575974,7.859442
-414.74838,101.38574,-28.908453,37.596832,-6.1910286,0.52066547,-8.790194,7.151273,-1.9999217,2.5819077,1.9222152,-0.7884833,6.4974904,2.4608493,4.94031,-2.1347075,9.106117,0.84729004,4.1157365,5.5272336
-412.74652,109.565186,-31.991375,14.855119,-4.659111,-3.7403872,6.9191847,-1.5001943,-3.9027584,3.086929,-1.7805535,-4.2036905,2.0035856,8.488574,16.143658,8.628659,11.537194,12.295087,7.055509,7.945865
-415.50772,74.11288,-33.298706,44.537315,-8.037747,6.3812356,-9.885215,-4.8945184,3.4062643,0.73999196,3.14936,1.6699268,2.5192916,4.8182364,9.946714,1.5157413,11.643341,9.810142,9.369173,11.621627
-481.85806,103.95875,-16.755629,55.89259,3.1540205,5.7685833,-4.7361736,2.5551393,1.4826853,9.399208,2.2024803,1.1950452,11.731907,2.7499804,9.5337,1.6069854,5.894146,3.3952224,2.5272288,2.7655094
-410.68912,97.03643,-27.60224,27.856098,-7.7928085,13.431529,-7.4653697,5.703287,-1.3446323,3.2762308,5.354561,-0.73444444,6.176233,9.056916,13.914158,0.20472905,9.787788,3.669955,1.3778553,4.6343493
-441.0254,100.79057,-31.683079,24.383402,-7.5570073,7.7493577,-4.317198,2.9584608,3.4391255,7.811887,7.7257466,0.45291847,8.075858,6.0255885,5.3165045,-1.8611642,4.358844,1.1124389,-0.026425933,3.4112816
-418.95096,102.7346,-30.039759,32.5467,-4.533107,6.7246127,-1.2432307,4.5162416,5.021003,10.076584,3.4364333,-5.4952507,6.0424805,4.6433244,4.4098144,-1.6872622,3.5145686,-0.06668989,0.19426546,5.606131
-430.08743,108.21537,-28.658278,36.401257,-9.667093,7.632162,-1.9346955,3.6340766,-2.9546144,8.830908,7.0356326,-1.717613,6.313767,4.50314,10.481855,-3.0245783,7.374442,6.105369,2.0486057,9.792147
-435.67514,110.552925,-31.883556,29.252222,-5.908635,8.948567,-1.6180685,1.9940647,4.97585,3.9935539,2.7447126,2.2091715,3.3127253,5.06556,7.563453,-7.729123,1.6343409,5.343631,7.7292514,8.040576
