-425.49664,108.106384,-10.464385,35.263733,-5.016228,16.11889,0.98089916,8.100218,0.8945094,3.9944372,5.25717,-2.1181366,1.233404,-1.5220891,9.582203,-1.4586065,0.73702717,3.5863826,1.4372263,0.8050483
-409.5109,112.604576,-14.111789,27.331196,-6.8070846,3.4131136,1.5749218,3.753869,-3.3386915,2.5415082,2.0275457,-1.3360518,1.5523409,-0.15452793,9.300706,-0.8225246,2.7868927,4.3936315,-1.5717608,0.9220935
-429.30853,106.86188,-0.7045424,28.420944,-18.84046,17.201056,-5.3390503,14.9652,-2.8159568,8.173783,7.2653785,-4.3291926,7.1678905,-1.8452629,10.878214,-3.705503,5.0016036,6.541342,-3.4767327,1.0928293
-452.52206,94.41224,-10.163089,39.36224,-9.842671,27.571846,-21.763084,19.68436,-2.8853884,8.772669,2.799737,-0.8187808,8.971711,-2.6558535,14.236593,-6.5373435,11.294148,0.717497,-0.025001192,0.27695236
-416.50916,86.240105,-14.625442,51.711464,-17.838776,13.782898,-3.7289228,13.450749,-3.9928594,4.932816,4.9711356,-4.359222,4.043349,-2.4522803,9.653338,-1.1971519,6.7642794,0.006802953,-0.20382352,0.6832495
-431.1203,119.51003,-23.09973,37.472828,-9.301237,15.813784,-5.349765,10.968404,-0.29311892,8.839773,3.367808,-2.4551232,4.9316072,-3.525053,5.625641,-2.886821,6.396819,0.16245785,2.6270223,0.9559121
-457.39166,122.78941,-10.410496,41.67359,-4.2524714,11.069138,4.9237127,2.6468976,-2.278375,4.559822,8.949272,-2.5744653,-1.1551067,3.2240605,7.9527884,-0.18408832,5.467747,3.535203,0.40434507,1.4597565
-375.50287,72.96333,-33.97357,37.26686,-23.798998,18.748209,-14.815923,16.400349,-4.047999,9.14491,3.8414364,-8.082419,7.789749,-3.1688235,7.646413,-5.921273,8.289554,-2.6435056,0.7859197,3.049212
-451.60983,108.47598,-2.0064678,42.95084,-4.067269,23.425903,-13.9827585,17.552948,-3.569284,6.3260884,4.0497766,-5.45828,5.761871,-2.9290528,9.669604,-4.9122906,9.397732,1.6564791,-0.5634117,1.7728888
-397.6693,83.52809,-19.748112,33.514954,-22.509943,22.681295,-15.250535,16.015514,-6.637868,12.62842,3.0030782,-1.683264,11.96777,-3.1076145,12.922274,-2.5574348,11.921484,-2.5800722,1.1684389,2.633597
-454.9985,119.194916,-1.6231098,32.487442,-1.2830702,14.423102,-0.79653144,10.795939,4.6174674,9.481399,6.293438,-0.90007544,2.2474618,1.365718,10.540604,-2.7082937,5.1597557,5.12323,0.55282897,3.001861
-455.949,116.90501,-17.0417,29.421972,-13.099252,11.832888,-1.5203929,7.5567226,3.946393,7.87737,5.7696986,-0.77427596,5.3126683,0.13777375,8.903911,0.47948787,7.3284664,2.5676277,0.9141439,5.452634
-442.4556,106.48548,-5.9957466,33.221607,-7.148557,12.931944,-2.9910963,11.182608,-5.378506,6.0745196,3.691239,-1.6249788,2.9675295,-2.765993,11.466404,0.15444668,4.6928415,2.5836124,2.364378,0.049038496
-495.81607,124.91253,-5.4541755,36.408817,3.217858,7.829206,12.307758,1.3748697,4.386466,3.4687967,2.8490083,0.46834874,-2.7998128,0.47776747,8.017443,0.8049407,2.4702585,7.5484324,-0.048199408,0.89018166
-434.29443,101.71684,-11.024797,33.69171,-11.533368,14.042943,-12.521837,8.812703,-1.1812468,9.624242,0.9652731,-2.6524582,4.859864,-0.9032972,8.844566,-7.2294707,8.259791,0.16857843,0.87794363,1.0606087
-441.99377,118.29821,-32.949913,31.926529,-12.463957,25.470198,-9.735028,10.410329,3.4244833,12.264182,6.8140135,-2.862374,7.3619137,-2.930656,7.752477,-2.1738415,5.112019,0.2646034,2.0827262,1.5887566
-463.3162,91.48373,-10.161066,29.79985,-12.628519,22.456772,-0.90969425,18.208656,1.9367867,12.102389,7.6057973,1.9141693,6.764267,0.13933042,12.59112,-3.0820735,8.828045,2.5210342,2.8987706,3.5402427
-419.56314,102.677895,-18.485357,34.23632,-7.891019,9.302091,-8.51016,9.241076,-2.2199867,3.8215234,4.474288,-1.1306859,1.8076856,-0.6731692,7.1988616,-3.8854513,6.831132,0.17502281,-0.015929228,1.0737014
-465.86697,99.46126,-0.51160175,42.088795,-12.054517,16.211483,-3.0379748,9.13607,-3.986842,8.505475,4.149055,-0.54166514,5.8201575,0.5152428,11.002806,-4.475531,8.272751,0.4756457,-0.048263498,3.1719224
-396.95947,122.65892,-21.808275,26.22032,-16.231707,19.217709,-8.8599825,12.425158,0.13158543,11.505999,5.5504413,1.0846435,5.797876,-3.761105,14.953794,-3.896999,5.176296,2.022058,0.9313792,0.9253085
-419.35938,89.7568,-27.001108,45.325718,-10.152092,22.309965,-12.841841,12.163411,-2.742989,12.726189,1.5242096,0.65497917,7.4076114,-2.9306965,14.747854,-4.338725,11.30007,0.12697493,2.4384162,2.3785355
-419.39612,108.99337,-13.901742,49.55479,-10.828438,13.716913,-14.172603,12.225154,-5.4878216,5.3544955,3.3009963,-0.83642024,4.8762145,-0.37685776,12.821917,-4.6939607,10.216976,-0.8247268,-0.82135844,0.9415263
-429.50778,108.34588,-19.653097,23.677399,-11.435765,15.553688,1.0963029,12.667035,-1.1593865,7.6826644,6.055097,-4.2409334,4.6513686,-1.8439933,8.999097,-0.6443981,4.560885,4.2963758,0.4551971,0.048090577
-420.40637,93.881226,-7.2817907,44.302742,-4.9757876,9.628903,-0.28594887,10.244962,-6.775531,5.7592583,2.2535126,-3.6447754,1.5960125,-2.2701883,10.084223,-1.8776766,5.141085,0.8295434,0.66327846,-0.8327472
-494.97394,112.62245,6.6097054,45.328575,-0.5472331,12.660903,3.6798003,8.813641,7.2842097,2.551592,6.4127703,-3.1020746,0.52250016,2.7582002,6.178654,1.2724499,1.9156191,3.95075,-0.4778007,0.758083
-475.45752,99.34763,-8.992658,45.69659,-1.7304331,13.34048,-8.181691,10.8979225,-0.8537769,6.891003,4.1593213,0.1720655,5.084996,1.2340337,10.563316,-4.4919744,8.471474,1.1250455,0.36996126,3.1231408
-417.7408,111.680756,-13.926632,29.609198,-17.672108,18.281046,-9.492742,13.400004,-6.071998,5.964693,3.5220058,-0.058886897,4.207523,-2.7253788,12.853009,-4.211522,9.429018,1.8961321,0.15669025,1.4200687
-435.48978,120.77235,-22.578304,30.856102,-13.215951,11.016402,-5.572131,7.8643837,1.6303668,4.8386,4.0124917,-6.714414,2.1600502,-3.4488838,6.586696,-1.475227,1.6321012,2.6254714,-0.07036422,-0.348871
-428.6365,99.35537,-19.66162,34.731987,-11.137131,8.471617,-1.0443184,9.747975,-1.9015688,4.502707,7.1093493,-3.2451015,3.9228656,-2.687965,5.6156316,-0.12463999,3.4446416,2.7386281,0.43328795,2.6776013
-416.84207,83.6412,-15.078321,44.366386,-12.595243,12.89442,-2.93393,10.853692,-0.29800034,3.976315,5.025964,1.1867745,4.445044,2.0214837,10.756227,-0.8403567,8.36569,2.7111876,1.5789165,2.2073395
-420.93787,118.16986,-26.57657,38.17384,-5.8192167,10.084432,-4.00635,6.1511116,-0.09020873,5.8825293,5.7700505,-2.2895207,2.2344449,-0.78399485,11.309073,-0.36750466,1.4136893,3.031708,0.633438,-1.7838225
-451.84436,107.36381,-12.869194,36.678883,-5.4790087,14.932784,1.3090088,9.772458,-0.2971157,5.5763135,5.4472685,-1.5508595,0.9409766,0.17633961,9.560171,-0.9331355,4.768548,3.4465005,2.8691945,-0.5462501
-417.2761,115.25588,-9.203657,20.977179,-16.903767,13.603228,3.0984113,8.696015,0.5435687,3.6392312,8.232476,-2.380025,3.5236967,0.020151716,8.34542,-0.9465739,1.2485719,6.1240935,-2.8946633,1.8913826
-434.25073,98.55602,-18.599277,53.718754,-6.7111955,7.734603,-8.519991,9.449694,-0.026498176,5.935337,1.6349392,-1.2140188,1.2182796,-0.39050823,11.290538,-4.356851,6.8728223,0.43918002,0.7313113,1.0086523
-429.57495,102.70904,-24.911137,38.11335,-10.336042,18.215378,-1.365506,16.762165,-1.8251629,7.8214335,7.154205,-0.8936712,5.5054855,-1.8684841,11.556691,-0.49811044,6.422313,-0.08718255,1.7583953,1.6601279
-444.01523,90.00639,-21.440664,35.194424,-12.927655,24.649609,-15.379193,16.193624,2.4169464,9.9436035,3.9623504,-1.6502411,8.392322,-2.801739,10.052647,-3.5252616,8.890953,-0.7827192,0.8765118,2.3249664
-437.78214,124.12297,-15.741855,33.13684,-12.591689,18.807114,-9.731913,11.096544,-1.7292255,10.155733,6.1499968,-5.540806,7.123508,-2.939462,8.332096,-3.70021,5.305089,2.3674173,-0.6333984,2.5987349
-441.3058,114.96941,-12.085405,52.478065,0.30925205,-0.7456606,-5.4070654,5.6808524,4.026269,1.8451947,6.1330953,-2.5156727,-1.0373826,3.6656737,5.504381,-1.57527,5.3076997,0.9575485,0.43169048,3.7689745
-430.65704,103.64853,-15.583644,37.826008,-8.038093,14.203564,-9.3376045,8.157622,-3.6104496,6.653696,0.57169,-2.914319,2.5809712,-0.62687784,10.276738,-5.9982004,5.8436346,0.19120699,1.8109034,-0.17968819
-421.45602,88.40363,-12.402793,47.53271,-21.825804,22.594309,-14.032386,19.126995,-2.8611798,10.288731,1.3741739,-4.438818,9.387724,-4.5246644,11.639803,-4.960287,10.463969,-2.4679298,-0.3956385,2.845915
-420.28665,92.50575,-21.548794,45.397297,-7.9665027,18.504389,-13.664582,10.302541,-1.1680586,8.228355,-3.009104,-2.2327106,6.208056,-3.8353565,12.38248,-3.6386986,8.323848,1.0062056,1.8855234,0.7438014
-478.62164,113.479195,-5.110687,28.613436,2.229174,11.863834,4.0422435,10.202818,3.3676,7.855997,6.207399,1.583096,2.6877222,-0.6919293,10.784975,-0.5063788,2.814599,6.522594,0.91489506,2.5748432
-439.21432,114.62145,-18.706789,37.86795,-7.7648444,15.010623,-4.4087086,14.307046,-3.5069697,7.4548645,4.6101804,-1.1987437,4.794371,-3.4868019,10.824922,-3.448928,6.3666253,2.3639348,1.3781799,0.60666835
-413.5135,96.52539,-23.90886,30.75486,-11.284463,10.117865,-0.0705091,6.011835,2.42172,7.4835787,4.393417,1.7701744,7.2706637,0.17987561,6.119881,0.38854164,8.174898,1.4569122,0.7573503,4.788
-377.66858,95.286285,-20.83422,28.937948,-10.162456,16.141453,-4.750224,12.415499,-2.0815105,8.700758,2.1776824,-4.091847,3.7215176,-1.6953359,9.345026,-4.923381,5.671321,1.5301572,0.8075781,0.31245175
-410.6495,90.602066,-16.560799,39.753414,-24.371094,18.05707,-1.8673432,12.920525,-5.8171024,3.2789845,3.3512208,-5.3675203,7.123918,-2.9775064,9.720667,-2.8827553,5.682548,1.0431079,-1.6749706,3.7670753
-433.4658,92.44781,-25.061016,49.613808,-3.96806,7.22437,-13.289794,16.80541,6.1692414,1.6983984,14.612493,3.6320283,8.222834,1.8460544,12.736974,3.9704213,5.4414053,3.0481606,0.1690838,5.367081
-446.5545,108.60245,-13.934796,48.859795,-12.351684,12.976663,-5.629565,9.131897,-0.8615275,5.158752,5.8417873,-4.542897,2.4645307,0.08168787,10.1039715,-2.3584766,7.9899864,4.0050707,-1.7417405,3.5330398
-439.3034,93.43186,-17.559282,54.110676,-20.000095,19.004604,-17.806458,19.967615,-8.103589,7.5027227,1.2300568,0.2143156,8.8170595,-5.248474,13.009434,-5.7172785,12.429294,-2.8096235,2.693314,3.0246778
-422.49133,88.31621,-10.067597,26.164608,-15.23146,24.032787,-9.343327,14.630428,-3.7269006,6.099644,5.5456824,-3.8282201,7.260084,-2.3434763,12.33633,-2.031242,6.468705,4.400193,0.19339578,1.5649865
-423.22934,119.85372,-11.894428,19.46558,-15.538982,12.824284,6.4133277,4.9677987,-0.74438626,5.1001787,9.2773,-4.30945,4.5116243,0.47251928,5.0531344,0.858268,0.52888846,4.852341,-0.99933887,3.4499593
-452.29462,106.29297,-17.497654,57.519047,-0.5767778,4.782984,-3.0700696,7.551249,6.091622,4.3240247,2.282492,1.534957,3.8577483,1.2101272,9.055457,-0.2566871,6.2429147,2.0132976,0.7380401,1.5284458
-439.37213,116.36562,-14.282233,32.91333,3.9481769,2.1858702,-3.4898343,5.862151,5.21384,7.6586423,4.9418974,-0.96423393,1.538018,1.5645992,5.087499,-2.0397134,2.6475093,-0.039890483,-0.67566454,1.1395214
-431.70276,115.99606,-12.781805,32.717304,-1.6255354,3.731322,3.8501182,4.583709,-5.2316594,5.460109,0.38104445,-5.3995247,-1.1221468,-1.0130073,8.282879,0.35016006,5.7198334,2.9790182,6.5552697,6.382685
-445.28754,122.703255,-19.722486,30.129747,-6.8766756,13.31015,-4.266406,7.4741955,5.0051847,6.1387954,5.128469,0.27657756,4.301883,0.87203807,10.473168,-1.856355,3.2737687,3.4515524,-1.3332201,1.5450058
-440.54425,109.91131,-11.98792,43.435192,1.736317,3.875684,-1.3080676,6.396723,2.5970478,4.6366963,5.287094,-0.99454784,0.42135116,2.6366007,9.267914,-2.6029491,4.2714205,3.2363331,-1.4296745,2.714931
-421.675,93.49281,-20.822498,49.785698,-11.185189,14.508996,-7.3667073,14.527638,-1.1827998,6.587683,4.4696198,-1.9326912,4.7605243,-3.375713,12.492352,-1.5257671,7.427004,2.2563496,0.5575707,2.7254124
-440.75046,113.70509,-13.93309,31.70824,-9.589664,8.408634,1.5854228,5.080675,-1.4575893,7.458537,1.8959578,-6.5754294,1.5418439,-3.6363626,3.0327003,-3.4867887,2.664959,0.86108637,0.8650063,2.4125473
-426.64322,117.37376,-26.509325,51.76474,-8.663506,5.656292,-4.8699903,5.734791,1.8187703,-0.7662429,6.0515456,-6.669401,-1.7767494,0.47392783,5.557586,-2.2695942,2.2529135,2.944402,-2.7403166,0.24712165
-466.9804,108.35008,-10.41337,28.82992,-9.482977,21.047756,-0.6203869,12.75084,1.474875,5.1919355,9.112844,-0.48184225,5.58907,1.5826166,10.041562,-0.95145416,4.616475,3.8529375,0.70524514,1.6867304
-405.115,97.59449,-4.5126877,31.756794,-19.644857,4.967293,-0.6319586,12.830902,-0.58950126,2.58232,3.2807934,-4.8417826,3.6113694,-0.56161445,8.035592,-0.9985424,7.6462345,0.6305263,-3.727698,5.5662785
-405.23526,113.648315,-22.225637,21.737782,-12.436862,16.604338,-1.8491683,8.937796,-5.13658,8.839168,6.6561227,-1.7255243,3.817154,-2.6561768,12.243693,-2.1173785,4.231829,5.1361146,-0.46645522,-0.11844468
-447.25717,108.871574,-14.896304,48.306408,-6.6805835,13.007503,-0.12045828,8.957906,-1.6458722,4.895481,3.2827659,-2.0400805,0.29885077,-1.173231,9.423625,-2.8871326,7.342644,-0.1178643,1.167921,1.2042221
-436.70688,99.837036,-17.519606,39.81657,-14.488709,16.83492,-3.2153778,17.628866,-3.2631474,7.5370064,5.055497,0.122232005,7.553723,-2.5321355,13.824886,-3.6307416,9.637291,5.29084,-0.7161769,3.302353
-416.484,100.40805,-15.144543,23.150349,-11.967787,14.880456,-7.5964684,9.517149,-1.7200141,9.680692,7.1828136,-2.8558176,3.1580982,-3.6129775,9.934546,-1.3173932,3.8912578,2.1934633,-0.36814532,0.603258
-438.6729,112.26476,-21.881687,43.231262,-2.162354,6.81769,-2.497832,5.3646364,1.3021717,5.8840523,-0.33009663,-0.6019148,3.6309059,-2.5742588,8.512719,-3.3336887,3.8003173,3.1380734,0.36981302,1.632628
-401.39517,107.455925,-28.937937,21.666883,-17.60703,15.290776,4.1476827,12.674556,0.034581807,2.4774778,8.149181,1.0266157,1.5647283,-0.5386144,10.552448,-4.0674443,1.9735756,3.39772,-2.0687766,1.3508548
-444.10205,102.85331,-16.38292,33.853138,-13.884252,17.375046,-8.819824,12.259487,-4.6764297,8.965428,7.30211,-3.8505719,5.3832574,-3.721885,8.938267,-3.9628558,5.2293773,1.9129187,0.89559287,2.7413194
-413.60834,115.26808,-23.4889,21.858229,-15.769285,12.171255,2.2557526,9.525514,-3.7700782,2.986267,4.606018,-3.7574174,1.8599598,-2.3470876,8.285928,-3.273865,1.5217401,0.37010744,-2.881471,1.4527787
-436.52505,90.88589,1.9534682,41.697968,-10.429665,9.496942,-3.218758,13.40912,-5.379484,5.76059,3.422299,-4.6544414,4.242696,-0.9548807,6.467973,-2.5497448,8.573639,-1.8382722,-1.6127939,2.91555
-426.07285,78.97126,-12.977914,48.84378,-17.976748,18.810978,-12.324795,16.273176,0.36202458,7.970097,7.728761,-3.3232553,11.182944,0.29256898,8.3826885,-2.849483,8.845076,3.2752025,-0.29987743,3.1011064
-460.19742,75.31888,-23.346367,45.078014,-25.306204,28.149565,-7.389347,15.764874,-1.5839319,7.145881,6.8654237,-2.730154,7.1463943,-2.5375078,14.105965,-2.4703345,9.069794,1.5026597,-0.56798327,4.4549065
-443.50797,101.96819,-18.889019,39.754875,-8.1242895,15.680454,-13.85713,9.5125065,-1.4206492,6.601169,0.15803692,-0.46070376,6.2649174,-4.221667,8.383914,-1.9461645,9.09773,-1.4079273,1.7429693,2.1489732
-426.73816,115.73811,-12.588575,35.58955,-0.71169347,7.2169037,-5.019722,10.5129175,1.3699248,3.7340543,2.4226956,1.2507298,1.4765224,-2.9387822,8.12125,-2.2178178,4.8119636,1.7316366,-0.28818932,-1.0623102
-465.17044,125.55142,-2.242269,36.78485,-8.6363,9.790559,8.933198,2.9133263,-4.0598917,0.3859676,3.544788,-2.6378949,0.07427666,-1.2171245,4.385861,-0.80720985,0.5986764,4.243801,1.8919005,0.7013156
-421.63797,116.26451,-29.783289,41.487568,-6.1774216,16.871267,-0.75755066,11.649543,-1.5342859,9.128644,3.7226539,-3.0908988,4.703065,-1.9490808,9.209758,-3.1411765,6.6955028,2.2517645,1.0343633,0.90107137
-459.22916,108.621506,-12.076901,47.162167,-15.472266,16.747105,0.43235892,17.904238,-2.8090796,4.341551,6.493282,-1.6181477,2.6415148,-5.477086,10.239608,0.3130751,5.6861053,1.9135524,2.2625258,1.4080585
-441.30518,103.17843,-16.282007,41.156227,-14.032535,20.570278,-4.001544,17.131521,-4.261059,8.315008,6.309645,-3.649638,8.136324,-2.6715322,10.669832,-2.107843,7.40501,3.0284014,2.412114,1.7828614
-439.3378,104.55917,-6.1614676,45.950516,-6.3769755,14.930633,-8.651021,11.596055,-4.728455,8.45979,3.1751382,-2.5648122,4.4779377,-2.2555752,11.05203,-2.2843268,8.130319,0.6749508,3.2014737,2.4939308
-471.14038,107.21339,7.1349745,41.46576,-3.641892,8.731965,0.30674502,9.607729,2.451899,9.038845,4.7147846,-0.20162176,4.2507997,1.6181183,7.319327,-1.6337316,6.811502,3.6558344,1.6864346,2.301106
-435.9634,101.74041,-23.077377,51.65795,-14.417609,12.366763,-8.410511,12.478423,2.6549268,7.640869,3.1109407,-1.2077085,7.898681,-1.3476537,10.9569,-2.7744474,7.258367,1.4161896,0.19371182,2.8241756
-442.01874,94.32135,-21.245567,38.908382,-13.7495,25.166983,-14.200465,18.063343,-4.7216024,13.044053,6.478796,-0.9169175,10.794162,-0.54962516,13.131946,-4.468038,9.680305,-1.2822695,3.1112983,2.8153985
-414.4896,108.89677,-26.877192,32.926666,-14.89232,14.889442,-9.915488,11.6792755,-2.2641513,5.3654785,2.9231203,-0.59855235,1.5075707,-4.900061,10.713708,-5.8051634,6.367566,1.010283,0.22704741,0.46436942
-419.17902,117.32592,-16.165741,17.247677,-7.301143,5.554896,4.192612,3.4679332,-1.5704559,0.351232,1.0476515,-3.373386,-0.95554286,-1.9357963,7.369071,-0.97998667,1.3272184,5.415647,4.12892,8.603
-403.0057,112.819244,-20.549139,28.438412,-9.110905,3.2217298,-3.0634885,9.623622,-2.2304728,2.1267169,0.9082428,-4.1662455,0.48283765,-1.7233474,5.3065715,-3.9392443,4.36367,-2.8873162,-1.7829384,1.3886269
-397.30807,101.002846,-11.87901,26.53926,-7.465037,-1.2427926,2.0858667,5.306879,-0.16084413,5.4578886,3.4966373,-3.0474281,0.49321076,-1.0189817,7.0119,0.45125782,2.3346918,3.6500957,-0.8019327,1.5554872
-452.15225,106.81593,-14.680537,50.216263,-4.101464,5.822866,-0.39497325,7.785806,-3.5642183,3.0760646,7.3368506,-2.5333033,0.91682893,2.5667837,10.242705,-1.5886346,6.1344004,5.0022273,0.80969983,1.6466843
-437.1039,105.65856,8.210184,30.247116,-17.138165,6.5240235,4.6967015,9.277572,-7.870288,5.1480055,-0.04843197,-4.0200677,4.4720225,-3.6388774,5.201265,-2.6553605,5.5070505,2.3169594,1.9982504,6.4430275
-406.13358,94.08313,-12.842613,22.027763,-16.344522,13.921278,-6.939554,15.144346,0.23201047,7.6882296,9.590733,-1.5445266,5.9289927,0.5472676,8.578668,-4.9638214,6.896945,3.7615952,-2.458768,1.6871703
-463.38348,123.36312,-12.57063,43.57957,-6.7462087,0.9628394,-2.078188,1.4931368,3.405206,6.4254804,4.694478,1.9525925,2.850947,1.5846987,6.9244776,-0.81318104,5.0361834,2.38761,-0.6742276,1.526616
-443.7691,107.98912,-9.600666,36.54347,-6.0161953,16.580019,4.064732,10.256035,2.430186,6.158927,5.2143936,-3.5425353,1.7614812,-3.666239,4.9774294,-1.2395787,2.4020522,5.2919617,3.6150842,2.87279
-442.5371,95.62669,-14.346901,36.03735,-1.8242903,13.680828,-3.580707,17.906195,2.1538649,5.6984487,5.242329,0.3900571,4.482502,2.5399957,11.817467,-2.0274022,8.833963,3.4227724,1.9349973,2.5613394
-442.26514,101.299614,-5.052139,40.112717,-6.093798,12.185105,1.2396349,8.964111,0.11007106,5.43766,5.7812185,-0.5073618,2.53217,1.6182314,8.18576,-0.58750355,4.631959,2.5993843,2.5271034,0.026305785
-463.48767,82.8981,-12.837668,44.628872,-14.052535,11.61792,-1.9028726,8.181725,-1.6456739,8.635272,3.6458616,4.142391,8.477152,4.099645,12.051433,-1.5970658,11.37812,1.0352678,2.128085,5.270786
-431.19302,103.07594,-26.530712,26.125166,-19.53739,13.153363,-0.85601676,9.363863,0.26220885,5.4484515,6.395107,-2.5787199,5.013532,0.9651954,8.636164,-0.2937836,3.0147913,1.2247766,2.9980354,4.5616326
-398.0828,106.01283,-21.756168,27.918217,-16.361288,12.820991,3.8786316,8.54894,-2.418135,5.6582527,7.3756223,-3.5621948,3.1273432,0.63423455,8.8921795,-1.1903701,1.2045752,2.4803193,1.1952076,0.3229901
-416.92853,117.41098,-18.956366,49.32771,-8.128311,9.582132,-6.343126,11.536545,1.5860475,1.641889,8.400019,-1.1906352,-1.1470411,2.142089,8.967071,-3.974733,5.4516087,1.165459,-0.21273817,1.0480329
-440.44193,97.63352,1.4330772,47.824196,-8.535819,12.860376,-2.1020796,13.583374,-3.3359592,6.1280713,4.136347,-2.2518833,3.773738,0.2021563,10.613363,-4.096395,9.279454,2.9658606,0.99509674,4.2843366
-441.3406,106.292404,-9.674334,32.833744,-3.1331592,13.298888,-10.117484,13.312741,-3.8098269,8.116397,4.4157796,-0.6573689,6.2996593,-4.066539,9.401421,-0.7557557,5.535574,1.5144266,2.1493504,1.2761827
-426.15784,97.19411,-20.696274,43.46345,-11.9124155,22.817762,-10.091221,17.236553,0.07277195,6.98653,6.829143,-3.8958223,5.9798098,-1.0855783,8.203402,-3.27975,9.442313,1.1622143,1.8057761,2.8094382
-409.02945,109.30355,-30.648268,30.664295,-15.289454,12.5554695,-1.5010068,9.167779,0.8462989,7.041064,4.8320017,-4.9159565,5.460075,0.122811556,5.6140366,-4.0574727,5.6195273,-1.4106658,-1.4019928,7.6425457
-441.9249,117.18818,-17.406473,25.71347,-3.2426517,9.281806,-1.8920525,2.4574206,4.5783253,5.9670057,5.389725,-0.8688061,3.0670738,1.7309518,7.130883,-1.0423127,2.5654604,3.4418135,-1.2909667,1.2639424
-410.7615,106.19505,-7.683996,34.550304,-17.363504,4.720447,4.653549,7.892144,1.7058455,4.659177,3.4832616,-1.8183976,4.6616917,-0.28301263,4.8160477,-0.09255645,3.9171886,1.9896977,-0.07158751,2.6555645
-443.39685,108.3259,-12.911248,23.004215,-11.93715,17.439358,-3.0175705,8.548342,-1.7001721,7.56331,6.7106123,-0.7932683,4.732203,1.1662512,8.360656,-2.9424605,8.361156,2.1867445,0.24864975,2.689194
-435.75104,91.09446,-7.9912157,56.265797,-8.5918665,12.955388,-7.6136365,11.421233,-4.094939,3.6230514,5.4767385,-3.2567942,1.0760065,0.013372531,11.111787,-2.5694764,9.421923,0.52067417,0.5312152,3.1851857
-431.70392,113.03607,-14.102404,30.973492,-9.949188,13.806122,-4.9110484,12.838251,-0.052916307,9.206849,2.8045208,-3.4677095,5.1097317,-1.4867821,7.617724,-3.117622,5.715808,0.67117333,1.8280164,0.44685552
-444.96378,97.339836,-15.081327,46.501186,-5.1170654,15.866939,-12.101877,19.860748,0.8274808,3.435174,7.2803836,-2.5387282,3.1183007,-0.24142307,9.031125,-3.468093,9.090875,2.0274386,1.4882389,2.0464478
-436.65826,95.507515,-14.804288,45.531544,-17.296436,15.675992,-2.3160727,18.265755,1.3196242,11.603146,5.6510563,-1.112549,7.1727347,-3.951265,9.805245,-0.7010479,8.727227,-0.13606043,1.5454388,5.3015137
-416.86365,114.54088,-29.409157,31.20618,-12.113249,16.330898,1.1410782,13.617539,0.75466007,11.818268,7.7807903,-5.813509,2.737286,-0.90835345,8.748234,-3.2035353,2.5942893,-0.9011175,0.64809275,2.4473882
-419.40677,111.21409,-14.728456,34.225803,-14.591071,20.208035,-10.099837,17.26678,-5.8082833,7.8643656,4.477017,-4.197872,4.664478,-3.3354099,13.685615,-6.690903,5.787529,3.2747319,-0.6554969,-1.0898823
-402.78726,102.330025,-12.061873,24.622602,-18.505804,19.153437,-11.826863,8.558273,-4.38889,9.590824,2.624597,-2.9896088,7.842259,-1.9761811,10.786279,-3.4144907,7.0004387,-0.16630535,2.6224008,-0.21866754
-411.49374,109.4657,-18.750608,31.409443,-6.5167894,16.43309,-4.886067,8.099868,-2.5680697,6.1790566,7.1490974,-4.089206,-0.4517006,0.8446005,9.895586,-4.7293334,4.8894835,2.2884574,-0.9770984,-0.294184
-448.98114,113.47838,-12.188965,31.623564,-3.9080534,14.407085,6.726427,7.6858997,2.2163625,5.156901,8.0087385,0.85267806,2.3748329,1.2416798,8.839243,0.8774811,3.0817668,5.721818,1.4857732,0.94780254
-435.26834,104.03966,-6.4700375,35.07226,-5.544289,16.902729,-3.825994,12.060741,0.94296527,9.276823,3.737729,1.9237599,7.1575327,1.9048941,12.209123,-3.25656,8.931606,1.6968436,1.1607978,4.7608266
-436.55264,103.25278,-15.226543,52.57985,-10.685741,20.388067,-5.7165504,16.98367,-0.6964295,6.3447504,5.028757,-3.2521865,5.1265764,-0.513298,10.590217,-5.0747385,7.8580832,3.496162,1.5587127,0.18099062
-410.7184,109.68224,-16.179028,40.244717,-14.479278,12.195203,-11.833925,11.863167,-2.4723182,4.590675,4.230192,-3.514132,3.8643,-1.3097466,7.467277,-4.016544,7.862001,-0.6399068,0.79278046,2.1027157
-458.6677,108.03041,-22.418438,46.789463,-7.433557,21.919937,-5.1781225,13.5300045,-3.8536294,13.120882,5.8906903,-4.4465103,7.8188148,-3.2738755,13.2337265,-1.3747448,6.322671,3.1341105,3.3410187,2.2024896
-406.74362,79.99758,-11.404486,49.095562,-11.4313,10.361517,-3.3257303,12.938994,-5.5644307,5.3140755,5.611359,-2.1107066,3.596072,-0.73326445,10.410784,-2.605393,7.414615,0.74881387,1.2023151,2.109537
-419.1243,102.77534,-18.063705,31.09701,-8.322026,13.612921,-6.700659,8.262027,-3.6371877,6.921531,2.6381884,-1.8909925,5.170124,-3.840272,7.9653416,-2.4535294,3.4146302,1.4281878,-0.56821305,-2.182244
-437.54776,92.20945,-19.972729,35.10952,-11.394657,15.171167,4.3500133,8.9074545,1.4763935,9.149285,2.8706107,0.5444438,4.785298,0.05599014,9.564329,-0.12748308,10.473916,4.5091696,6.372532,11.007682
-452.32913,120.53886,-12.747122,32.366447,-10.733688,12.420141,-3.9509504,6.8819814,4.026278,2.1171734,2.6678638,-0.63086593,4.1623654,4.4246893,7.56865,-1.3513772,8.146326,2.8306246,0.56554985,1.7211082
-425.17322,97.038086,-16.176306,39.422333,-15.797447,3.890467,3.734293,6.5742106,0.9721756,3.469971,4.9707804,-2.7746286,5.067297,0.9352724,5.1910763,1.1061932,0.84648913,3.5071414,2.0617144,1.7255036
-464.36444,77.6789,-16.015682,46.879215,-11.38379,15.097238,-5.2567596,22.336185,-3.8268201,10.82144,5.4448056,-0.14696595,3.1704824,-2.3035574,13.412497,-3.5813599,14.083581,1.9710197,7.746013,8.659353
-417.6507,115.28449,-15.661308,33.321625,-3.7447562,14.737207,-9.863356,11.604814,1.9404848,8.542538,4.5942736,-2.9622548,5.503019,0.43186483,8.485066,-3.5514646,7.8850493,2.2268233,0.64696586,2.807628
-441.81775,120.89493,-8.359045,38.717426,-8.35504,9.04596,2.9295573,8.228306,0.4337411,7.6063733,6.230703,-2.8215969,2.1577413,2.7104087,10.586524,-3.3034134,5.347012,5.448269,-1.1512189,2.388129
-454.5388,116.448875,4.13167,31.090477,-17.590206,18.621618,1.3267388,7.929618,2.046627,5.1250033,4.5321765,1.1746117,2.6156995,0.5401616,10.276015,-2.0876358,8.272973,5.509244,0.38820565,2.1091826
-420.2394,119.2215,-23.066036,20.113955,-15.850277,15.366446,3.570907,9.590821,-1.0504811,13.637929,5.095135,-4.0007315,5.1496363,-2.7271101,7.850936,-4.0416574,5.449552,1.5638056,4.374628,9.67412
-416.25204,103.11979,-8.308704,20.197128,-9.790498,7.492007,3.4654543,2.8370838,-4.575623,4.571501,0.8560418,-2.235294,0.41894346,-0.61688596,4.628642,-3.3388376,3.9164073,-1.3609926,1.3161993,5.003967
-421.77313,80.441696,-13.589043,47.135845,-5.204224,4.4611435,2.6818538,5.268155,1.1108735,-1.277219,0.5196598,-0.19638701,-6.2837114,-0.8612623,7.3112392,-1.91686,7.6781974,5.9702606,8.160384,11.538493
-440.14178,108.37893,-11.81913,40.152596,-6.032044,6.343107,2.1670477,5.146536,1.5018389,5.550878,4.1882567,-1.3513906,1.602758,1.2261186,7.6554084,-1.109045,3.9861734,2.0404794,0.853428,4.272747
-431.91605,112.09617,-16.994072,35.485474,-2.2953656,13.937027,-1.2759879,7.415627,0.009599364,5.4087086,5.9487896,-0.12800923,5.3193297,-0.77557874,7.103297,1.2957643,3.2559721,2.0666962,0.6152015,0.32054174
-427.4149,103.60602,-20.90732,29.815048,-14.8751335,15.266947,1.0625204,11.829032,4.1862583,8.488084,8.076245,-1.8637804,5.278967,1.9625678,7.839848,-1.8837082,5.095491,3.166598,0.1489454,3.2204137
-415.24875,97.116585,-17.88431,42.21943,-5.9314938,16.635677,-5.782482,14.532588,-5.0530577,6.8416953,3.3880863,-0.8185174,3.776519,-2.9527142,10.747425,-3.5382018,7.335433,-0.45413607,2.2244527,2.1026843
-433.06418,109.03057,-5.242111,12.770537,-15.522809,17.378654,3.5178554,10.65497,-2.470718,8.523483,11.535212,-2.2095792,4.608328,1.1619351,8.203902,-1.5000626,4.310827,3.9102297,0.2730215,1.804096
-418.886,109.48285,-12.118837,40.05759,-16.26594,14.692906,-0.50480723,12.443929,-1.2486837,5.924482,7.6023254,-4.783186,3.4724064,-0.019723438,9.006275,-4.08248,5.2540636,4.146096,-1.2444674,2.8537557
-427.10846,102.04141,-0.53418773,18.325272,-22.413681,12.889929,-2.7209353,13.6628275,-4.8059273,9.18111,5.433543,-5.9304786,8.341038,-2.8932774,5.276522,-1.307537,5.81037,0.6999084,-0.614701,1.9411787
-395.93652,108.00303,-24.695713,39.51068,-10.288668,14.217202,-9.368707,8.876801,-2.898264,4.814344,7.475181,-2.207511,1.5920547,-1.8987029,6.950168,-3.1156917,6.155335,-0.43350375,0.53612435,1.8887998
-437.58185,97.2181,-8.678676,33.076622,-10.794949,14.861321,-9.833391,8.911683,-6.6527677,7.2332706,2.2152066,-2.3217332,4.542535,-2.7759655,9.978054,-2.3980772,6.92372,0.25653034,2.7412512,-0.22792542
-439.2858,106.60426,-17.474476,42.8795,-10.806545,12.336118,-8.398039,8.073491,-1.4990282,4.6971097,1.6028509,-2.9687421,-0.49929497,-1.9900818,8.151275,-6.6022644,9.018725,-0.106775425,-2.5266855,2.5830402
-454.54315,102.96869,-5.6490364,32.674488,5.3438683,11.153921,-0.5797483,8.691878,6.5001183,7.817743,9.232338,1.1218532,4.731643,2.2679815,4.994396,1.7333814,4.5119267,2.0965312,0.5361776,1.8212781
-439.26395,108.473145,-16.129337,48.45814,-8.440266,10.939023,-5.0600896,12.713077,-3.1828625,7.9598565,6.0370655,-3.2131596,4.7148695,0.41640508,10.7204,-2.7110648,9.545812,1.2654682,0.7878041,3.6895735
-431.14148,107.9648,-6.4398894,20.454832,-11.122409,3.8264675,2.4673524,2.8218079,0.17460456,4.6083117,9.264151,-2.186128,0.21587692,2.8418992,8.004856,-1.067984,1.4795375,3.975615,-1.6420554,4.0639305
-459.78973,109.80199,-0.17507288,27.999182,-2.8488119,17.623302,-4.972741,6.481835,2.2511764,9.92174,7.2192407,-0.2568265,6.192893,-0.4542187,9.771609,-0.23572952,3.3904333,5.560239,2.100716,1.2508796
-432.7758,106.01253,-15.671363,38.978863,-2.185673,8.196022,-5.829705,7.1569757,-0.5173859,0.42184642,4.6426306,-1.2053211,2.6620958,2.6813252,8.053582,-0.81417125,5.037485,0.41614965,-0.4356668,1.7207973
-428.74194,114.88466,-13.598723,31.625696,-14.16132,9.717937,-1.7018106,8.649915,-2.6155818,6.4115405,6.3255258,-1.8795029,4.2370687,-0.54522103,9.753819,-2.8096132,3.4281418,3.845044,-1.0677829,1.9494944
-443.10587,96.76483,-18.631159,48.10667,1.4642587,4.5609617,-3.2113454,6.9058747,5.1314297,4.8872423,0.6891045,0.78943783,4.1128345,2.5998545,9.462608,-0.92430973,6.333878,2.9862716,1.5075088,2.795264
-433.21777,122.90172,-15.300225,32.93899,-5.1315827,15.572262,-1.6028943,1.6649398,-2.1559403,4.5889416,2.1242125,-2.490792,3.0495405,0.9620789,10.143977,1.5419463,3.8157392,2.2094142,2.7410848,-0.4503773
-414.1557,95.539314,-15.792328,25.869827,-7.883673,19.449429,-2.3273935,14.885641,-1.205045,8.164176,6.6711426,-0.23732251,6.279392,-1.4120014,9.815006,-2.0536072,6.1092324,3.2725317,1.4628597,2.9286704
-404.80185,93.47937,-20.326878,33.1163,-14.422825,19.632317,-13.622006,14.346893,-1.6151577,12.194624,4.771178,0.7174063,9.358488,-1.3427482,12.613728,-3.2053545,9.813246,1.7329,3.0613365,-1.1615882
-443.55014,96.70931,0.22987086,45.769817,-10.997142,22.636963,-9.424365,18.14727,-1.5488896,9.594305,2.3624604,-1.5653967,5.6477337,-3.8053548,10.873198,-6.155505,11.780176,0.5078356,1.9392933,3.1198816
-447.84088,98.46118,-1.2024113,31.602312,-13.893673,16.589525,-2.0263772,16.500204,-2.271751,7.8906116,6.831932,-3.3059645,5.2934575,0.01484581,11.898667,-0.9568407,6.437341,5.4972157,1.9957348,1.2525043
-428.88055,100.565834,-22.991684,43.626442,-11.7944975,13.25294,-1.4009793,11.429472,1.9241047,5.341629,4.383012,-0.7215006,0.4810152,-3.7060118,6.852846,-5.8359065,6.336353,0.74302953,0.3190295,4.348502
-452.33368,96.05944,-7.8215137,51.023846,-5.709656,13.021226,-6.2634726,18.627161,-1.2387849,9.636379,4.064201,-2.5172143,6.9411216,-0.91855925,8.451941,-4.4150534,9.731924,0.20913836,1.7983903,3.8665106
-403.23465,111.78032,-26.226862,28.784365,-7.2596927,14.145154,-8.607553,11.364822,5.3804793,6.1935067,6.7350283,-7.634088,0.0088387495,0.2984467,7.554092,-5.5332246,5.4717593,4.5270925,-2.6394684,0.49637988
-446.05463,111.973625,-28.974653,42.220955,-11.302532,20.623898,-6.2891183,9.349564,-0.4706609,6.568848,5.3234444,-4.096358,5.8866296,-3.1787648,8.102145,-2.0844378,4.9687433,2.8552694,1.0874411,1.441486
-444.2073,108.27273,-16.158375,27.3272,-7.5786204,16.278563,0.105351955,8.675336,1.9734246,8.088696,6.6316843,-3.0106363,4.8233514,-0.6829629,6.0303445,-1.0906615,4.0444183,3.5698817,1.9551141,1.7494304
-443.37653,83.71334,-13.674081,37.820435,-20.604033,34.145054,-16.456924,19.498533,-7.9577246,10.5555315,5.2141495,-2.1503942,9.621284,-5.2844906,16.356497,-3.9549499,10.518023,1.6846676,4.5219765,0.8484978
-449.7071,103.22207,0.86921173,48.560867,-9.490774,17.740902,-7.3989134,14.404841,-1.9245828,10.100365,2.8263104,-5.0394673,6.8257575,-1.2143385,8.750028,-4.299741,9.145402,2.3602886,1.9408091,2.2230127
-423.4672,107.90222,-17.856142,33.01982,-16.698828,20.603428,-4.7897024,14.224729,-2.9886436,12.366563,5.9570475,-4.509316,9.990074,-3.8427289,11.143422,-5.179383,4.2891855,3.8544784,-1.3401937,4.349719
-425.04947,92.61468,-14.565352,43.794056,-13.702232,24.653131,-15.126893,15.099984,-3.7117658,11.192887,4.9566016,-5.938238,7.7343626,-5.4982476,9.584393,-2.8778257,4.7525344,1.7835697,3.114536,-0.80785686
-458.04532,120.20214,-9.076617,28.290472,-1.8848522,22.563208,-2.936961,9.342721,-0.13786492,10.570772,8.111497,-1.7014251,1.7638644,-1.7288227,7.972492,-1.3830404,6.1389003,2.5067647,3.40007,1.6545547
-441.7856,115.747536,-16.900917,40.259403,-6.961125,12.7367,-1.3469414,8.964914,-0.78335756,4.0292654,6.5238266,0.5381251,5.5704093,0.24740058,10.350777,0.31551504,2.6352038,3.6427262,1.675803,1.3907313
-411.3225,107.040276,-23.82318,32.341736,-20.85887,7.2619786,2.2191906,6.9459367,-0.8639172,4.5386686,7.213828,0.078253284,4.2590947,-0.6791773,7.770946,0.40479025,3.0146196,2.1120315,2.460926,2.600362
-412.3657,88.95964,-12.244754,31.590067,-16.752604,9.867219,3.8697252,8.112514,-3.4901247,6.85699,3.7032878,-1.0817747,6.657641,2.145579,7.590815,-2.6257722,7.0702443,2.3378892,0.532013,1.8219998
-430.85184,92.73414,-23.298016,51.79143,-8.509401,15.042011,-9.04006,12.205345,-3.0716858,4.4709506,1.8456538,-0.41910926,3.1361983,-3.720197,12.570598,-3.3570492,8.347676,1.2300555,1.9988537,2.2018394
-452.5358,102.727,-19.114428,33.68365,-1.3151808,17.672253,-9.080457,10.326867,2.9029236,10.024304,3.021087,-1.0652537,10.605721,-0.3494505,9.5058975,2.1363666,7.410438,1.1358808,1.8769895,2.0770519
-419.627,118.27658,-25.941742,36.60668,-5.4291587,10.8530035,-5.532038,11.155064,2.153263,3.2865887,5.528377,-1.444704,3.3367789,-1.2548404,8.3580885,-3.3844323,4.306573,2.2753592,-2.4987252,3.2413018
-416.93604,103.68579,-17.711811,36.65704,-12.630353,12.131219,-3.2748606,10.835565,-4.229172,9.632031,6.340151,-1.4573386,6.2930193,-1.275292,12.147909,-2.3055925,6.131117,1.3985115,-1.3635049,2.3896298
-431.08176,80.19578,-7.5024405,17.792986,-9.930846,11.4513855,-0.051840547,7.952005,1.1692967,8.990029,6.9403424,-0.158362,4.6441555,3.2875037,7.4304624,-2.6101208,5.3903627,2.0580442,1.3405457,7.193593
-388.92554,96.184456,-24.22128,37.079426,-4.288232,7.8975124,-3.5616379,11.679266,0.7976674,4.4080677,6.700902,-0.043551084,1.6945193,0.23314585,11.104035,1.4607905,4.3199253,1.919819,1.6759554,2.6023178
-387.669,75.18779,-8.221854,31.356218,-12.714074,4.833606,3.0433888,9.920856,-1.0875056,3.6723802,6.6475945,-0.4176114,4.8099732,1.1310719,7.0919013,1.114545,3.1830966,1.6500543,-0.87973356,2.7413971
-452.1297,138.34969,-11.830107,21.849386,1.4451816,14.109897,-4.2879124,2.1683223,2.755806,12.933586,6.1477575,-2.3464053,3.6258209,-0.46281096,8.393703,-2.056887,1.3996879,4.210707,0.6245004,-1.0760558
-422.9103,95.20767,-14.706781,49.519203,-9.790189,15.668024,-7.731814,11.374013,-2.6050124,8.619318,5.2445264,-4.193247,5.100878,0.23746532,10.6813135,-3.164286,6.9845157,3.252998,1.7631519,-0.321621
-435.21442,124.62693,-13.556793,29.65943,-7.53653,15.576687,-7.554461,10.520077,-1.6571056,4.957909,4.10912,-2.968336,4.203834,-3.0980198,7.2919965,-3.2999744,5.241225,2.7412803,0.31075644,0.7047915
-429.4159,90.96823,-19.070488,38.270805,-18.368597,19.205442,-7.214628,19.158157,-0.07582912,9.402521,8.269897,-1.0272892,6.414412,-0.85038275,11.894094,-3.1871636,8.987074,1.3880717,0.8146298,3.0660641
-450.5873,105.76969,-17.202463,37.24485,-12.448058,20.549994,-5.933192,18.785944,1.9962791,5.8577003,9.525188,-1.3090495,2.982737,-2.2784612,12.289822,-2.9307215,6.3662148,4.2830524,-0.80278814,3.7361665
-432.02173,103.33191,-17.704617,52.32429,-15.019567,15.061518,-6.666676,11.457809,-1.6780338,5.4901896,3.664677,-2.0953562,3.5269337,-1.3651719,9.361669,-4.6645365,9.176304,0.9466789,1.2504592,3.4586873
-425.45554,100.42885,-26.24383,40.587154,-1.3721758,13.136251,-5.8926787,9.175186,3.7864416,6.9393497,2.8243752,-5.2892623,0.4232753,-2.1827967,5.208727,-5.139752,6.6904907,-1.0922445,-1.9126587,4.31935
-444.0757,90.88475,-14.705396,35.2182,-4.9608135,10.096749,2.459637,11.090498,4.9791665,8.204495,6.864782,-1.6419924,0.55628824,-0.5460354,5.41581,-2.539203,6.160492,4.616098,5.253819,10.44819
-434.4833,107.37873,-15.679382,31.598091,-7.752374,16.633518,-9.812916,6.7763395,0.90694976,11.02391,4.4084034,-1.0040306,4.624624,-1.569724,10.342945,-5.1499696,6.660854,1.8993881,-1.1726388,-0.51593566
-434.48752,112.29922,-16.908554,36.64786,-0.11671559,9.908866,-0.62769717,1.962435,1.2485048,9.001921,0.63588816,-2.9489863,4.920284,-0.31079668,4.4373455,-2.2263815,5.0461936,2.8008752,0.8387099,1.8970968
-411.95175,97.25964,-14.255,37.89919,-12.093356,16.835842,-5.632451,13.093762,-0.6958772,9.153563,4.641052,-4.0579495,6.565389,-2.197609,6.539535,-4.5263896,7.112898,-0.24906088,0.07070254,2.666771
-432.5623,113.54872,-15.302561,27.55895,-10.295157,18.809498,-8.255474,18.45196,-2.7712758,11.588803,6.4838934,-2.2976935,5.5393257,-3.467841,13.003609,-4.4465265,5.6431384,1.5576203,0.192032,1.6834433
-440.09512,118.40384,-7.4891043,27.297686,-0.8775705,6.8314633,1.6349107,7.139718,3.5178587,8.647559,2.29191,-2.9474828,0.2038863,-3.2860804,6.3137727,-2.201602,1.7158518,4.100798,2.00531,3.6228607
-437.58603,113.14558,-1.8023391,31.881708,1.2612599,7.924441,3.053571,7.3588986,0.0645826,3.4846673,7.26222,-1.4541078,-0.485779,1.9312352,6.2043123,-1.659334,2.0490649,1.7221084,-0.6620805,0.07345919
-440.57468,69.76939,-8.693976,48.272293,-8.880841,18.062418,-5.955649,18.862326,-5.3325543,8.1194515,3.2468996,0.19014621,7.998088,0.5147837,12.777722,-3.5534914,11.154011,1.3176647,2.2284884,2.1333323
-445.82394,120.22178,-19.083605,29.842012,-12.737834,12.895177,-1.5399928,8.592775,0.19916512,8.635086,0.66354513,-1.7486874,4.848609,-0.11103189,9.6246805,-3.0549762,9.345535,2.828608,1.550308,5.49496
-461.5986,125.319626,-0.7623931,31.458843,-11.616502,3.2643263,6.934094,4.3188114,-2.2385798,2.2369008,-0.6393967,-1.077346,1.8337004,1.872406,8.790908,-1.0715867,7.616855,2.2669184,-2.6891088,3.1979582
-415.9494,106.12621,-21.629793,47.46123,-10.503211,13.595279,-8.507316,12.051421,-1.8096241,3.7852728,6.315451,-2.319745,3.068291,-2.7732234,10.92901,-3.5077727,3.2134824,2.3421516,1.7516096,2.8742146
-430.34296,99.97255,-6.912845,30.454052,-14.947639,14.164427,-0.0072488193,6.1615386,1.0688257,5.663708,8.063695,0.24695769,5.47208,2.6072829,9.0330715,0.64511716,4.056056,3.7143438,2.248302,2.5091677
-418.12692,99.3041,-0.6772054,42.11476,-8.4579525,1.76338,1.9787879,6.1068225,-1.3088913,0.6253557,2.3634646,-4.079639,-1.6610641,0.91969836,6.5769963,-0.6133249,3.5091763,3.5428562,1.0599133,0.24519178
-442.07306,105.599724,-15.833826,34.56548,-12.507526,16.46902,-0.9964669,9.434045,0.6966347,6.788783,3.1063268,3.085314,4.9717345,-2.4661133,13.452761,-0.63413525,6.472396,4.1458645,1.5439199,2.2286124
-454.62543,126.6247,-2.1313832,29.391193,-8.868268,5.141726,4.12479,6.5537577,0.5866935,5.237269,5.3314037,-1.6731517,2.6243167,-1.0706767,7.9502864,0.938133,1.0624627,4.3716087,-1.5525641,1.9027255
-460.88187,109.907486,-3.8612542,28.469492,-0.79479724,6.884477,6.595611,5.760608,3.0527213,5.748662,2.2580202,0.5261226,-3.0184321,-0.14582439,6.228503,-1.5273238,2.6091795,-0.35527462,1.9310998,1.2600642
-450.1039,123.77202,-8.741489,24.700247,-4.930314,17.17484,-2.87765,10.081027,5.2885094,5.905613,8.777342,-4.031589,-0.09376226,-1.3798306,9.621525,-1.4866079,-1.8770306,4.457164,0.5378788,0.41202357
-409.64264,100.35802,-17.4963,27.56414,-13.933809,19.05935,-6.6612263,13.082642,-1.9047556,11.25757,6.867487,-2.5929422,7.6640396,-4.1017137,9.201158,-1.9985405,5.390548,0.1551563,0.78123796,3.2864492
-431.00125,117.58019,-13.148597,47.058334,-4.428698,9.391003,-8.135219,5.4034047,0.99902064,3.9620342,2.4735663,-0.6994736,5.04813,0.37476462,7.138677,-2.002001,6.7899394,0.69811434,1.5800434,3.79386
-434.48038,100.48178,-11.145387,51.953026,-5.154982,9.937789,-8.922943,13.909568,0.8374781,4.5691776,3.7730443,-2.5719972,5.8685565,-2.7994535,6.1718955,-2.567373,6.8414607,2.2882283,0.37777382,2.9996817
-411.4064,104.56738,-17.181843,44.993015,-11.801524,19.189075,-14.841698,10.912742,-0.20874834,5.3949146,4.80372,-1.1443233,2.9917023,-4.128868,11.11722,-3.7349687,6.5783763,2.4235868,0.34073746,-1.0195736
-436.2994,117.04509,-11.817503,41.626366,-9.939719,10.025909,-2.1298518,6.6637373,-1.765763,2.1777856,3.3843906,-1.9714121,0.850644,0.34031138,8.094587,-2.6001515,6.776357,2.717739,-0.4572808,1.7771559
-442.14432,113.884186,-24.214695,52.790188,-6.6932206,-2.9590158,-1.4462807,10.132001,4.601959,-1.6570367,6.7421956,-0.31898904,-6.632791,-0.6653878,2.6702127,-1.958165,4.2520003,-1.1583911,0.97015613,-0.43311203
-443.6196,107.5085,-14.750456,46.445995,-5.8333206,8.341933,-5.238844,9.071658,-1.462111,-1.6016554,5.881894,-0.6875334,-0.29118675,0.5749477,6.6495104,-0.80525005,5.8092365,1.9076709,1.5161015,1.3942032
-414.02136,119.1599,-11.959506,21.635015,-5.5557675,8.530626,-0.23850706,6.963513,2.7693756,4.546465,4.058897,-0.7223269,2.5712593,0.23616773,5.4915223,-0.15359956,4.7101183,3.215902,0.038249254,0.840738
-475.02966,103.84011,-10.16511,30.30113,-6.783903,12.827292,-3.6102855,9.648931,-0.23823443,11.395967,3.7580256,1.9476551,9.4744,-0.9164365,10.784648,3.1726477,6.6406345,3.7385101,5.1743755,0.3817777
-414.79883,119.768585,-12.291891,28.468132,-11.528045,9.408632,-2.8405385,10.609734,0.92484087,7.2703376,6.618504,-3.511419,2.1166432,-0.20433071,7.581956,-3.2720823,4.9333186,1.8783642,-0.30720505,2.9070091
-432.66754,94.68008,-17.378119,45.69717,-11.482246,20.941303,-9.618017,14.124106,-1.0768802,7.5316577,1.8976237,-0.7813467,6.551602,-2.6836514,10.434302,-2.775788,10.263044,0.31390312,2.3131917,1.2378092
-428.67227,132.21452,-21.312834,32.66672,-10.63843,14.347641,-3.7163227,1.3948132,4.6272774,5.2360377,3.283746,-1.2619016,6.176616,-0.036324847,7.245482,0.081168294,1.8008332,4.763404,-0.46593052,-1.2725439
-422.73508,114.05648,-14.190426,33.239174,-13.956499,14.229419,-4.557733,9.575721,2.5242372,9.678771,4.4850698,-4.179581,5.9921985,-2.3634527,6.5723844,-2.972205,3.0323846,1.2790878,-0.33499268,0.6149958
-429.6781,94.87885,1.9203619,38.76194,-16.220009,22.035524,-4.080767,11.77121,-4.4274473,5.5894957,5.204995,-2.4844904,4.4872513,-0.64798176,11.343654,-4.8065333,7.879943,4.656397,1.1838806,2.569467
-428.3126,115.67971,-15.331708,33.060715,-12.8342285,11.665204,-6.310848,5.231272,0.42229345,8.614961,3.8530636,-1.1765007,7.634168,1.2339033,9.911079,-1.9773821,7.388061,1.8219045,-1.6702993,4.7972608
-406.20685,112.59786,-14.718927,29.246727,-4.7565928,6.7608356,-2.234501,8.781603,-2.7022216,9.102906,3.5715115,-2.5457115,5.8622546,3.5527434,9.582016,-0.6645183,6.556513,2.6798346,3.2324748,3.344457
-422.9113,91.00886,-11.023243,45.681545,-12.349915,11.399234,-5.065661,6.9159327,-1.2894003,4.8577456,2.9727643,-3.4059787,2.056136,-0.0084994845,11.986484,-0.7649538,6.7686315,2.4348397,-0.31015444,0.9886244
-427.12433,124.34734,-14.359467,25.988478,-1.1540818,0.9075768,2.073535,-1.2987655,1.5218728,7.0561037,3.9595208,-0.11349963,2.447439,3.2734742,7.637775,-1.4722663,1.6464409,2.1776628,-0.6228067,3.4601963
-436.63516,131.69936,-23.469662,26.761147,-5.7040157,13.265417,1.3880064,7.7009473,4.2761855,7.1847186,3.9460874,-1.1239644,5.5592737,1.4355896,10.099345,0.97546667,3.0627859,4.35726,1.1593074,0.8818028
-416.87845,95.8588,-27.173204,45.745667,-24.900734,11.551771,-7.1637974,11.34702,-1.3808166,8.923415,5.8097224,-4.654907,4.9271674,-1.9854699,8.475314,-5.4733615,5.1265836,-1.4532535,3.6363366,9.189271
-469.72327,126.47106,-11.854247,40.57533,0.33165577,11.754181,0.82785887,8.034937,6.569285,5.7809677,4.4170837,-0.4720682,2.7609615,2.0314035,10.363873,0.39222807,3.8554049,3.0540946,0.6120017,2.80183
-442.05017,108.69102,-16.561737,31.242117,-8.72985,22.507212,-2.731947,10.231,0.41903386,10.278922,6.0312,-0.7066834,8.51049,1.1547829,10.221023,-0.19099723,6.8581505,2.6793082,3.4328132,2.2365322
-409.42194,133.63844,-18.544407,17.173315,-12.129462,14.902772,1.7999692,6.290601,-1.3464783,7.2871118,6.432312,-4.3624797,3.415336,-4.5558114,4.81802,-4.7766027,-1.0935262,5.203872,-1.3535725,0.53765726
-446.1099,98.10736,2.2405314,43.036427,-5.185984,6.948671,0.2237887,9.108313,-0.6801213,7.2962446,0.82931894,-3.3969388,0.4960325,-0.026797147,6.182263,-4.2623973,6.9873724,-0.240082,0.26007742,0.73692966
-447.3628,112.48926,-16.323689,42.026283,-7.0297337,15.368358,-4.4494762,10.89651,10.05208,5.86832,8.58696,-1.1603018,4.2531714,0.9478293,4.2006307,-1.2553201,6.2829094,5.3116093,0.33435833,2.3732314
-437.41232,110.40651,-16.141249,30.699757,-6.359336,23.35589,-10.451424,14.630499,-2.5328085,7.44815,5.533654,-0.8619008,6.242582,-0.5673735,11.045771,-1.9842163,7.7518973,1.389981,2.1871138,1.1597126
-442.5881,98.780914,-10.1501255,44.168053,-15.555533,22.62731,-6.8380475,17.164679,-3.6664705,8.844497,5.1909614,-3.8854434,6.1283493,-3.340569,12.454937,-4.7220616,6.7395635,2.6550004,0.57079804,0.36264774
-442.9851,94.985596,-13.873745,38.606792,-4.5386033,14.688132,-4.1097713,5.991762,-5.018688,8.088084,1.9773424,-1.7924465,4.0522256,-2.415935,12.732907,0.2029882,6.031265,3.849781,4.581291,0.4821937
-399.23215,119.48122,-33.148003,25.026243,-14.720157,10.974938,-2.113481,12.45515,-2.661975,7.6474085,10.339711,-4.242607,2.381889,-3.5669632,7.1292844,-3.3406522,1.9820027,1.9893866,-0.57967895,2.1627247
-438.09976,109.57366,-22.16046,40.322037,-9.661279,11.454206,-11.760645,15.002393,-3.6776013,7.5734105,3.5645077,-2.7424448,5.710604,-2.8673797,7.691985,-4.704165,8.822878,-2.1457186,0.3684679,2.6716797
-430.79388,116.19414,-20.410963,40.870243,-11.171498,6.2476926,-0.9426344,7.5751505,1.0830221,4.150471,9.692563,0.274951,0.83207303,0.22805908,8.321551,-0.46135804,5.068057,2.8004103,0.2246621,3.641964
-432.13794,104.70271,-12.310943,30.844692,-11.582702,18.675188,-7.435552,12.376675,-1.5528665,8.465366,6.8742805,-3.8556955,3.2812262,-2.8205173,10.017645,-5.689131,3.677132,3.903928,-1.3267262,1.2737577
-466.4384,111.06773,2.6660397,32.56141,-9.164646,15.7572775,8.353844,7.5770235,-0.12620594,10.382022,8.0824,-4.112481,3.6874335,-0.27032438,9.483089,-1.2635304,2.1924856,4.085993,-1.5934074,3.8682313
-422.60205,124.13525,-23.554327,38.336708,-12.144943,11.766583,-4.939229,7.435255,0.18498953,9.55991,4.43033,-6.7475224,3.3946996,-4.671959,5.589723,-5.6819506,3.6340094,1.0577557,0.0113842795,3.3994038
-432.5603,94.05834,-13.431245,51.870148,-11.200066,13.6460495,-6.5595765,18.428167,-1.759498,9.562801,5.391636,-1.872048,3.8200812,-3.28099,11.062429,-4.84567,9.573731,-1.1115215,0.36016518,4.0187
-449.9335,101.12963,-10.691718,31.928177,-5.842609,14.80904,-1.7713625,11.048922,1.9880662,13.212268,4.025769,-3.076523,6.978296,0.31941465,10.153653,-2.621998,5.6417356,3.4073253,0.70450175,3.0811477
-404.91507,115.95117,-13.26147,21.22788,-9.400419,14.413293,2.836495,9.54521,-2.4789183,7.5946026,5.1966105,-2.6345594,2.9047606,-2.617254,8.584148,-0.94771135,3.7855115,2.3987927,2.550038,3.8564546
-424.65128,110.54831,-16.376427,42.303646,-6.968657,7.0101914,-1.7313575,12.9245205,-4.4414916,4.2534766,3.7967155,-2.226958,3.5178158,0.68858296,11.978741,-2.1758597,5.4356585,2.4740536,0.7157909,3.053
-453.45148,117.51849,-17.473341,52.511414,-13.496136,5.4973893,2.9638543,8.337205,-2.8648672,3.8222132,3.8580928,-1.8804144,1.8940802,0.41329715,9.866927,-3.6126854,5.3226786,0.09286408,-1.034559,4.389782
-446.02966,105.8441,-4.602665,35.805122,-9.503199,11.456743,4.433253,3.274699,-4.3532887,2.1255734,3.6211483,-2.7355006,0.28321838,3.457503,8.509566,-2.6288412,5.6648617,1.8699379,1.4856265,3.3418808
-426.84735,99.36323,-10.463585,39.078144,-3.618465,13.237545,-6.5647283,14.143673,1.0755283,7.529369,6.097099,-0.8612398,2.8288438,0.3587407,11.008898,-3.0844,6.313628,0.6642902,-0.19141491,2.264595
-449.80905,118.35531,-31.089025,42.465954,-10.813755,8.236829,-4.230224,9.229394,6.047064,4.4972377,6.351311,-2.530186,0.5430474,0.8407084,9.492574,-2.4698572,2.8382583,1.2754462,0.09658394,2.1752324
-413.08264,86.16912,-9.014998,34.621403,-9.205749,3.8830423,1.0465677,6.8109655,-1.3310708,4.4246383,4.9887824,-1.7728992,1.8110642,1.1730847,9.043241,-1.377908,6.0833154,1.9203616,-2.5210257,4.754812
-407.7323,85.870026,-19.094765,33.445145,-16.384638,5.5616884,1.4580771,7.176666,0.5568244,5.342495,6.591709,-1.0584651,4.8224826,0.8146806,8.137578,0.34448713,4.9990172,2.6373842,5.493186,16.85229
-395.39755,116.17166,-30.710546,22.691475,-9.774736,12.302785,8.238674,9.32481,0.48332843,6.1784563,8.182467,-4.764963,0.7296434,1.0338973,8.887863,-1.6965733,0.5054812,4.8187714,-0.47403786,2.4770947
-423.06802,111.69173,-8.89322,26.070007,-7.1780257,7.1397753,0.17521687,5.5843315,1.4611418,4.6227465,2.4487412,0.25407276,3.6476572,1.787989,10.312353,-1.7127105,3.5214648,3.403493,-0.8248826,3.303692
-430.7538,128.72513,-15.047758,34.701405,-11.322477,18.800276,-7.1068244,12.567699,-3.1211307,6.49847,7.2998753,-3.9101627,5.2464075,-1.3900061,9.140839,-3.4718394,6.2351394,4.3403497,-0.1798434,0.37419033
-426.9554,100.64247,-11.729218,24.987251,-11.512537,16.683527,-4.484891,12.971543,0.6983357,11.313372,6.084147,-4.607191,6.8899045,-1.5130564,8.978346,-2.5645523,5.485799,2.3470402,-1.2612234,2.0566976
-441.24548,104.29401,-3.6586578,35.286407,-17.756811,15.667298,1.6281772,11.198396,-1.0678784,3.0563354,6.7785244,-0.6291918,4.6319947,-0.57716995,7.6365438,-1.5236781,4.825756,3.292681,0.7252683,3.8291366
-419.81827,108.23848,-22.17931,45.607273,-6.900313,16.285887,-11.532153,12.131721,-1.052773,6.5560822,4.5272627,-2.0583615,6.6664853,-4.0530725,7.421981,-4.1130886,5.227111,0.6236696,-0.3893385,1.0714678
-423.1421,103.07752,-13.479815,28.670471,-18.526552,11.538607,0.4842869,7.6459603,-0.8980244,6.9398007,3.8508823,-3.6638153,5.597106,-1.4496198,3.5938394,-1.6916801,6.4400716,0.51454484,0.9335438,3.8853989
-432.64954,89.81158,-12.690552,48.527943,-16.786552,15.924149,-3.3170843,19.843527,-3.6894336,8.747167,7.099666,-1.3130659,4.716546,0.013905634,12.363236,-2.7365692,9.488978,2.8612938,2.8745077,0.8419888
-443.1666,127.750854,-12.068181,42.14234,-9.150268,3.2883768,0.4818751,7.796996,-1.8613799,1.4517208,3.5762868,-0.76978886,1.1397206,-1.9393506,8.195061,-2.2345939,2.3837519,2.6645582,-0.7418388,2.1251612
-411.24722,101.08914,-16.781078,29.558252,-14.381906,15.472595,-8.219907,16.806469,-4.8406005,6.1343164,4.2337418,-4.9025097,3.9708283,-0.98077327,10.193596,-5.3540564,8.018943,-0.20681034,0.4394265,6.6502504
-399.2788,102.1779,-6.8171744,23.400064,-4.571435,9.937714,-1.6740477,6.6398687,0.6006766,5.0354567,1.0365155,-3.1967406,1.8489915,-0.16997713,7.240208,-2.6748264,4.175566,2.4962046,-0.80132866,1.999326
-440.8916,118.3382,-14.2019,37.296135,-3.4182382,12.324237,-1.3664683,8.120962,-4.702627,4.551157,4.1278763,-1.8124119,1.4287664,-0.7136247,8.231274,-2.526235,6.514296,3.2801766,0.69948864,0.64680177
-420.01398,110.192566,-9.562014,27.17863,-12.112362,3.9831123,-1.8909631,7.156927,-4.3094172,6.1358957,3.9018414,-4.522233,4.876689,-1.5333256,6.515548,-1.2562548,2.8852007,1.9255211,-1.904078,2.106553
-431.1721,124.06124,-20.762661,27.584595,-17.484133,25.27194,-2.0328162,12.660165,-0.72792035,10.312647,2.1630008,-4.2709026,6.13681,-6.87616,9.712209,-1.3804868,3.1692827,-0.05395629,1.3675425,0.23577867
-437.84384,120.39842,-29.40282,41.42248,-10.43406,8.540536,-6.4131074,11.905531,2.965921,4.067536,5.8696,-3.2828357,4.040578,-1.0759821,4.9661856,-2.0228515,5.119596,0.98300505,-0.7267649,2.1206567
-416.87613,104.48909,-15.3941765,40.75858,-13.409278,10.724808,-4.5478034,6.446853,-5.612063,3.9303203,4.407708,-2.1675174,4.0830064,-0.14142124,8.867668,-2.4403405,5.442982,-0.6952491,0.24517702,1.5826367
-431.33725,104.1665,-11.377312,35.420326,-6.8534946,15.215132,-11.597187,8.886252,-4.055914,0.75315565,4.1410475,-4.2333245,0.4653651,1.2178644,6.3715124,-4.2817807,10.05687,1.8324237,1.6551679,2.145852
-450.99887,109.11551,-4.532845,48.43665,5.1402926,8.280052,-0.40435624,8.740567,0.74369925,8.958813,4.0791564,-4.8453293,3.1772509,-0.14726315,6.535664,-1.4494587,3.523285,3.1387758,1.1445583,-0.24859114
-433.99356,106.72571,-14.243178,27.6987,-15.500071,19.61943,-8.491318,8.869247,-2.0060716,9.74799,7.0736833,-4.9541006,4.429237,-2.8309429,7.483231,-3.5745106,4.6693497,0.21866156,-0.05804345,2.3895226
-465.0881,101.31837,-13.571902,33.82267,-4.614534,12.817044,3.1347013,10.959359,3.4586296,5.6408553,7.069735,-0.8894063,4.0582824,-0.5712629,9.646418,0.48139954,2.1735115,7.291694,0.82814467,1.6519221
-451.2361,99.93591,-18.085835,48.049725,-9.313668,14.100721,-3.2630818,15.056898,4.707691,1.597983,5.289412,4.261523,5.341145,1.5655758,11.392494,1.3681114,7.463335,0.68227434,3.5543642,3.4268203
-443.4429,115.981186,-3.413402,37.559776,-11.788741,12.429097,-1.3538622,10.808919,-1.9575332,3.828953,1.1174245,-3.2596252,3.6685874,0.93489087,9.33543,-0.015599362,9.544881,0.20818265,-0.82847494,2.346634
-417.02252,72.2555,-17.802084,30.883667,-19.078436,29.918213,-13.813241,25.105274,-6.6434016,13.12839,6.4538283,-0.9124991,12.626731,-3.751013,14.7635565,-5.433009,12.418075,1.6174724,1.1650109,3.6925302
-456.84317,91.62604,2.8017738,38.601433,-11.431417,20.463285,-7.672943,15.117098,-5.9020996,5.7247825,3.7233865,-4.3932147,5.1512203,-0.9259825,9.070746,-4.5895133,8.217679,1.1284707,0.24492416,0.4108746
-472.64783,101.455795,1.3887074,32.22835,-5.973292,16.598003,3.2774408,10.755013,1.5024266,8.261897,6.587243,-2.7058966,4.380393,1.737493,8.22475,-0.7089707,6.400257,5.1689367,1.4640203,1.9700683
-443.95325,117.07165,-22.40206,24.110617,-9.209422,14.643812,-3.3798537,6.1897187,0.28749326,5.832614,4.634162,-3.6174393,4.0053086,-1.5031419,7.1743965,2.0385005,4.986079,1.1745086,0.30440816,2.4322119
-424.96268,111.79647,-14.929418,23.127918,-12.805912,16.949379,-2.182449,2.5494478,-1.8263222,14.041648,5.2450147,-2.1129105,5.6975555,-0.2359564,10.318803,-2.8075228,4.0560246,0.8781705,0.1764795,3.7249637
-435.02615,101.75718,-19.041262,34.114025,-9.77959,19.200542,-6.3571444,11.841937,-2.4880018,13.058144,4.5115185,-6.2399945,5.3790264,-2.7181833,7.702833,-2.603148,6.16219,-1.8294406,2.868652,2.8561437
-441.51013,108.77886,-14.721221,48.263756,-11.098032,9.367286,-11.459662,10.792919,-0.7277149,8.556533,-1.8506547,-2.893247,6.543507,-3.5001967,7.2924495,-4.941162,10.047784,-2.7329688,-2.1447313,4.6263704
-446.00424,115.74451,-16.867731,34.851807,-3.2413454,8.593029,-4.0234623,7.2616935,4.2666183,6.70556,6.0455446,-0.8241816,1.3001205,0.94663006,7.967017,-2.2320616,4.269421,3.0637245,1.6132668,0.7175325
-431.1666,113.451355,-21.47618,28.30238,-8.160565,9.041846,-4.5915155,6.7937984,-2.3324802,2.2835975,1.3608929,-1.9957243,1.3300511,-1.6431429,8.487493,-2.2453258,3.0732515,2.5471964,3.4123907,-0.33893952
-431.22888,107.23003,-16.143543,42.02894,-6.422013,10.222967,-4.3134384,10.337779,-0.3437711,5.3216867,1.0194801,-4.826272,-4.6020083,-1.8342274,10.510509,-5.3373694,6.0156956,-1.6405922,0.55997276,7.28494
-416.08383,118.741295,-14.682186,32.813873,-14.198017,10.086176,-0.48405945,9.289985,-3.2725089,7.485834,5.255564,-2.0680685,5.7465606,-0.23303308,12.766464,-1.4204488,4.3506894,4.256233,-1.2500181,2.749122
-440.8834,120.49734,-16.334667,47.778114,0.10879468,8.5651865,-2.9066896,9.272138,2.4626834,6.5234265,4.5599813,-2.7479181,-1.9519234,2.3619323,10.011604,-5.009987,7.4924803,4.2330737,-0.9484771,0.5106488
-429.59744,124.91541,-22.927946,18.348904,-0.6289903,10.222645,-4.2472014,0.87011325,0.82261103,5.562549,6.784488,-3.3564422,1.5083032,3.0367131,8.593643,-0.077836566,1.2302353,3.2628663,1.8023995,-0.60016865
-446.14346,121.018005,-18.089518,30.3333,-5.211575,2.3701155,-1.9555674,9.174859,5.0674033,8.702044,2.166491,2.5223517,6.1959496,-0.34624332,7.654099,-0.049809508,5.0112944,0.24511662,2.9450402,2.9341004
-389.70563,97.70808,-11.409018,30.125221,-12.772537,11.023586,-0.78424954,11.410781,-6.966135,4.7148447,-0.33396286,-2.708385,3.1166422,-2.2996569,10.116315,-3.2325516,7.6526732,0.8467488,1.7350159,5.41574
-416.21988,132.67644,-25.169085,26.872238,-6.3411117,-3.3807526,-3.5154552,4.184568,0.038108483,1.0947816,4.710828,-4.6275826,-1.3488604,-0.77490157,4.820742,-0.96166384,0.3253053,1.0692052,-2.551169,-0.47040302
-420.77396,93.26867,-23.100376,39.33644,-4.799694,10.022141,3.3449907,9.386128,-1.6891322,2.643344,4.0783796,-1.225334,2.7373137,1.8734137,8.662936,-2.8133674,4.4624686,3.5493846,2.327705,1.9425986
-425.68622,120.83647,-26.035093,19.806162,-14.428284,18.192688,-9.028536,8.254248,-1.9667039,10.608816,5.186619,-4.277164,3.9755063,-5.6370792,10.534271,-4.017784,2.269763,2.5110338,-0.43322116,1.512484
-435.69077,129.00484,-18.388826,27.44281,-17.81932,11.314655,-4.5958548,6.8573756,-1.1213915,6.5817404,-1.2249223,-4.9704013,5.118138,-4.701928,5.700388,-5.0381656,1.550039,-1.7776002,2.3270993,1.5391
-410.22632,93.8048,-11.104084,32.519405,-6.220765,17.684782,-5.9889917,8.856441,-4.1034727,7.3316846,5.3024445,-5.7380023,4.384051,-0.5255847,9.724668,-1.5766463,6.5776057,3.0393791,-0.2518961,0.7665773
-495.99695,100.753334,-3.270028,37.110104,-1.7201943,13.219291,-4.5784397,11.259362,5.7065063,5.917892,6.2468762,-0.2237669,3.34399,1.7568321,6.4074855,-1.9725425,8.102677,2.5149176,0.09808855,2.4886146
-404.25232,96.351105,-18.043343,38.84339,-18.125963,17.855135,-13.387431,9.593927,-2.525688,2.172295,3.5559974,-2.2167788,3.2530882,-2.6058557,8.1228075,-4.36954,7.41383,0.5212072,0.48729578,0.1713135
-395.8685,109.07076,-18.098799,31.257193,-19.883017,14.279495,-5.313871,12.164325,-4.4344244,11.436325,4.29498,-2.5435643,5.382071,-4.6108427,12.047158,-3.957847,5.3341427,0.5167318,0.8228956,2.3888617
-441.1177,110.84708,-7.6451335,46.024036,-0.92102486,6.4259043,1.557836,7.361836,-2.3099458,3.3314595,1.9996898,-3.284981,0.24871808,-1.9279052,7.84819,-0.7944459,4.2018704,4.404035,1.7085409,1.3442421
-423.77,106.21277,-12.467815,44.871937,-8.669516,12.049545,-5.156506,10.7026615,-4.3146367,9.031571,1.1296953,-2.4849498,5.8771877,-1.6460952,11.368354,-4.2092233,8.14246,1.1778345,-0.3922869,2.1571503
-426.56876,112.8609,-14.624591,35.747314,-9.662114,15.264117,-2.378574,15.410806,-4.518362,9.559749,4.1067147,-1.9024912,5.403969,0.88481665,12.944632,-4.13151,10.496568,2.3998563,-0.5851147,2.550669
-413.77533,129.82622,-26.02613,19.695135,-12.365446,11.793484,3.0553012,10.906921,3.9951391,7.8758283,8.617881,0.34166864,3.9248621,-1.9293523,8.428787,1.1661868,1.897918,3.6945267,0.92497045,2.4263008
-435.03647,126.41812,-14.07312,8.919162,-12.359028,14.808656,3.3126204,9.160788,1.8912092,6.557556,10.38037,2.0280507,4.988427,0.42692146,10.563779,2.7162886,4.940341,2.9263964,-0.07581429,4.343596
-417.81158,92.91083,-9.143853,35.256695,-5.0676904,12.030281,-10.940491,11.396881,-1.6931399,7.4179964,2.7354264,-1.8131409,4.456925,-1.4562284,7.550508,-3.6144896,9.268372,-0.3320252,-0.06420935,2.574538
-454.99344,114.37977,-10.3102045,42.839787,-7.4917865,17.980062,-10.086144,8.380142,3.7432516,8.181797,3.458003,-2.896538,5.711294,-0.84341013,9.517747,-1.8357896,7.7564282,3.7484772,0.36975434,1.7522861
-443.714,103.86617,1.1965625,36.730988,-20.018412,18.357485,-2.092701,11.937373,-3.9711237,5.031608,0.42551297,-2.022521,1.2879592,-5.448412,9.173205,-3.6475332,11.464509,1.4037361,5.105126,7.2579947
-422.32855,98.03556,-20.246235,53.413128,-24.992413,9.913371,-0.6886421,11.746527,-4.111761,8.692288,4.867501,-4.8850455,4.4179826,-2.9510345,8.0021715,-4.5871305,5.444912,-0.6432821,-0.5959511,0.09420398
-457.74246,101.220764,-1.0102482,42.54882,-11.461985,10.466096,0.9023184,7.174151,-6.9815226,6.170306,-0.12827072,-3.8442264,0.8273651,-2.1139264,7.2429576,-5.836103,9.139563,1.2224976,0.5165081,5.1846867
-447.5796,116.652855,-5.95729,29.81028,-18.598543,7.791452,1.0841452,13.448988,-1.1000183,12.829022,3.6237962,-3.9026082,8.815699,-1.6606541,9.541136,-1.7482617,5.3175087,2.3711233,0.082013756,3.7154706
-465.76172,88.08155,-1.6751028,55.599895,-2.2635083,20.265676,-7.885512,15.23241,-2.3464894,3.4457946,3.133328,-4.092149,-0.7095157,0.20763706,10.4861555,-3.5591223,9.323824,2.0940266,4.032472,-0.5853103
-427.2429,92.998184,-5.7717395,60.574745,-4.250602,17.246119,-10.05023,13.588121,-2.0201895,4.7947865,0.459695,-0.86135703,3.6512582,-3.9958477,13.001447,-2.7622266,9.226106,2.5325072,1.9273127,2.8652763
-399.74478,113.39383,-23.935125,35.501423,-5.864226,11.250252,-13.720939,9.712017,-0.47650775,3.7741578,1.9298244,-1.9307473,4.0146465,-0.4702622,11.234845,-3.9482784,5.472233,2.165343,1.6333339,-0.24678005
-391.93866,112.5726,-27.986147,29.664501,-9.184903,6.327465,0.22327396,3.1146598,1.9595648,6.143182,4.099541,-0.056579042,1.675668,0.6467839,10.1342535,-2.9388347,3.851262,4.751499,-1.5811367,1.012021
-403.1258,102.198105,-13.68318,39.66294,-14.168824,14.772936,-7.4535108,11.265697,-3.5158603,8.381015,4.218199,-2.870997,5.620309,-3.7664232,8.786463,-2.6766796,8.2388735,1.0046548,-0.80792606,2.8657238
-424.77832,112.15596,-15.879848,44.790478,-5.70776,10.820771,1.4038721,3.6665668,-0.576402,7.4629707,3.7508838,-2.7695653,0.18523082,1.4005438,12.424921,-3.0330546,3.4128814,2.5882661,-1.3796631,1.1236117
-461.9708,116.025314,-9.428261,45.13666,-2.9798038,12.096759,2.6187463,7.845853,1.316668,5.840904,6.6468434,-1.0654348,1.1173935,-1.030038,9.463039,-0.6841122,2.137916,4.8178945,1.4722915,0.18895613
-425.63953,120.85863,-22.920584,19.755629,-7.73472,15.838764,-5.6069427,10.665259,-2.695644,6.6097093,6.031095,-2.4480045,6.2369566,-2.342446,8.369099,-2.5119872,5.0653954,2.767378,1.5886214,1.3714613
-449.52872,102.27665,-11.778735,29.417297,-11.058408,21.254211,-14.883639,12.363017,2.7622614,14.26965,5.676111,-4.642727,5.6578794,-0.7536607,10.109863,-8.742587,7.8431435,3.267779,0.39210486,4.1182275
-430.5239,108.824974,-18.608927,25.473366,-6.683902,12.377167,-2.4590983,7.334445,-2.4275959,10.201245,8.227729,-1.4065741,5.319656,-1.0603374,7.94245,-2.3948169,1.2443094,0.7482193,1.3361304,1.7720467
-410.35977,86.02896,-23.79214,55.721817,-20.483469,21.159071,-15.190254,16.583853,-7.528078,10.570434,0.7931538,-4.685119,8.757359,-4.380738,13.890841,-4.4324527,11.9994545,-0.3351586,2.620574,0.37537324
-429.75244,124.23234,-14.91088,38.18247,-13.005625,12.653879,-9.468034,11.598952,-0.015983999,5.637137,4.0781193,-5.419216,4.2568254,-1.7311198,7.4501176,-4.5904794,7.36423,2.1389306,-1.6429365,3.0776663
-448.84418,101.429184,-19.588741,40.295025,-12.794896,11.141824,-5.7354746,8.426207,2.2384446,7.098865,1.79872,-1.4880496,1.0615116,-4.8305283,7.7460866,-5.876549,4.935646,-2.529021,-2.0324929,3.886359
-466.95132,125.88546,-20.329159,46.22314,1.372825,8.542665,0.9062828,6.0003867,4.62739,6.7574058,6.2143273,-2.4893231,2.9252567,2.2852428,7.5332417,-0.99184865,4.4442687,5.620751,-0.034675576,2.464496
-434.99966,123.310486,-2.777057,23.889338,-11.021848,19.337078,-8.143185,9.669861,-1.3441845,9.875896,4.194303,-0.33371377,9.987439,-0.4065403,12.362294,-2.1294286,5.916159,3.2017624,0.7907601,3.7214108
-429.26132,124.0304,-21.95986,27.85015,-8.096015,21.64057,-6.4892364,14.105371,0.57592374,10.103221,7.4292655,-3.7127473,4.1483116,-1.817992,12.912802,-4.2327056,4.611035,4.2757897,-0.7794042,1.6674488
-400.19058,103.99331,-10.006253,21.496145,0.26288736,-0.02454427,2.389019,1.3473009,-0.5594302,5.122448,3.7761621,-1.5433013,-1.3906752,1.0337404,7.8975816,-0.9733607,2.5308955,4.203035,-1.6666856,0.78107166
-421.15372,126.97211,-18.978931,25.978361,-9.994605,-1.0683211,5.6081595,9.23699,3.710208,3.6617794,5.871008,-0.359987,-0.03217563,2.8656611,9.162234,-0.8824005,2.229012,2.5127137,-1.6854452,2.1820412
-454.93155,106.9568,-15.790383,50.266834,-2.7389882,17.329216,-8.931835,12.013577,1.6067884,6.46843,1.274436,-1.7509606,3.7883368,-0.43102947,10.339227,-5.210344,10.218008,1.8295503,0.31086096,2.4454124
-420.40976,104.81763,-22.255663,40.789806,-12.981222,12.757121,-11.425683,13.465197,2.2661312,10.443956,3.2615047,-0.99732316,9.307394,-5.2863407,7.690055,-1.358185,7.8428993,0.6024996,1.7443546,3.0102353
-428.95932,117.13623,-16.884302,53.11202,-7.9949436,5.110991,-0.45189193,7.5034747,2.1541305,0.78882766,6.0694118,-1.2965041,2.756495,-0.48116454,4.4640093,0.34695736,3.1494727,0.9834511,-0.28713667,1.5368097
-427.9854,105.053276,-11.375335,23.341091,-7.206913,24.164742,-6.83722,11.822422,-0.61858284,11.280945,5.0620127,-2.8686452,7.254764,-0.06670848,12.972321,-0.7328639,7.218,3.2768664,1.1704812,1.0080647
-410.70493,96.3782,-38.685207,15.726571,-14.702302,11.925475,-1.8836085,5.451448,4.369861,12.314705,6.1868687,-5.4601765,0.25735492,-4.0075364,8.450523,-0.5607578,3.9639802,10.804768,17.026934,19.411615
-477.23596,123.30921,-17.140734,27.340797,-6.351582,23.048737,-3.7789125,11.550274,5.0982513,10.58134,7.3393035,-2.9986973,4.855356,-1.1885717,10.193161,-1.9286578,3.7451522,6.085184,1.9720737,0.8219222
-436.5638,96.74481,-23.169222,41.442436,-9.543235,15.113385,-6.3444295,8.306452,0.029210854,8.792027,5.276936,1.019981,5.9379773,-0.20920077,9.70808,-2.1928508,7.5320296,1.8633544,4.2459154,2.421356
-433.1699,115.22191,-25.27774,48.80578,-4.8145785,7.647941,-1.8875974,3.7963858,2.8251133,3.144537,3.1730516,-1.6024224,-0.68258154,-3.8429582,7.5588336,0.3949606,-0.5486356,1.5243052,2.040264,-0.20970932
-407.02933,94.877106,-13.845675,24.206902,-21.99619,1.5538514,6.622274,9.730167,1.7988467,6.763562,5.934138,-2.7916965,0.84484607,1.393301,7.6157064,-1.4548429,5.834171,4.6235805,-2.855906,3.1218023
-460.7383,111.572296,-15.863234,46.28179,-0.704745,7.633771,-1.8529791,11.77592,3.2882254,9.361944,6.228702,-0.14971597,3.7607927,3.775123,11.2383175,-1.5670317,9.945606,3.848383,2.2621171,4.109581
-406.70343,101.32015,-5.1180573,29.981056,-3.268979,8.18298,-1.4792209,9.278822,-2.3998637,5.074912,6.2871227,-6.0269747,0.059457444,1.0296319,8.372124,-2.323737,4.6322436,4.4519086,-1.9546967,1.551377
-428.94778,107.29678,-20.215958,45.547447,-11.62318,0.91117084,2.1887455,4.2378993,1.3791603,1.821746,5.415983,1.5356172,-0.34945157,-0.37199566,9.437589,-1.9868443,0.97208405,3.115287,-1.1064706,2.5587237
-403.24033,93.94026,-8.860082,32.47858,-9.071093,12.626946,-5.1315417,12.774634,-1.3630304,6.608279,4.3844585,-2.3977916,3.1397336,-0.7205301,9.148849,-3.5378757,7.0137405,3.4784026,0.06474634,1.232625
-398.64145,107.26382,-4.890999,15.994545,-10.441691,6.635907,3.8907523,9.421981,-0.34309125,4.005617,3.5875595,-4.9739842,1.7243156,1.8622903,6.4164424,-1.1119447,1.9386407,2.6144624,-1.5786366,-0.749052
-435.56488,112.74017,-24.647041,39.580467,-13.888355,23.803665,-16.088833,11.9178915,-4.4448185,3.4089327,6.9622564,-3.2481356,6.4089417,-3.3401535,12.540487,-2.9686315,4.521233,1.403749,0.8241303,0.45381352
-425.71362,105.920815,-21.989874,30.704556,-19.048103,18.35305,-5.986205,13.330888,-9.693463,10.841659,4.002834,-6.6953335,4.9073825,-3.6029792,9.8461485,-7.544828,8.378163,-0.79735047,1.5608491,4.9106226
-441.29282,125.156204,-7.819393,25.392458,-7.8861747,4.44738,2.0445359,6.357094,0.48420647,6.2145305,10.289819,-0.777617,1.9261534,-0.609442,6.3763146,-1.6123347,2.7688196,5.1280074,-1.6819143,3.8773901
-382.62115,113.689705,-23.791763,23.412468,-13.6035385,7.5718865,-6.481911,5.8725247,0.3495109,5.5499244,3.1684682,-3.4148283,2.9731827,-4.5113316,7.5095487,-1.8993658,0.569852,2.1442056,-0.29547718,-1.0093608
-423.80222,99.20053,-29.866081,15.722033,-15.80587,18.215775,2.3979297,10.620872,-0.23362872,7.817916,1.7864554,-2.9683244,6.07592,-4.718794,8.420619,-3.1934814,0.7356947,0.9682006,0.5165959,3.4565427
-397.7959,101.1094,-34.061996,32.3871,-13.877902,12.172247,-6.5976496,7.001391,-1.7129422,4.6719365,4.7595954,-5.3898754,3.3840635,-2.0566943,5.752468,-3.6565433,4.1858106,0.2627462,-2.4555988,2.5850112
-412.6869,105.147446,-27.283825,42.445534,-17.605742,18.608927,-11.814991,15.556804,-4.392424,11.700363,1.175118,-4.8699417,9.996607,-9.03934,7.1680393,-3.6188672,6.462482,-2.4748805,3.1812236,1.1778494
-422.59415,114.008545,-17.246326,35.914307,-15.259919,18.7963,-1.716347,12.909816,-1.205095,10.693549,6.2918415,-5.9420624,4.138334,-1.6906035,7.9937196,-4.0235186,6.211107,1.8449626,0.1662253,1.7654961
-430.29175,91.41879,-4.9793906,30.057644,-7.5031714,9.2617855,8.121273,14.488118,-1.6482422,7.3234234,7.399807,-3.3803506,-0.5808803,1.7078747,9.917224,0.2628612,4.018583,2.7039704,3.222449,3.4290977
-402.2689,94.50407,-19.191353,38.0681,-6.5295773,5.4279695,0.3767071,10.245735,1.9792794,5.069882,5.597322,-1.3733003,1.2299633,-0.026156567,6.5792937,-2.7722106,3.7854757,1.1854004,0.7332097,4.9631734
-410.88284,105.69373,-17.165047,35.631374,-4.5001254,8.736559,5.338744,5.2236943,1.3042977,6.6102495,3.3263454,-0.96745795,2.3947775,0.78201485,8.769619,0.31021416,3.4157207,1.6673301,0.35994717,1.7985579
-404.0146,98.40854,-18.53514,31.89446,-19.110327,13.838283,-2.0762446,9.186541,-3.2405055,4.7008157,3.7426224,-2.3952353,3.0608468,-0.33880922,11.2994995,-1.946273,6.9236593,-0.5936694,-0.8197393,4.0482965
-418.7444,114.879906,-20.477585,30.365522,-17.004948,29.066996,-7.7167716,16.631138,-3.0839531,8.887522,9.0079,-4.173553,6.1877923,-1.7867532,11.141477,-5.636988,8.5707,2.3911746,0.8651167,1.4753114
-418.78107,107.16187,-6.4517198,44.841248,-4.4267836,13.762674,-12.705267,13.064226,-5.0609593,6.330677,0.9493535,-6.2609744,4.1770377,-2.9141095,8.045751,-5.874512,8.844313,0.43563458,-0.086228065,2.270683
-426.56766,94.41334,-19.587395,54.564415,-18.209665,15.229476,-10.548917,14.365344,-8.7136,5.502864,4.3353972,-8.2623415,5.8589926,-3.9926517,7.4976635,-4.150887,6.848475,0.39008144,1.0264013,2.1585007
-446.48782,112.43182,-3.3742821,40.330723,-2.8323116,1.6807992,0.1662747,0.9680357,-2.977023,5.823417,-0.06918784,-2.9793346,0.63463604,-0.8149136,4.7516623,-4.0428376,3.2074533,-2.1310105,0.4042255,3.911515
-420.3819,86.60796,-30.841618,46.57621,-19.960297,16.043896,-12.203535,16.003094,0.60361814,9.319578,3.0931702,-2.3931527,4.0602126,-6.4565034,8.773973,-3.1760058,12.396853,-0.21001,6.6324153,11.899388
-478.238,95.8499,-11.5670805,35.13915,-4.6808305,17.220074,-8.473217,14.7577505,1.9363439,16.539774,2.9680128,-1.4105071,6.7729716,-1.0441474,11.479735,-4.542426,8.787189,0.646296,2.658078,1.4986396
-441.3359,105.732864,-14.069848,23.338154,-20.475143,20.240507,-1.6228287,11.527689,0.5680874,9.879708,3.548188,-2.7130096,7.430767,-4.477963,7.5130277,-2.7893233,6.1573424,1.9728181,0.7123323,3.7538292
-438.3794,93.89412,-6.21158,49.837013,-9.659298,7.0904408,-6.141623,8.944792,-5.951484,4.541888,2.0126746,-5.0673013,1.6549746,-0.7328108,7.814064,-4.4138174,7.734572,-0.25876653,-0.6007826,3.1154945
-426.42795,106.714935,-12.668076,53.06986,0.3945463,-4.1845713,-1.7199805,4.082443,-1.6915531,-2.498189,0.44857112,-0.64224255,-3.0650058,1.66549,7.68656,-1.0794466,6.5853696,0.86189413,-0.4186791,2.041657
-429.64597,112.63927,-19.921545,43.486027,-8.773041,13.692571,-8.054876,10.045425,2.313298,4.4283543,4.2577453,-0.31977093,1.9041067,-3.5528963,11.454596,-3.3982482,4.5689178,3.8489602,-1.1716313,1.2122456
-444.20078,112.2836,-12.054903,44.779827,0.30255234,7.8987374,-2.1647732,5.414201,0.44283852,5.1962686,4.0982094,-2.173602,-1.4120722,1.1641698,10.2941475,-4.453269,3.2322366,2.8970716,-1.5671927,0.1024643
