-400.8648,58.210785,-55.30527,27.250034,-0.33738148,-8.783607,-12.62575,-3.9658878,-24.148445,7.7805843,-2.2680538,-11.007582,7.1579046,-2.3443475,5.9080734,-4.8382816,0.15306896,-3.4599335,-1.6583391,-4.3182774
-438.51428,113.184135,-42.405518,24.789375,-4.1722136,-5.237712,-4.6321692,-11.204,-32.649025,4.5997105,-4.934301,-8.515234,6.103915,-3.9159265,4.227977,-3.5414329,1.2866668,-8.904364,-1.1364487,-2.8016891
-398.29163,88.72692,-52.975815,34.711033,-12.165401,-1.9672079,-13.968731,-2.6944075,-31.840796,4.9036374,-4.6225023,-12.253911,0.5239989,-2.790813,6.8844447,-12.309857,0.9482882,-8.41215,-3.3649478,-9.2236
-410.57367,79.56687,-45.06494,38.352383,-15.429891,5.9108787,-19.559402,-2.2362921,-31.03443,2.420671,-2.6944237,-12.831453,4.485323,-3.6311092,6.972081,-11.255229,4.330817,-6.721051,-3.926128,-6.619501
-387.98068,77.52245,-39.67557,25.4309,-7.9421215,1.9402819,-16.509958,-9.552242,-35.74205,3.5109892,-2.1595657,-12.578148,6.10782,1.0520195,6.6814523,-6.9884048,5.993061,-6.028785,-3.310585,-3.1828787
-419.6399,83.4391,-39.359005,26.883293,-7.923942,4.2058663,-12.9335165,-0.7524801,-32.07903,4.24056,3.6054983,-8.825698,4.27697,-0.3999215,11.509353,-9.0324335,0.70630133,-4.1848545,-1.3361669,-3.0971816
-442.28696,83.460396,-45.443565,42.317596,3.2972424,4.4944634,-17.08414,-7.165975,-30.0376,0.21197458,-4.2665153,-6.9855986,-0.9864506,-4.042282,10.361334,-12.76326,1.8283349,-5.3714485,-3.6866045,-5.494883
-455.01648,66.42458,-22.627514,36.799286,-4.463709,-1.6702294,-8.537157,-2.3095925,-27.666248,-3.5705926,-1.6271954,-7.1563916,4.213347,0.591737,9.857996,-6.4109974,0.3162156,-1.8146636,-3.9266107,-2.3006694
-460.3732,89.377914,-46.81716,40.98239,-3.8272226,6.3168635,-13.987281,-4.615327,-29.280067,3.0166104,1.8585399,-8.300747,2.7236977,-1.0296383,9.097322,-10.550669,2.7705002,-3.3766115,-1.6578461,-1.904572
-394.79346,83.016335,-47.802864,38.579674,-8.624222,0.53727907,-19.148281,-6.192604,-34.554047,-0.31300294,-3.3184292,-11.129337,4.259523,-4.6645675,6.415332,-12.490153,-0.3396943,-4.656292,-3.110645,-5.3498254
-472.28903,66.30912,-39.62934,36.20582,0.2853108,5.214324,-10.416376,-0.9025866,-24.112314,2.0865002,0.128035,-6.899697,2.6284208,-0.742057,9.634941,-7.205403,2.0112584,-2.38594,1.0285928,-2.8440113
-397.9616,90.33773,-51.90576,42.781773,1.5463971,-0.64981127,-22.379793,-7.8183403,-28.850048,5.7353554,-7.277328,-11.124981,7.7028465,-4.8066425,6.022431,-8.77699,3.2337608,-6.8351054,-1.1988299,-5.0503006
-429.99274,76.53941,-37.749466,26.509607,-3.6362922,-5.1763463,-9.207462,-4.662774,-28.034973,1.7136589,-2.068879,-7.716348,3.140386,-3.5154822,3.9995878,-5.9907155,1.453437,-5.7911077,-3.0256994,-5.2096148
-426.37305,80.98946,-32.468884,34.84982,-2.5220664,0.2091328,-16.243086,-13.446906,-27.491882,1.5365198,-6.337727,-8.368492,5.942313,2.208415,4.2047467,-6.749596,6.7464395,-7.917401,-3.5104518,-3.7590575
-485.82263,63.32474,-26.959917,47.02851,8.518883,2.3570776,-6.7211514,-6.975031,-20.883095,2.9299564,1.460359,-5.783852,2.380086,1.6807787,7.5037346,-3.7007716,3.2279823,-1.6256448,-0.68493396,-2.3203435
-441.10287,55.647495,-24.353428,33.29385,-2.4418113,-4.459592,-13.222455,-2.9652915,-29.238157,-0.66699374,-9.6413965,-12.782372,8.735929,-7.1912546,2.4506037,-3.0196006,-3.1750612,-6.649472,-0.36702472,-4.7659464
-411.59982,78.11208,-50.933895,49.129692,0.28075898,-6.101453,-12.1242075,-0.32363585,-33.72713,-2.5540493,-5.5275874,-10.419786,0.98407626,-7.085476,9.181254,-11.046333,-5.4515934,-4.029142,-2.2760408,-8.591007
-422.23022,83.02254,-38.545113,32.682236,-3.395329,2.8864965,-14.892819,-10.112306,-33.30803,5.549891,-3.6909678,-9.397289,7.99584,-0.4061101,4.1206884,-8.1148205,5.3310347,-8.320602,-2.8877742,-3.617483
-380.34573,73.46636,-44.586353,33.15137,-6.09662,-3.9674172,-18.881346,-10.6530075,-29.102322,3.1225643,-1.6323996,-12.416936,9.61287,-2.8588297,0.9608877,-3.5682242,-4.242355,-10.61294,-0.0059222025,-5.754673
-393.06372,72.71073,-51.18636,53.658546,-7.832193,4.1757007,-24.350246,-2.3239107,-30.197475,5.0759487,0.20046918,-10.483334,9.219418,-3.1790237,4.5795345,-10.182311,6.965397,-8.233997,-2.8003664,-3.673532
-452.98135,66.67946,-42.11092,35.852806,-3.165664,-1.0656322,-17.050268,-0.70286,-20.346092,3.893456,-2.0751007,-9.574039,6.9291587,-1.6842895,5.2171645,-5.4904885,5.70509,-2.875829,-0.65896946,-3.6766016
-404.23755,90.9706,-51.805008,47.65662,-9.126636,4.6322203,-19.669516,-3.6037085,-38.513443,3.0412834,-5.713646,-11.226993,0.8218783,-3.8916988,8.323052,-13.928181,7.1733623,-11.167937,-1.3555264,-4.4170947
-491.64395,50.654087,-31.658688,32.39454,-4.3028355,5.862938,-21.897974,-0.76855373,-23.186312,6.1437373,-0.8211453,-8.577184,7.7624803,1.7941148,12.925242,-5.5568705,8.390992,-0.12396052,-0.8055161,-3.600801
-404.633,74.04347,-45.43589,24.168148,-14.160585,-1.5572617,-10.717183,-6.1226254,-33.865,4.109638,1.8657697,-8.700666,4.9722753,-0.51056284,11.195399,-12.291199,-0.40720817,-2.6233234,-5.5597377,-3.2229273
-406.96332,72.23256,-30.744251,24.039246,0.34284264,-10.481143,-12.563805,-3.2879555,-34.350697,3.8873382,-1.9479643,-11.907138,6.384949,-1.2610079,5.895314,-7.860633,-4.21778,-4.1966376,-1.9638959,-6.543002
-429.79132,63.32227,-31.101604,40.457993,-1.1342075,1.2390691,-4.391514,3.1066325,-30.416376,-2.9022663,-5.3917294,-6.779459,5.2696214,-8.1578455,5.5836787,-8.495756,-3.0150962,-1.5019678,1.1425153,-4.363796
-414.69424,60.033447,-31.206463,40.370728,-9.448935,1.958334,-9.43106,-1.3453288,-28.98682,-2.945357,-2.0988634,-4.9071174,1.9066257,-3.4968004,12.175136,-10.353604,0.6499722,-0.8139143,-2.2364044,-2.3524578
-446.41757,71.16576,-31.620914,35.74101,-4.948412,6.0282755,-15.1543255,-2.0377662,-28.499725,0.024138998,-4.2837877,-5.8746653,9.423044,-1.8539261,8.810718,-8.017368,2.681728,-4.021613,-0.6657271,-1.8714988
-421.7268,60.71966,-42.73388,36.69461,-6.1872363,6.021583,-19.18797,-0.6927617,-32.294834,-0.85742986,0.6618502,-10.503743,4.9302163,-4.0148163,7.975219,-9.258819,-1.4672704,-5.2940154,0.29857787,-3.2773452
-390.59378,53.045635,-41.49915,22.477127,-11.823376,-0.8526029,-15.149131,-2.6315463,-33.236378,6.196678,-0.9355515,-11.616689,12.038219,-3.9300404,7.6624427,-4.7800508,0.92759603,-3.6173246,-3.5152202,-4.4967647
-417.15808,97.32975,-42.830433,27.779474,-6.2464514,-4.9861894,-7.1060514,-5.8013177,-30.273514,2.3012438,-1.9957666,-9.588901,2.5000823,0.7781674,4.8385987,-8.464652,3.7391615,-5.638029,-4.6762037,-6.1934214
-412.08112,81.759155,-56.09834,45.341618,-0.60377353,-5.956068,-25.347828,-10.455424,-27.263096,5.225933,-7.718457,-12.211733,6.9526224,-7.147593,7.098413,-6.022212,2.1554685,-7.8084974,-3.9879086,-6.6109886
-395.45505,38.518105,-41.9916,58.388638,-3.6367333,5.812887,-23.824453,-2.6133564,-31.173893,3.7122614,-6.215475,-9.195293,9.573031,-5.9090323,5.914191,-10.174885,6.4662924,-7.4000607,-2.4414957,-4.7944508
-415.58444,75.371,-40.733665,36.59898,-15.516244,-9.619148,-13.621863,-3.2513018,-30.51943,7.020594,-5.1769023,-13.598591,11.794531,-5.135999,4.500397,-6.0235143,-1.227829,-6.005421,-2.2837741,-6.889636
-411.03415,68.65942,-46.33938,31.354773,-13.850812,3.767672,-18.452837,-7.2781615,-34.937546,8.514695,-1.9901273,-12.2747345,9.053698,-3.2366433,7.6316276,-9.385004,4.525026,-5.6507974,-4.049272,-6.3371463
-466.856,74.84978,-27.48936,32.73272,-1.9879647,7.261931,-18.522161,-5.0446367,-30.403755,2.4894762,2.0941834,-8.836571,2.7136533,-0.08829348,3.9986649,-10.041672,6.179189,-5.6607676,-0.23644885,-2.4866111
-419.30325,62.343018,-27.97511,21.125544,-21.696047,-1.6935151,-10.368983,-2.054346,-32.70741,5.4303107,0.410353,-11.879182,9.096722,-2.2620292,2.755439,-8.300107,4.09346,-5.776808,-3.6804624,-3.1481745
-396.4348,67.81182,-48.25958,52.473263,-5.1615224,3.1654463,-29.926493,-11.7783,-34.42568,7.574645,-6.885439,-12.142039,11.361519,-8.934458,5.050601,-8.734193,5.927209,-10.999383,-4.616284,-4.862882
-426.2747,67.0125,-43.82124,41.363583,4.515933,-9.619347,-19.079662,-10.798635,-28.228971,1.7703421,-7.6989846,-10.402393,9.0951605,-2.8559709,5.799439,-2.6341848,3.5455735,-3.9353719,-3.9097476,-4.6684194
-459.37537,83.33153,-37.109566,32.04376,-5.1664653,-2.3489869,-6.82224,-5.4791174,-27.953661,3.5585248,-4.7245736,-8.887296,5.66749,0.27001083,6.706104,-5.1440187,2.8712099,-6.412249,-1.9893911,-3.7619982
-438.73825,72.588745,-41.966843,43.143852,11.222173,-5.0777683,-21.941,-14.229982,-27.827744,3.5493546,-11.146314,-12.680015,9.734078,-2.2535045,3.3178031,-4.89057,1.7211407,-6.6625357,-2.892554,-3.7225604
-425.497,86.7481,-37.35316,41.403423,1.3901498,-2.7803795,-14.606773,-5.7342663,-28.103071,1.5586863,-2.3281972,-7.255182,2.2918518,-1.7252712,8.895367,-7.98288,2.0922449,-2.3702447,0.5439828,-3.1671283
-417.85132,72.85321,-53.185795,28.988377,-6.3200154,-7.3202724,-8.94568,-3.1451418,-28.187786,7.2113256,-1.3276886,-5.6301093,3.6518114,-4.114215,8.487446,-7.6194773,2.1351824,-5.3298917,-0.65253353,-3.167957
-436.39697,78.39711,-39.945282,29.517231,-4.601727,8.036118,-13.811296,-4.6859226,-30.590914,0.97080857,-1.14584,-7.4108386,4.9760914,-1.7170271,11.328034,-6.7360187,1.40624,-4.503506,-1.0997124,-3.2780628
-432.92596,66.16403,-26.695585,41.170418,-3.6036313,6.796376,-12.248555,-1.8977937,-29.071869,-3.7892964,-4.306522,-7.8913374,4.7789335,-3.9973805,10.918388,-7.5356297,-2.1594386,-2.5680916,-0.58848286,-4.372153
-455.61154,66.83579,-29.170809,32.300457,-13.991438,6.506492,-7.181744,1.9702501,-26.640081,3.50288,2.1399245,-8.4793415,5.10391,-2.5717304,11.077556,-7.549474,0.49621612,-1.9916497,0.4510144,0.3707277
-467.74722,65.458885,-40.98974,46.70702,-2.6638575,4.3663797,-14.641052,2.759383,-25.854452,-0.2804382,-3.9982424,-8.554586,0.24371095,-3.462019,14.168225,-10.419838,1.538339,-1.3169812,-1.9331986,-4.8101315
-411.6833,83.018486,-44.53105,31.497255,-2.442595,0.14764671,-16.277098,-14.770989,-32.451668,4.1593843,-4.092271,-12.127115,8.549898,4.8292603,2.9306145,-4.5017295,6.394757,-11.240305,-3.3880801,-4.284469
-392.48737,81.04515,-53.064865,31.061731,-12.692561,3.1999466,-14.72647,-6.490667,-32.796257,3.7799191,-0.79340625,-14.904255,3.7731814,-0.3108214,5.4871492,-8.799586,2.8795793,-8.1266985,-3.4059527,-7.0520854
-408.33658,72.93391,-44.567787,28.794266,-5.8804126,3.800764,-24.758913,-8.001813,-29.390364,4.8127174,-2.1501293,-12.9671135,8.4148035,-2.251815,8.52853,-7.164771,3.4080966,-5.7634625,-3.4390023,-3.193267
-439.08865,64.49794,-38.191982,39.17671,-7.407834,-4.469636,-12.886856,-1.754396,-29.310604,4.9871397,-5.337448,-11.931154,6.7905145,-4.2799244,3.3606343,-7.586805,0.49942905,-7.4955573,0.7570076,-4.322635
-436.63367,51.582676,-43.86804,54.477097,-2.5500588,1.0607297,-26.476042,-2.904781,-27.847914,5.1765866,-7.2546797,-6.9073143,10.998071,-8.9348135,6.0323324,-7.245993,4.5948024,-7.0059724,-0.11578544,-1.9532249
-459.97495,80.505104,-31.879541,26.557549,-3.6246083,0.96320194,-6.792337,-7.431059,-27.142284,9.120937,-2.0737617,-6.946967,7.104461,2.1051707,7.766415,-5.231379,6.2338476,-3.1990323,-0.16829336,-2.9259677
-431.45264,80.69801,-50.970562,38.041775,2.4469833,-3.6351678,-16.46636,-10.04886,-27.186398,8.11891,1.4235833,-10.610833,2.9866154,-1.3471905,5.9795914,-6.350062,2.7959557,-6.143631,-2.035518,-4.293489
-430.07193,63.234554,-35.130272,25.677559,-2.8167846,0.31472993,-12.99258,-8.104436,-32.59297,2.5933096,-0.6074668,-11.764391,4.8359213,-2.0827532,3.3843746,-6.6748996,2.1614652,-3.5131786,-2.079782,-3.7750986
-431.02765,88.711105,-54.553383,29.103228,-5.5350266,-3.1058033,-9.407506,-8.247191,-29.15763,11.269887,-4.0523977,-12.269593,7.3488603,0.55418646,3.0672736,-6.2863665,5.830236,-8.678132,-1.6203651,-5.713093
-374.19913,77.44223,-41.912422,15.207522,-5.87633,-7.250411,-10.298083,-4.9640512,-39.59104,-2.3190863,-1.803565,-10.645535,1.8549081,-3.5294433,2.2825375,-7.6427965,1.9184728,-7.6862144,-5.126456,-7.339492
-444.16443,52.570404,-38.4837,50.362267,-6.1149044,2.5190198,-13.96753,1.0758184,-27.151863,-2.2836797,-7.412833,-8.628938,4.891092,-3.7315369,8.871629,-6.758667,2.6812458,-2.8745668,0.91177535,-4.4241457
-379.17096,83.05481,-50.832344,32.859512,-3.1483662,4.646755,-21.30517,-7.9248734,-36.285164,1.7210732,0.8579256,-12.947616,5.13342,-1.7673743,11.679171,-10.647172,-4.7514873,-5.435935,-2.486414,-4.6360364
-420.01346,77.46156,-34.683674,39.081512,-0.65163624,-6.0185876,-13.092549,-3.579937,-28.983541,0.034603715,-5.929577,-8.072595,4.1755877,-4.182394,9.452077,-8.766107,-1.2173253,-2.5376086,-2.4028246,-4.538728
-428.81464,81.047775,-30.610931,32.01777,-15.691939,3.472111,-6.22369,-4.2875624,-36.33491,-1.7320442,-3.9149826,-10.545605,2.2271066,-4.977565,10.068026,-7.839551,-3.0768619,-4.432076,0.81750196,-6.2753363
-403.74603,70.8743,-43.23159,46.94172,-11.958871,6.6915274,-19.86882,-0.98882025,-37.19166,-1.756108,-4.9259477,-11.717812,5.365184,-6.314267,13.159817,-10.718585,0.1713761,-3.9696329,-5.1719923,-8.758138
-445.21503,96.914024,-32.204502,21.575483,-16.715408,-0.86564475,2.8501806,-8.481916,-31.74798,5.96793,2.666665,-4.484211,1.8577571,-1.2392484,10.712965,-13.009437,-1.9871815,-3.592926,-4.452046,-0.41382587
-396.46323,80.07528,-39.694378,31.220085,-6.3794627,-7.218648,-7.270831,-5.613385,-34.147453,-3.463333,-1.3276566,-7.4660616,1.1767249,-3.2423744,8.496979,-10.144258,-3.8316052,-2.8834252,-3.269529,-4.5333486
-386.66672,86.24513,-37.054657,42.052555,0.17080887,-8.027355,-14.8813305,-8.7849455,-28.080326,1.3158686,-8.559076,-9.985821,1.1929207,-8.024884,5.399455,-7.7498064,-1.2252493,-4.4955997,-1.1491815,-7.8212805
-407.7219,87.49731,-43.194294,33.676155,5.0767493,-3.8819497,-11.78365,-6.2799354,-38.046085,0.4765251,-4.093954,-13.906047,2.2269702,-2.7124403,3.1825356,-7.772452,4.150755,-6.609533,-4.6306357,-3.9691281
-397.7982,83.55262,-53.697735,30.32184,-5.726944,-6.565601,-9.6071005,-5.4284,-27.200092,6.1048822,-3.6107788,-7.9053946,2.0515203,0.59577554,2.1376636,-8.921991,5.41861,-9.511962,1.1107218,-5.8035593
-436.19946,64.48591,-37.520275,40.65711,-10.054102,7.9877567,-22.614117,-7.3712034,-31.286806,4.779965,-2.6639624,-10.5439205,7.225247,-5.366747,7.8889937,-9.614744,3.187921,-5.774634,-2.7846475,-5.4417887
-486.1231,79.17717,-33.897995,33.844856,11.224135,-5.6772227,-11.817372,-10.39778,-19.775827,6.539092,0.065543205,-7.732757,5.51036,3.6259766,1.8821658,-3.591738,6.7267604,-3.0379767,-2.171875,-2.3398077
-395.00516,71.13179,-43.938705,34.214096,-4.0134244,-0.5289451,-21.951004,-3.0901718,-37.2479,3.7303884,-1.666321,-11.697928,6.7827597,-4.843889,9.805129,-8.836077,2.6979153,-4.2780476,-3.3849695,-3.4376638
-447.8824,61.95527,-23.976768,41.937687,-5.572291,3.727279,-15.0850115,-5.4624596,-37.44043,3.7768674,-1.1796043,-13.469767,9.53843,-2.4473367,5.7428617,-8.856348,-0.25531322,-4.504885,-3.2702112,-4.8446774
-465.75677,72.53045,-46.32292,32.578686,-19.57619,6.8973813,-8.44156,0.06407223,-24.235075,9.088823,5.8839927,-6.224766,7.7386084,2.2117126,7.2159767,-5.8009048,4.8067274,-6.1279507,-0.8670466,-3.787551
-374.29068,36.416454,-36.678116,35.216217,-4.2975945,-1.5913454,-16.346853,-2.7631786,-33.403,3.4197538,-7.834611,-11.165703,7.5614514,-2.067843,8.520925,-7.8617716,3.0067263,-9.460312,-4.2184033,-4.923002
-421.6504,68.60632,-36.95069,30.106117,-9.255481,9.113881,-17.002453,-4.622037,-29.5723,7.4337707,1.9484113,-10.975437,6.0636106,-0.41183624,5.2042255,-6.6764474,7.7210407,-5.8470516,-2.9816005,-4.7507763
-368.93896,81.5414,-49.08672,48.45195,5.879682,1.6564485,-28.7543,-7.1824794,-35.26419,3.3781495,-8.004025,-17.623783,10.519786,-4.5242195,1.1997762,-8.309969,2.6862895,-11.154978,1.3037739,-3.1689093
-394.41232,77.79121,-49.366863,27.71714,0.041145984,-4.894877,-12.348789,-11.596617,-34.823048,5.67064,-1.5990046,-12.384898,2.6599922,-2.6885602,7.463858,-7.7894874,-1.7167361,-7.4721317,-2.5560513,-5.0842295
-455.2194,76.04469,-26.555769,42.265858,-1.14264,0.21796104,-15.898455,-3.3276122,-26.07867,6.1192923,-4.9860644,-5.198605,9.671689,-5.0016513,7.831033,-3.286747,4.7202106,-4.817145,2.779084,-4.1092315
-380.9671,77.48038,-70.70391,26.258652,-5.734725,-3.5362225,-11.957231,-6.6034055,-31.143929,6.845959,2.2819085,-12.128724,3.9102273,-0.1390123,5.105033,-10.687508,-1.9751753,-8.657419,-7.5551167,-4.104676
-454.20105,103.086174,-40.908676,31.998896,0.24779919,-1.8344803,-11.581116,-3.620819,-29.303211,1.216567,-1.4567856,-10.49345,2.0552518,0.12414266,5.357703,-7.905533,0.26510352,-6.3367743,-0.8807193,-4.466868
-421.44638,71.996056,-47.468307,33.700356,-2.9472442,-0.16420205,-11.077531,-2.5284095,-28.070702,3.7568035,-2.4818969,-9.323117,2.0054038,-2.5873723,6.474696,-7.6742373,3.34403,-5.9454017,-1.5509611,-3.2316809
-454.06927,84.68579,-50.115547,37.292637,-10.58537,10.256719,-18.95691,-8.112019,-22.228487,5.4933434,2.4778552,-8.055356,4.7564535,2.5084786,7.931444,-7.6424026,3.981598,-7.4860954,-1.6089654,-3.0547516
-424.55273,86.72493,-41.8234,23.824183,-10.694393,-3.6748197,-11.459215,-5.8607397,-35.035942,6.480759,0.48306456,-8.37648,5.092721,-0.54420805,8.53882,-11.3361025,1.2370182,-5.6405716,-3.2413602,-2.184552
-412.5138,80.967155,-47.74719,13.128947,5.144161,-14.029481,-13.345368,-7.806155,-34.403324,3.3512874,-5.208924,-12.339205,7.5851727,-1.8816863,0.3848914,-3.4476063,-1.5546882,-8.506204,-0.9529453,-2.0155427
-408.97635,84.95666,-39.24633,32.932205,-16.124195,-3.162994,-19.087624,-5.5175333,-27.374804,1.6446822,-9.037481,-6.6393166,5.9203386,-9.628988,7.9110317,-4.9042587,-2.503197,-4.7128205,-0.6343138,-10.134299
-411.0763,90.23359,-36.892036,38.58102,-0.3810123,3.737461,-18.64169,-8.79629,-27.341423,3.7022986,-7.1789384,-10.042636,7.7794256,-5.6702275,2.134487,-8.579539,1.1135384,-8.126108,-1.2977883,-5.8991737
-433.61713,74.443596,-44.50204,49.19172,5.128044,1.855062,-25.595491,-1.9563098,-30.401432,2.8951595,-3.668124,-9.0918665,6.898262,-1.1279261,9.428553,-9.555551,6.904592,-3.271475,-2.3409293,-2.84677
-396.58585,90.74751,-45.981613,36.56836,-7.543401,2.757411,-10.944953,-3.6684911,-34.354614,5.3587246,-2.6749952,-9.672899,6.794501,-3.0672777,8.033812,-8.453389,4.4207473,-5.3400626,-2.5926943,-4.961407
-365.6655,85.97581,-43.79827,36.079018,-4.210687,-14.9703665,-8.316107,-7.078702,-32.22194,4.724137,-7.863486,-15.038068,5.7028947,-7.570571,1.5096006,-2.5423093,-1.2163463,-5.380538,0.5064439,-5.151194
-412.17218,86.5096,-45.805714,40.03322,0.28164336,-0.3298675,-16.620153,-9.304492,-29.38037,2.8611917,-6.5871434,-8.381873,6.051284,-2.8008971,4.2165422,-8.396459,2.8182378,-8.044627,-0.95483804,-4.3224654
-441.15848,68.948456,-29.679167,44.991615,-3.7123444,7.0219254,-29.543348,-8.064064,-28.031473,3.4440057,-4.9714947,-7.6729007,9.49068,-5.0796256,7.021917,-11.028754,3.5984168,-6.2185717,-4.2241793,-4.508581
-390.73743,70.09519,-52.659798,46.02181,-9.24324,0.008235847,-17.196243,-3.5793483,-36.496143,0.48467568,-3.392804,-7.98884,4.237223,-4.6178346,9.198325,-14.193164,1.8630725,-6.5831866,-3.3788197,-4.1992316
-390.4196,71.024254,-45.190052,36.01172,-1.6706495,-1.6391915,-19.210453,-6.6175056,-39.03164,3.2498112,-3.1012795,-13.41855,4.251783,-3.4798217,6.2984567,-11.70416,1.8468332,-7.223135,-5.0146384,-5.276658
-411.4322,58.689415,-37.251198,38.672413,-2.7144892,5.7277784,-23.913662,-7.5105376,-29.24782,3.1202602,0.054821897,-10.472849,5.591705,0.8170528,6.4982877,-10.826244,6.416042,-5.6961446,-4.0917983,-2.8744757
-406.04385,57.438023,-46.8287,65.891205,1.5651042,-8.829017,-24.256918,-9.336904,-33.731743,0.37729093,-8.706794,-9.738671,7.4900184,-3.6880867,5.376343,-12.14044,4.2573004,-5.5952773,-6.1529355,-4.815803
-393.65228,38.905045,-34.952652,30.682137,-18.822153,4.139398,-19.26268,-6.2299514,-33.235783,1.4886467,-2.8223274,-7.7967296,7.8901167,-0.8655949,11.258533,-9.51113,4.3943334,-2.7574914,-5.717715,-7.4367976
-401.48373,75.96692,-34.3765,28.286448,-2.7035205,-2.588827,-11.01444,-6.6190286,-23.164103,10.495638,-0.7150992,-6.2306414,10.007399,0.22353993,5.1780763,-5.712772,3.118289,-3.1896906,0.66555303,-4.7873874
-366.70682,68.10997,-44.01999,37.462833,-9.342661,9.948094,-16.541634,-5.597966,-29.610218,5.577666,-3.111023,-14.974405,6.6355815,0.6373381,5.025626,-6.1639853,6.948386,-5.6839504,-0.05432052,-4.5795407
-413.89407,81.61423,-35.044823,36.904995,-15.234183,7.468462,-19.981678,-4.4185915,-33.166943,3.272121,-1.3573687,-13.021449,5.606945,-3.3480313,9.654985,-9.913067,-2.1429017,-7.09737,-3.7127023,-10.018074
-422.08282,82.18899,-34.325703,40.523537,-11.795735,9.9826,-17.551088,-3.131085,-25.149984,4.38945,-2.8994844,-9.400462,7.3398304,-4.8257136,6.61883,-5.6505575,3.287116,-7.9076805,-0.27659,-3.789419
-432.45828,89.290565,-25.837332,27.937649,3.2197566,-6.28982,-7.076327,-13.078339,-31.685324,-3.8541026,-1.4660265,-8.029829,2.3684459,0.28306013,3.0109584,-5.3189554,-0.40750256,-4.792628,-3.5794353,-1.4490604
-428.03732,60.733025,-49.802822,33.015667,-14.437776,5.5925093,-19.986958,-7.962286,-27.104843,5.188318,7.4351068,-8.061608,3.5065944,2.3355594,6.234577,-11.095589,4.232511,-5.1210847,-1.123049,-2.3212137
-423.65863,64.739655,-36.15605,43.70811,-3.5689309,7.622375,-20.003136,-3.4564874,-33.918194,-0.02541571,-5.4518805,-13.07847,3.3162014,-4.592786,8.629144,-11.750971,2.6851647,-2.8307145,-3.4621997,-4.563285
-486.76373,90.1244,-34.94456,35.681915,6.4513865,-5.8481183,0.87497693,1.6545109,-29.51388,-2.312427,-6.1448383,-3.924144,3.0000858,-3.2587547,7.208755,-5.970527,-4.7536387,-5.713579,1.4835358,-3.510937
-420.06116,68.687515,-39.23225,34.824368,-8.178362,6.248263,-24.495724,-3.3637812,-37.0951,5.2562227,1.9568965,-13.185793,7.8618016,0.3098785,7.0012527,-12.643369,3.6416664,-4.0313816,-2.2261262,-4.493884
-428.79477,80.37801,-41.830288,24.550016,-2.6205664,6.598104,-19.973524,-4.3449426,-33.621685,6.8628573,1.113857,-9.55464,6.0114827,-0.40275437,6.2799773,-12.059491,6.782558,-6.1413517,-5.2791076,-4.484065
-443.5484,52.275013,-26.860277,35.80235,-4.619313,4.815562,-16.178576,-7.014488,-19.9151,3.9754274,-0.7796907,-10.916964,7.5707135,-0.37490976,5.585705,-1.9962004,3.0109124,-2.001144,0.36184654,-4.0333877
-401.9312,81.88165,-38.616943,27.183502,-11.034044,14.214392,-18.650982,-5.3770723,-27.282211,4.937789,-0.4420586,-13.985793,6.960056,-1.7715225,3.76411,-4.4222517,4.9286804,-8.838793,-1.4222436,-5.9441237
-444.84058,88.04589,-44.020252,31.851065,3.8733284,-4.8760066,-14.165812,-4.677643,-32.550304,1.0768538,-0.011628569,-9.285107,8.630364,0.22199894,3.1718898,-8.260147,0.34786618,-6.150845,-3.870397,-1.99186
-429.57156,69.65108,-35.29036,36.871777,-7.6989503,0.90356964,-16.538836,-6.480417,-31.738564,1.9376996,-3.0525045,-8.055601,5.2396564,-1.7858512,8.1837435,-7.8343654,5.0483046,-5.853185,-3.8590121,-5.45383
-435.0279,59.268005,-23.445631,49.132458,3.5985413,-0.5332474,-20.04526,-5.7660933,-17.247997,3.152164,-10.151897,-0.90320545,8.867833,-6.886952,8.716753,-5.413102,0.8928785,-0.5060061,1.9824294,-3.1150763
-390.23767,56.138004,-39.438065,41.022945,-14.328334,5.44032,-21.102432,-5.898955,-35.274467,1.7862749,-4.394253,-11.496833,7.377125,-3.3968647,5.008409,-11.814033,5.0626364,-6.909331,-5.8979025,-7.643839
-536.6596,72.473946,-12.646834,31.39448,3.6779065,-1.6777028,-4.3357396,-0.5705406,-21.538694,0.00105816,2.0465279,-3.422249,2.9082,-1.0214087,2.5020165,-4.482231,2.6369371,-2.5634265,-1.5643185,-2.2499707
-440.9561,61.075073,-32.16729,41.2591,-1.0950226,1.7180254,-19.615198,-7.7343388,-28.09481,3.0598164,-6.475008,-8.966656,7.264322,-2.584908,6.647265,-9.655036,3.2321665,-4.1006703,-3.8303401,-5.346362
-476.19626,85.84877,-37.331406,29.204794,-0.2766536,3.703721,-10.509221,-7.7547936,-20.195208,4.722488,3.9815295,-5.443348,2.8970497,2.7828243,3.2041013,-6.997904,4.324129,-5.8317566,-1.3227098,-2.9143174
-449.23438,70.27811,-31.640898,43.54646,-3.8380163,-10.309061,-11.811024,-6.39081,-22.298477,3.9859285,-2.7092252,-4.038369,6.184574,-0.31916553,5.2125154,-9.703683,3.4061708,-4.6447873,-4.589436,-1.9668306
-454.8159,77.35382,-46.197212,43.587524,7.75712,-4.7350335,-10.569055,-3.0529237,-23.349312,2.6734915,-1.3674212,-4.1410027,2.543995,-0.18075186,5.638484,-6.2121353,2.2126791,-6.1682663,1.6761386,-4.5662465
-438.43042,66.35029,-34.24858,35.28949,-10.303953,8.085348,-14.178424,-4.4327517,-24.020185,7.14153,1.9785292,-10.42152,5.06305,-2.9783537,3.8280811,-5.33118,2.5486207,-4.0005717,0.39431807,-6.2230473
-386.7072,84.17145,-38.550392,32.997597,-1.2302597,-3.3022087,-19.750328,-7.5116477,-34.654247,1.5380932,-4.081869,-11.483033,6.870476,-3.247773,1.246896,-11.775079,1.6894484,-7.0066833,-4.6459913,-6.123154
-449.52588,93.40391,-33.09011,34.04731,-1.4793117,-3.6163282,0.15159898,-4.79237,-36.304245,-0.36256197,-7.088063,-5.349218,2.9954164,-5.071458,6.5391407,-8.167648,2.4387467,-4.288668,-2.6361423,-4.1639037
-382.92487,69.40984,-19.945564,42.07687,1.9086652,-6.026073,-11.08249,-9.328473,-29.181732,-6.367178,-7.9668407,-12.050277,4.3369017,-3.6207738,1.3488212,-4.242931,-2.9126172,-6.3211875,-1.9241108,-3.0017104
-415.326,49.01195,-48.382538,49.139717,-14.450745,2.2974923,-25.279242,-2.3085341,-31.037138,3.0796874,-3.1971354,-10.454062,9.193248,-2.3289769,13.145568,-10.696219,4.3701644,-3.1792371,-5.2257524,-2.734651
-475.57266,59.51946,-45.840603,43.565353,-10.702466,4.88516,-10.765855,-3.392208,-19.16183,2.2850335,1.1857113,-6.8467946,1.6757404,6.4125323,9.863133,-7.802525,5.312485,-2.7339194,1.3464234,-3.402552
-408.57455,73.76969,-46.561924,42.63827,-0.6311401,6.57401,-24.05428,-9.407416,-35.32287,2.2524588,-1.8471184,-14.855863,4.2060995,2.6417983,6.531344,-10.970975,5.287803,-5.1978855,-3.8083558,-7.0744987
-442.37677,83.07221,-39.060448,34.241825,-8.945311,3.374674,-10.332453,-6.7423716,-31.47533,2.3244717,-1.7111475,-10.054392,3.5091553,2.548028,6.737735,-10.383745,4.0850263,-6.726119,-3.7428827,-4.8658133
-429.16684,78.154,-32.306545,45.17929,5.713001,0.7398848,-13.305948,-9.596658,-33.518517,-2.489213,-3.1069865,-7.742341,1.83257,-0.2979092,7.6565013,-9.161003,2.5420036,-5.388713,-2.9657023,-3.5190558
-488.84006,77.545,-27.688007,45.235943,-2.6816082,1.8601146,-15.269088,-3.7826602,-26.538181,0.7388145,-0.955165,-8.781329,5.5990796,0.6304869,8.311328,-8.052483,2.8352652,-3.552622,-2.7772365,-1.7773473
-393.15125,86.75429,-62.44639,41.8262,-1.502881,1.5011796,-21.701193,-3.383113,-35.72489,5.5644174,-2.6283703,-16.420347,6.4472857,-3.1677496,6.854854,-6.170626,1.0183009,-8.8662615,0.8031715,-6.49156
-401.92468,71.217766,-46.86805,47.314873,2.080372,10.151094,-26.638123,-3.6877222,-29.616016,4.620202,-6.3137565,-13.209915,9.014797,-2.9686542,5.884705,-8.64466,6.6306615,-7.729132,-0.33502597,-1.8502868
-423.93777,89.416954,-25.703829,30.740934,-6.219907,-2.0343168,-11.981491,-6.3448853,-29.256544,7.8287387,-2.3726783,-11.263935,6.9112067,-3.7959747,-0.33489123,-7.951729,3.6545792,-5.2289643,-1.2193233,-3.4618134
-462.21918,87.847176,-31.95215,47.39399,-1.1788721,2.961707,-13.261817,-2.0703423,-30.81322,1.0022174,-6.2078466,-7.528543,3.588246,-2.9174228,7.9192443,-8.499,5.067198,-6.484804,-1.0781841,-3.9950502
-458.5537,72.49492,-28.27705,49.799316,2.3108916,2.5032241,-14.223106,-6.6568356,-30.327465,0.6629983,-5.2294226,-7.071768,5.6255503,-0.25182915,7.6526213,-9.721857,5.95337,-2.6171474,-4.398345,-5.314419
-411.77386,74.51767,-45.543938,33.134995,-13.985937,1.9413543,-11.601345,-3.8267026,-36.81059,0.5699766,-3.519598,-9.1882715,6.06384,-1.610529,7.334253,-9.591218,4.1964045,-7.574243,-2.6668336,-3.5894492
-513.7659,39.4625,-16.62012,31.705276,6.385292,-6.584572,-11.105513,-6.3818746,-3.5563903,4.024171,-0.81550425,3.8431804,10.654464,4.427211,5.0087185,2.9887445,4.923197,-2.7418394,0.6043925,1.7583947
-381.67203,80.04211,-50.44833,30.708319,-5.824653,-1.2451204,-15.422909,-4.5424824,-34.518364,3.0365956,-2.4804826,-11.610189,3.7554817,-0.44229573,6.6923804,-9.602943,4.854077,-7.182142,-3.8837004,-5.6969614
-420.01886,55.74515,-45.445454,38.400658,1.841212,0.1985833,-22.248165,-7.2040257,-31.694937,-0.26744306,-0.53023314,-10.168542,3.7854373,-1.7393249,6.359604,-9.0175295,1.987845,-6.404352,-1.9396484,-2.4353516
-389.60654,47.856842,-45.52775,33.25399,-7.6063957,6.3271227,-26.18928,-5.486047,-31.784569,5.4871273,-2.5272439,-15.101768,5.2564173,1.38208,6.2271495,-10.702999,7.044151,-8.708254,-4.513465,-5.0910277
-383.61414,71.571014,-41.154335,22.955038,-6.1414886,-4.897505,-10.551939,-8.310702,-30.890284,5.7997,-4.2877197,-10.462657,3.8364198,-6.8193426,5.5632963,-6.489141,-1.1408504,-7.091139,-3.8998742,-8.79624
-417.57025,104.2784,-32.493385,37.09843,0.4902851,-2.354801,-10.016789,-10.255659,-27.002405,-1.3166453,-8.2910185,-9.0145855,3.4649842,-2.7723372,1.0387381,-7.3802214,1.1022933,-9.783277,-0.0055759973,-0.5815622
-432.72055,70.085,-39.08652,51.8597,19.660534,-7.203836,-16.440426,-10.777463,-22.621185,2.9706483,-9.730294,-11.1579485,7.1205626,-1.4674171,4.076522,-2.1864095,2.8611722,-3.9584455,-1.5001767,-3.8799856
-430.2063,97.4463,-38.95642,35.151035,12.299168,-4.346108,-18.533112,-12.142539,-27.492668,3.442771,-3.4723482,-11.201875,3.0495477,-0.17334375,3.0821466,-7.405782,1.8827294,-5.7232847,-4.2982535,-5.249868
-355.90457,83.853874,-42.96324,31.349182,-0.06328329,-3.7873373,-18.307985,-9.303593,-34.039284,3.9716318,-4.872741,-16.008205,7.3913736,-3.2979956,0.7896433,-5.3417826,2.165833,-8.600971,-3.0454538,-3.9565747
-408.04965,73.94709,-24.629463,37.530895,-13.672395,-2.8004248,-10.931023,-8.098842,-31.030184,1.5472867,-0.059581526,-8.300972,6.1745367,1.9961741,3.6640112,-7.9812937,4.1499505,-6.5727434,-2.5713887,-3.9616346
-458.45544,60.912796,-34.808914,44.903458,-7.422419,14.817329,-27.677746,-1.3718436,-30.279148,0.29075912,2.0863614,-11.655249,7.215287,-0.25034767,8.346312,-10.221148,5.0638304,-3.2954204,-1.2009537,-1.4507525
-428.3728,76.25328,-47.793724,32.463478,-15.865835,6.431027,-22.154524,-5.6862545,-33.486538,4.6332994,3.454876,-8.580897,7.164551,2.4730642,3.111591,-9.887137,7.608825,-7.9759197,1.8348148,-1.0512474
-440.88147,84.825,-51.87512,46.366753,-1.4381775,4.089747,-23.560886,-10.924583,-30.14819,9.717983,2.3791451,-12.741385,10.563655,-1.9797001,1.1400751,-5.7146535,2.4783382,-7.349324,2.794603,-2.0575397
-357.7273,77.17608,-54.34035,29.966816,-2.169646,-6.055085,-11.631165,-0.7959832,-43.441704,-0.08897709,0.72976935,-16.655415,3.5609384,-3.0385756,0.547581,-8.9910145,-1.0610352,-7.093049,-2.196908,-6.8696404
-368.1258,89.27796,-52.39397,33.753883,-12.666018,0.4563037,-16.698519,-8.801887,-31.186884,6.1129093,-0.3610214,-11.064468,5.31714,-1.6082772,3.9420469,-4.6130023,4.2873564,-10.478585,0.3341599,-6.476828
-426.79276,95.096245,-49.014458,36.458675,8.174145,-4.915006,-11.062687,-8.348493,-39.047207,6.3484497,-9.1025,-10.354552,6.471407,-6.362303,6.5233917,-8.824038,2.9519758,-8.539432,-4.583725,-4.8289723
-398.39676,51.054726,-31.380804,36.246185,-3.7305102,9.540519,-18.016205,-8.156946,-27.969456,4.880453,-2.7189085,-11.312061,7.4920554,0.28163478,5.1034346,-4.4046373,9.439083,-4.900749,-1.3363042,-2.000823
-421.99072,73.305374,-27.79183,39.797485,4.197575,2.9592829,-20.810444,-10.176423,-26.635508,0.6188145,-4.87147,-10.936956,5.5532794,-0.017235382,6.6771173,-6.38465,3.0282605,-4.540322,-0.123499885,-1.4670814
-435.00317,73.39835,-46.490406,33.815796,-3.3207128,-0.3452164,-13.014525,-5.0132256,-30.58757,9.513332,-0.024647295,-9.402285,6.027943,1.4863391,4.6324453,-7.8863764,6.2078032,-6.5251164,-1.9383441,-7.3026648
-391.17508,75.88744,-47.089607,42.491974,12.7295065,-13.8968115,-18.540972,-10.567688,-27.245705,3.353266,-10.060005,-9.268072,5.354183,-7.248788,2.9647088,-7.6289215,-1.0383812,-5.0708175,-1.2245951,-5.684082
-395.77216,83.54027,-55.6686,29.255114,-1.5478656,-5.4199862,-8.863608,-0.50372237,-34.729633,5.106638,0.32687226,-9.478445,6.3789062,-2.3805082,4.496158,-8.850183,2.443592,-6.695388,-2.086566,-3.2589781
-442.1804,69.78885,-34.479275,44.145885,-6.4219213,1.468778,-17.840315,-7.6240273,-30.957882,2.504086,-2.4412255,-5.9706883,2.6751535,-6.2812986,6.6213694,-10.554909,4.669347,-6.5788617,-1.1154352,-1.9660978
-396.58328,65.86962,-38.094585,23.85121,-12.858146,3.0205362,-15.987793,-4.0518064,-37.75481,2.34052,-0.2850135,-12.246279,7.7576776,-3.8484104,7.627387,-7.6320953,0.6976801,-6.4867125,-4.7061944,-6.298547
-438.19763,94.32697,-45.816544,28.993681,2.6187973,-0.9160394,-14.945208,-9.675643,-29.940485,7.4930673,-5.411148,-7.6903114,6.7617297,-4.364695,7.633711,-4.9533744,4.341827,-4.5119643,-2.1834986,-4.485152
-398.95697,70.84542,-50.66062,25.375484,-6.0971446,6.05258,-21.742262,-1.1479225,-36.721256,1.6987271,-0.7744545,-12.470797,7.3203406,0.19063772,6.774124,-10.652934,4.5533724,-7.206673,-3.1553442,-2.238616
-415.57553,75.68257,-29.070036,50.706345,2.111279,-0.14942263,-18.443111,-4.174001,-34.253407,-3.1335592,-6.095462,-13.959062,4.4088497,-4.011963,2.7971654,-10.46082,0.4269477,-4.8524976,-2.7946527,-6.5165796
-370.64206,57.250843,-40.95101,25.976135,-17.073778,1.3048136,-13.0847435,-9.081056,-40.436424,3.91994,-2.9101906,-11.725374,6.375986,-3.3326423,9.871282,-8.827295,1.7491072,-4.937228,-4.2615614,-5.3624425
-455.9243,78.000435,-33.956585,35.214863,8.714069,4.3315105,-14.299016,-12.300823,-30.686523,4.25904,-1.3842409,-11.065447,0.99602926,1.1935356,5.041301,-8.042187,2.9493704,-6.831441,-2.6521578,-4.2690535
-364.95062,71.258095,-44.845856,28.601078,-5.7606144,-4.1432295,-22.000004,-9.30036,-36.419666,4.6552644,-2.6981034,-13.097237,5.9531393,-4.2095237,4.480509,-7.1409774,3.1789315,-11.0233,-5.721787,-8.581141
-435.57883,82.27789,-36.799343,42.593975,-5.0718637,-2.6415799,-13.61685,-6.1119967,-26.242794,3.510198,-4.939217,-8.999568,4.0414047,-4.2984514,3.4375994,-8.13764,3.8592665,-3.986792,-3.0399964,-6.4778705
-421.8154,84.57026,-44.46969,49.99226,5.2761607,-7.3754635,-11.944667,-6.6234684,-37.352764,-1.1802534,-10.04184,-13.12499,3.056311,-2.5960627,6.6724567,-6.097584,2.9792566,-8.185912,-4.56883,-8.342176
-390.2419,61.909683,-39.056515,39.43648,-0.14091825,2.4862278,-19.67807,-9.707649,-40.685196,2.3440125,-8.259866,-15.176194,6.2425776,-2.5883594,5.571965,-9.528941,3.7112257,-7.615464,-5.6638336,-9.646746
-374.85242,69.083984,-35.915646,40.457695,-8.891199,3.9819012,-17.745848,-12.276476,-31.846691,2.0761077,-7.672506,-15.0347395,6.5558243,-3.8515987,4.0252023,-6.58009,3.383744,-7.4230733,-3.9718475,-7.199097
-326.40366,97.21231,-45.769745,25.321686,-9.011066,-5.9622326,-8.145199,-5.371273,-35.54008,4.764808,-4.115678,-17.291342,0.35494682,0.24370776,2.8402562,-8.270666,4.2150583,-10.852274,-3.260074,-6.534361
-428.521,70.28005,-33.243824,36.535328,-5.203222,-0.5636569,-16.593647,-3.4957676,-26.613466,2.5852952,-5.1588416,-8.708392,6.5396676,-7.4332376,4.162042,-8.509824,0.97656643,-3.9345665,-1.3030746,-4.1948256
-391.8079,66.02408,-44.22644,38.347767,-10.158566,3.523947,-15.6997175,-3.7838814,-36.129356,-1.4866072,-4.211545,-12.950575,4.1485705,-3.9636161,12.249547,-7.604021,-1.7839723,-5.102428,-2.4398334,-6.803662
-423.7778,60.105446,-24.725054,31.333492,-0.18190405,-1.161137,-17.72297,-4.109404,-30.724342,-2.4593396,-0.8385664,-9.305329,6.299263,-0.96855867,7.6813345,-7.6319523,-1.1950369,-2.3219523,-4.0310893,-3.2294674
-464.4937,65.58903,-27.184896,23.745491,3.1557665,2.7312224,-10.67845,-3.9858646,-27.87448,1.4857161,-2.9468844,-8.297791,4.961378,0.69063324,8.888351,-5.9182534,0.4020418,-4.5090337,0.46315655,-1.1919534
-361.3367,73.26285,-41.123817,45.189274,9.688639,-6.9551907,-17.374952,-8.951527,-29.95727,1.5201101,-11.108122,-17.833551,2.233503,-5.415768,3.966335,-9.672162,1.455088,-3.1562033,-3.7841856,-5.1645527
-398.78076,92.705826,-49.864285,35.563396,-2.595716,-5.397496,-10.794052,-5.420769,-31.584518,3.116802,-3.227725,-10.456713,4.7524548,-1.9100012,2.3281667,-6.1880717,5.977935,-8.448395,-0.28185886,-2.9484348
-471.15503,71.4634,-32.882607,40.679417,-10.415498,5.3023686,-12.865563,-7.4959207,-24.712975,7.6388683,-0.9635802,-7.4190474,4.5983357,-1.6577737,6.3393736,-9.430947,7.110986,-3.3943486,-2.2678108,-3.948518
-371.05902,76.55255,-65.30193,24.912048,-17.170815,-5.55727,-12.973195,-0.10895566,-42.509605,12.676537,0.51188713,-11.222934,7.1740294,-4.5666747,7.614259,-9.287701,8.806229,-8.094068,-3.2490654,-4.4986424
-433.4239,101.59092,-39.149143,9.730399,-4.2054973,-9.2066345,-5.873053,-13.017016,-25.488016,5.378382,0.6372387,-6.4346247,7.769012,0.9421188,3.7013166,0.40954024,-0.8886845,-6.950263,-2.147727,-6.475322
-407.70154,74.20234,-30.24167,35.40478,4.6038356,1.1466968,-14.165007,-9.077787,-25.388662,0.7505442,-4.3574896,-7.4978933,2.5599704,-1.1146473,4.8965583,-8.198598,1.3755337,-2.8663042,-2.1375875,-5.659718
-416.5367,78.44564,-57.54411,40.831512,1.0378869,-8.003677,-18.529028,-5.285481,-32.562,5.682374,-3.3789647,-9.399277,5.885286,-0.51275694,4.4407263,-12.309248,5.583209,-6.516065,-4.0704017,-5.60884
-394.32712,81.59531,-45.42434,41.903908,-1.1958154,-0.23927952,-17.169416,-9.431948,-36.904057,0.730389,-3.69957,-11.89485,3.2000248,-2.130367,10.277086,-10.365927,1.7164129,-4.743424,-3.9584346,-6.2551045
-414.0995,92.473785,-39.81417,23.335629,-11.308117,-3.2873254,-9.295058,-4.201724,-36.48693,3.912333,2.130526,-11.656911,6.116846,-2.301456,-0.0012328456,-10.022621,1.5179168,-7.133956,-1.877138,-3.5683196
-356.34857,72.92318,-57.583748,45.60434,-10.085056,-0.2586606,-17.969543,-8.009469,-42.198746,4.248298,-8.419441,-12.811262,5.8183007,-8.005231,8.86152,-12.695871,4.045497,-5.53056,-4.161452,-6.08808
-397.28482,88.89801,-36.29291,34.414047,-8.368567,-9.7772455,-8.736534,-5.035612,-34.492966,5.2244115,-5.5708847,-11.42041,4.65512,-1.3284589,6.359031,-8.02174,5.462446,-7.414374,-5.6068134,-6.262171
-475.23026,66.09813,-23.471,41.65722,-1.3167627,0.82621753,-8.447309,-5.2509484,-28.189255,-1.0352273,-8.180799,-9.808472,7.507359,-0.23338214,7.2996807,-4.356818,0.44492713,-4.8305717,-0.42757174,-2.503274
-437.403,107.93545,-37.691006,24.975092,-12.612663,-9.158709,-5.5329957,-8.106561,-23.445812,8.493546,-4.445227,-12.484179,4.530953,0.48381543,3.890944,-3.9730003,1.5541496,-7.444351,-2.88847,-4.4875317
-436.46042,65.49144,-29.954298,48.781277,-2.9737408,4.4563174,-14.277014,-0.94200754,-35.589294,-1.1304615,-6.5234246,-10.215405,4.2159867,-5.488012,5.7536197,-7.8726463,4.597216,-6.709755,-0.09476301,-5.4672213
-454.45175,64.48708,-34.469837,45.899708,-1.4407601,-9.056996,-10.054875,-2.6309485,-28.040243,0.84040993,-1.3678819,-7.3251586,5.08886,-2.465747,6.0193996,-11.2027645,-0.1943243,-1.7265064,-2.7276876,-4.3724937
-419.62125,80.5536,-58.017975,40.954285,-3.6016464,1.9422121,-14.171604,-8.532164,-34.35559,3.9257174,-5.7362347,-13.941592,9.034623,-7.8119555,5.2817864,-3.2252624,-0.26594123,-8.917593,-3.486765,-4.9908857
-465.80624,70.315956,-32.478607,40.462147,5.5021753,-2.1792321,-15.806779,-4.7959127,-16.771328,1.4867959,-8.037158,-6.780164,7.733161,-3.4511495,3.5723732,-2.1275573,3.360425,-4.8299403,-0.7234705,-5.03722
-392.22937,75.78112,-36.138523,42.547535,-4.58204,5.5047507,-16.855238,-8.857769,-31.299776,1.8618736,-5.0400634,-14.044667,5.548601,-0.17418334,6.9216805,-8.128259,2.4571328,-6.6142664,-3.6343908,-5.628478
-387.025,87.68068,-46.270874,50.21139,5.877917,-2.0446472,-15.751229,-8.558301,-34.60036,2.4976,-9.367925,-11.0310335,7.584964,-6.9476604,3.362417,-6.3171153,3.7894933,-6.044855,-1.5342174,-4.237136
-363.92172,74.318504,-38.965134,32.865585,0.9285881,-9.354256,-9.755706,-7.251597,-31.870514,-0.30177477,-3.772401,-11.074399,6.798895,-2.084083,3.447589,-2.7451882,0.73947805,-4.3846054,-2.1443117,-4.924653
-426.465,55.633053,-41.14783,37.82592,-1.8298388,5.123188,-15.711444,-3.294714,-31.173033,2.6708026,-4.111795,-9.039909,6.8493257,-2.0532727,10.504354,-8.235872,3.7545867,-4.0128827,-2.0954056,-3.661666
-463.03595,77.54177,-34.229286,45.90802,6.4088693,0.7728173,-12.817243,-2.19767,-29.986094,-0.10119817,-1.5496621,-5.463217,6.133563,-1.1788682,8.6729355,-9.367226,0.36266273,-3.863477,0.9422317,0.023362355
-455.625,81.46559,-28.103209,35.367447,-6.15841,5.7288227,-15.473311,-7.847372,-33.427914,3.7184708,5.28666,-9.472782,3.5825162,-1.1758461,3.3922281,-10.234483,1.3096824,-6.256304,-2.3309393,-3.647828
-449.1891,72.72955,-26.067856,43.460278,-11.990732,5.727856,-15.039262,-5.4480515,-36.59552,0.67671734,0.7311434,-8.328055,7.935731,-0.37564883,7.1565995,-13.362554,0.43938664,-2.5170321,-2.9722965,-4.757122
-476.84695,78.91484,-24.967573,33.751953,-7.500972,-0.4707653,-2.534413,-0.21526285,-27.708239,1.9340612,-1.5969898,-5.9400263,5.3038654,-0.26248243,11.161713,-7.52885,-1.3474175,-2.8294466,-0.4297344,-1.6590997
-432.47415,90.76379,-47.18013,25.544287,-1.3593014,-3.0649986,-8.454413,-7.2206945,-32.093548,4.3143926,-3.3713071,-11.402338,5.4268403,1.4368789,5.353517,-6.0183296,4.0516047,-8.530815,-3.5880687,-0.7492857
-391.3093,78.54895,-62.076813,48.63153,11.401153,-4.728954,-18.368258,-8.29281,-34.442265,5.5629144,-7.439497,-14.098524,11.064214,-7.101968,0.6262428,-1.7823617,4.5418353,-9.527744,-2.5878453,-4.128031
-404.49673,84.73445,-35.91173,34.501747,-14.208962,-9.804024,-6.0261226,-2.9556103,-23.909122,3.5568936,-1.9197519,-10.021838,5.264671,-3.116942,5.512392,-2.7809358,-0.3320127,-4.3123207,-2.6957273,-5.6772203
-404.74826,91.02427,-41.4455,42.31438,-3.825526,2.8336835,-14.741511,-8.760817,-27.063486,3.738699,-4.6891713,-10.080747,4.18797,-2.4892633,5.316384,-6.987058,4.733253,-6.4786143,-0.12736192,-4.3622966
-358.33685,85.88043,-53.139305,49.47103,3.352861,-5.435633,-18.406187,-10.172596,-27.285383,6.844969,-1.8664978,-10.672555,5.141498,-2.309213,4.551454,-8.809639,1.799377,-4.349776,-1.8678622,-5.353092
-417.64618,75.43012,-30.075495,42.871918,-5.1316285,3.5983737,-17.288506,-7.656783,-34.33779,3.2944021,-6.537125,-16.924812,6.587245,-6.1636276,7.076139,-5.4317493,-0.79659104,-4.4724703,0.41899353,-7.1584573
-435.7583,47.99588,-41.385178,38.00341,-21.720263,23.0374,-24.521341,4.40985,-28.022179,2.88899,3.1082206,-11.044648,8.05901,2.6301,11.687362,-10.9616585,9.23298,-4.8687844,-3.356669,-4.624513
-393.12103,76.725365,-29.86391,23.084816,-8.528841,-8.440378,-9.7083235,-0.41819733,-35.49821,-0.1552947,-2.8084726,-14.524003,3.76021,-4.141867,4.417646,-8.421711,-1.3760663,-4.05041,-6.0646787,-8.102824
-479.67938,65.34502,-35.388405,33.416557,-0.9264125,8.732168,-14.849787,-3.212449,-22.27405,7.017356,5.4844637,-9.035369,6.4128823,5.666114,6.1768584,-5.753235,7.3859625,-2.695693,-1.3913555,-1.9981915
-435.66418,67.705086,-38.722313,47.16692,4.34642,2.0529,-10.480115,-5.0093026,-23.333961,2.6576457,-6.083268,-7.87193,7.3920584,-1.9206043,5.6785827,-4.5191007,1.457016,-5.439703,0.30821848,-0.9145113
-370.27722,81.482254,-59.408585,20.371536,-7.071727,-0.37526143,-17.063332,-5.2396355,-38.746845,7.666733,-0.022983091,-12.83956,5.000924,-2.6982784,6.374,-9.292573,2.279571,-10.330263,-3.4348269,-4.4671836
-423.79147,90.82972,-47.301434,17.521355,-3.9175746,1.1034714,-5.0837884,-5.166632,-32.16996,5.9614015,4.35064,-10.626884,-0.428898,0.15024714,4.3251967,-7.9425335,1.9078382,-7.0097523,0.46118957,-2.3415625
-427.4131,63.633503,-51.88533,37.61084,-1.3819807,0.9282652,-17.267979,-8.436626,-28.285177,4.792112,-1.2247181,-11.243914,9.223354,3.2388086,5.34675,-4.4098196,5.208259,-8.198343,-0.907639,-3.8071764
-422.12537,81.702896,-44.03812,27.375917,-10.225878,4.217059,-19.97775,-10.844584,-35.445576,7.306925,1.7946957,-11.468557,5.9576864,0.22910576,5.009106,-8.646425,8.851421,-5.8062506,-1.2363393,-1.1119158
-444.9365,55.23908,-34.844486,11.564327,-0.0840098,2.5403984,-10.274215,2.6373289,-23.257006,14.236642,4.4945498,-5.4989653,7.4972105,-1.2165939,10.455094,-6.649448,2.7232823,-3.02487,-1.9475062,1.441672
-402.83322,81.476036,-36.698807,31.355463,0.32378605,-7.749943,-17.559174,-7.734046,-26.96312,6.8916693,-5.039687,-11.430464,6.174842,-1.2322843,4.340239,-4.6554623,3.971526,-6.1090145,-1.0811794,-5.3440995
-419.4275,92.06707,-46.780514,37.449814,-1.2277434,-11.462689,-12.109396,-6.5469584,-26.953817,5.1046095,-3.8437498,-6.468036,5.075746,-7.4198484,5.55341,-1.6876019,1.8294787,-7.242968,-1.9517113,-6.9968553
-385.88928,67.21873,-53.367172,40.640232,-1.0245312,-2.8162968,-20.107567,-6.2454185,-29.898146,5.2074537,-9.485399,-9.8164015,7.2790785,-8.513249,6.204633,-5.6883063,1.0433232,-8.31661,-1.2608839,-10.693593
-380.345,99.89874,-46.55142,29.316652,6.8500156,-0.09954268,-15.243885,-18.387133,-32.792683,6.2404804,-5.891783,-9.893331,5.4844723,-1.3132175,1.815524,-7.6735916,2.2460024,-6.36216,-3.0713553,-5.385235
-376.17862,89.1314,-49.623474,43.777267,-2.9060032,2.8525157,-13.989294,-5.5291996,-33.6431,4.899781,-5.0678573,-12.006899,6.1658187,-2.2179153,5.9155993,-6.499592,5.060228,-9.941908,-0.77785945,-3.5392723
-378.0255,101.24599,-48.803566,35.19033,9.947987,-14.984152,-23.304848,-8.663899,-30.33915,5.9740963,-7.260087,-8.794794,8.738953,-8.676074,3.9609249,-4.7799244,-4.035315,-7.317788,-2.697533,-5.4173527
-450.9769,58.923725,-42.566902,27.801682,0.70616406,2.7500393,-9.882797,4.745647,-27.482384,7.3485513,1.4929899,-9.496613,9.01474,-0.39295185,8.02459,-2.5518105,2.033176,-5.406681,-0.3718753,-3.1893842
-386.90985,76.97483,-38.80425,32.12229,-3.820055,2.1965146,-18.12562,-0.113299124,-36.51755,-1.3510207,-3.392026,-12.413544,5.644415,-4.946774,8.239333,-8.014073,-3.7484908,-7.3328457,-0.41639286,-7.342769
-397.88364,71.60437,-42.646976,33.437122,-14.395771,0.5322552,-16.370607,-0.88176024,-38.12971,-1.1252908,-2.345777,-13.609354,6.0081205,-3.308552,7.1337404,-11.999047,-5.3237906,-8.947706,-2.8341951,-6.6514187
-454.6603,87.11725,-35.95602,17.13435,-8.52983,4.3597016,-12.946812,-0.49946472,-28.73372,3.5464633,3.750983,-8.390556,3.2202525,2.7504714,9.352183,-9.321133,5.6932893,-3.6173177,-0.761169,-0.6730883
-404.04578,75.8261,-40.59764,45.998463,-2.3645499,3.3837333,-20.267605,-3.5562382,-34.66557,-5.493317,-6.445879,-10.155522,0.94232506,-5.569975,13.072247,-11.204896,-1.7675247,-5.0474796,-3.7888541,-6.857275
-441.65787,67.48608,-41.353954,51.527622,-6.6505747,4.831862,-20.281279,0.5678068,-35.75558,-0.4900788,-1.5438817,-10.716159,5.1064715,-6.5230107,12.654321,-9.473979,-0.8237536,-5.49687,-4.6323943,-5.522444
-450.18967,56.375423,-33.122242,59.757103,-2.6772213,14.042755,-19.698536,-3.921172,-27.665232,0.05934666,-7.55976,-8.908893,5.898121,0.0034261073,10.224421,-10.616794,6.379146,-5.961251,0.78301054,-0.93474954
-372.12195,72.63904,-43.09663,54.91413,11.617589,1.4817387,-20.98573,-7.2199655,-28.381916,-1.3539305,-9.148915,-12.996407,7.9440937,-1.3010697,1.2296746,-5.5062184,5.2389503,-8.56043,-1.8157322,-3.6171446
-391.76947,93.540886,-47.568478,29.269508,0.96975946,-4.5145755,-19.53489,-9.185101,-31.710608,5.8138947,-6.3935637,-11.835426,5.797651,-7.3521376,3.3622396,-4.112029,2.5371242,-11.584174,-1.2930119,-6.03937
-403.09225,84.14485,-34.264225,28.21824,0.5615142,0.7414412,-12.143345,-11.490598,-27.610292,6.6062565,1.0751961,-10.159249,5.3711205,-0.42579088,3.8630612,-6.3329926,1.1395345,-2.0840251,-2.057298,-6.300628
-423.9874,77.393486,-40.436478,40.550747,-12.99219,-6.15966,-25.315842,-3.3427258,-23.19974,4.119448,-9.871504,-9.501897,6.0128345,-5.8942018,12.351933,-7.383651,-0.76392454,-4.6323695,-4.095757,-9.483455
-385.70667,80.198616,-48.344296,44.43618,-2.147842,3.4284084,-28.549593,-10.653433,-32.344563,6.9105754,-6.261491,-13.398983,11.754458,-5.463516,6.1794157,-6.7969117,1.2634217,-9.170361,1.705235,-3.549811
-443.88174,84.23095,-38.73614,27.273493,-4.548263,2.294641,-11.763964,-5.2908826,-34.5362,1.8118333,0.84074783,-9.892152,2.076626,-1.229559,10.4657545,-7.15344,-0.44481558,-4.957768,-3.9820726,-7.141717
-399.97977,59.183525,-42.957172,44.58927,-4.586475,7.4361014,-29.19006,-10.510691,-30.289883,4.457235,-4.2036786,-14.286194,9.118452,-2.6163101,4.7235045,-9.283946,6.7866564,-6.8915863,-3.167137,-3.5867336
-379.90518,91.295715,-54.92839,27.494228,6.0612125,-11.652846,-17.012234,-9.816587,-28.185041,10.469743,-8.176217,-7.110603,8.164366,-4.813452,1.6789843,-5.6990495,2.7415023,-10.063257,-2.3964663,-4.776585
-458.27628,71.81234,-31.9836,29.510267,-2.653315,4.1932306,-11.707288,-7.718774,-18.426302,6.240467,3.6430917,-7.2879024,3.9818711,1.5850024,4.6410584,-4.859979,1.1884731,-3.4112546,0.37851185,-3.3570707
-418.72076,59.395023,-34.510227,49.483288,2.1510568,-6.3196254,-23.20037,-5.5880446,-35.00259,-0.65725636,-2.286418,-11.503077,6.198298,-3.6494172,6.3589525,-10.7158375,0.91504425,-2.6761482,-4.457042,-4.8364
-443.37335,57.98216,-32.6313,22.47486,-0.5945772,6.5672503,-20.352358,-6.8861127,-18.876165,10.377816,0.73782325,-5.889396,7.869902,1.3649825,4.7094445,-6.044081,5.096905,-8.11717,0.7459363,0.11662619
-400.10626,71.10824,-40.892,26.609396,-13.72219,2.2227156,-11.409934,-7.5428586,-30.84628,6.8528595,0.50989085,-10.817197,3.9021275,0.25560942,5.5712056,-11.327652,2.7333448,-6.9070063,-2.6568277,-5.2146964
-418.79196,74.82916,-36.053905,50.20738,10.828581,-7.43333,-17.504116,-17.345499,-31.734943,2.4940464,-10.446108,-14.161375,5.237016,-6.415876,1.7287769,-5.762592,-1.7278587,-6.7485766,-4.076631,-7.4506836
-407.6713,59.116856,-53.630302,52.72472,-2.1337843,1.3018626,-22.508501,-2.5959704,-32.047993,7.8426013,-6.9356475,-11.744704,3.6700523,-7.58069,3.1606588,-13.403847,6.144511,-8.487485,-2.411575,-8.486248
-397.39532,77.51869,-59.76231,32.438984,5.872735,-7.810155,-18.1833,-8.0400715,-33.171577,8.219327,-4.2639422,-14.41683,3.1483345,-3.1694856,5.6165957,-11.170969,-1.642494,-9.615515,-5.10431,-6.928586
-407.55582,75.517715,-33.049446,42.548374,0.9525615,-3.672725,-17.921528,-7.337292,-26.633245,-1.2434695,-7.700218,-10.87582,5.5262537,-6.129479,2.360765,-5.8243556,0.6241524,-5.4487176,-2.2647333,-3.7982032
-428.36115,87.26349,-27.034586,26.405859,-2.5833383,-3.5617323,-19.559723,-12.582676,-29.375828,4.827774,-8.168447,-12.536925,9.446678,-5.638326,5.0670547,-5.351956,-1.4749782,-4.775339,-4.2721515,-10.207412
-366.99582,57.65148,-59.36751,33.370316,-5.7690463,0.041490078,-25.900194,0.1848018,-35.69282,7.9062033,-1.4879211,-11.934883,7.8308034,-8.074004,6.4910393,-9.147392,4.757207,-6.645816,-0.92301404,-8.337167
-352.51904,72.54573,-44.398323,38.412354,-12.515061,5.064195,-26.447811,-5.42792,-34.004814,5.2842846,-3.6521459,-16.34277,8.568605,-8.11569,6.241605,-7.449974,2.1244738,-5.2146807,-4.1653247,-9.4344015
-368.8394,104.675476,-48.06433,35.77879,-3.7063925,-5.344165,-15.604897,-8.79879,-33.75481,3.4605212,-9.443309,-16.023434,6.0463877,0.23091432,3.3438175,-7.05643,3.1860797,-11.1296425,-2.0393193,-4.056001
-444.43103,82.695984,-43.487,32.28913,-3.8999255,-3.8972988,-11.04612,-5.8300085,-27.286093,2.5001023,-3.0061638,-6.361201,3.1384435,0.95926017,7.9817605,-12.075863,0.39500058,-4.8194346,-0.9725424,-2.9912007
-401.3697,72.307495,-47.39851,45.39668,0.8314197,0.023014102,-18.89178,0.3083932,-34.97839,-0.3703102,-5.8082585,-7.5475435,7.035676,-5.439642,10.169163,-11.020486,-1.2004663,-5.3829546,-2.5272658,-4.8039193
-444.48285,72.03193,-36.15925,42.4609,-8.7207,6.5179234,-16.927732,-1.3573599,-27.953836,-1.589332,-1.4774119,-7.9632573,5.9355364,-1.9654424,10.1475525,-7.195529,1.105409,-4.184565,-1.3258903,-4.1369915
-428.98895,80.70112,-38.013805,46.834873,4.4801054,-5.4037466,-13.58361,-1.1264392,-30.857603,-4.2141495,-5.7534466,-7.3638697,5.539804,-3.8857443,7.6176953,-10.989359,-4.1639853,-2.4750836,-1.7365415,-4.7038374
-422.56616,73.24753,-29.959806,52.429195,-2.3745291,2.6322165,-23.744497,-5.9397035,-31.588564,-1.16949,-5.6504755,-8.690013,10.191063,-9.989815,2.3717802,-10.037264,-1.5452899,-3.3592367,0.4953506,-4.691096
-361.4619,61.62469,-42.874245,37.979362,-5.7545547,-3.3777754,-15.764216,-6.928753,-24.86476,6.222353,-1.965078,-11.768071,5.2991323,-1.352492,5.05388,-6.904152,3.5525954,-3.8524652,-2.1304023,-5.071324
-374.0488,87.4708,-54.410564,26.28989,2.0005512,-10.219822,-14.34916,-7.5178,-42.642723,5.2456822,-1.7667971,-13.119019,1.5337601,-2.8201716,7.8678303,-11.274718,-0.17306985,-8.950093,-5.772868,-6.566908
-421.94345,96.915,-41.392212,51.27504,8.338806,-0.77124465,-16.733536,-7.586706,-27.123844,3.1769693,-3.358578,-9.592221,2.2450345,-3.849153,5.06613,-8.287281,0.8119528,-4.8291287,0.5522361,-5.734561
-383.5386,104.299,-61.279762,27.676596,-3.8849137,-12.461953,-16.999876,-4.712845,-30.708675,9.039265,-7.1458373,-12.860143,5.7182994,-8.80241,4.7453456,-5.0987678,0.395396,-7.921811,-4.81757,-9.682493
-435.79782,55.783905,-33.91325,47.21363,0.30106375,8.209402,-23.76631,-4.794812,-30.97428,3.015675,-4.9416904,-13.394692,4.428077,-3.155345,8.863614,-7.538399,5.2656136,-7.623585,-3.1706293,-5.717574
-381.3772,102.24937,-53.668327,16.861654,-1.5659192,-11.927862,-15.481781,-7.985826,-39.62763,4.7569513,-0.06944693,-13.884204,5.2262616,1.3321941,1.6131783,-8.185255,3.1514552,-11.00853,-5.444399,-7.3684278
-442.00964,91.58561,-57.03453,21.255665,-6.1263795,-6.845453,-16.768343,-2.4379215,-13.445721,13.829833,-1.3982668,-8.392141,8.683273,-3.7179897,4.4948635,-2.8229327,-1.6183556,-6.9746766,-0.6519389,-4.2493176
-444.3739,70.31478,-37.98281,43.718544,-8.240904,4.486321,-5.6615424,-6.111352,-26.734346,8.201523,-4.679646,-9.314393,1.8472162,-3.8497102,6.437816,-10.8774395,2.6831386,-6.361606,-2.5990145,-4.7710238
-413.06625,88.40694,-42.217403,33.760185,-5.442864,-9.339079,-4.042861,-5.5579505,-31.900558,2.386492,-0.61214703,-5.6921763,6.7137847,-0.6171409,4.9851303,-5.625296,2.1849275,-5.2362585,-1.900415,-3.6788385
-428.16553,80.06995,-39.507523,28.035168,-0.45490116,6.276063,-16.300692,-8.15421,-31.031994,3.0879955,-3.3777716,-10.539027,5.8274326,-1.268777,7.413023,-8.353769,4.2072988,-5.642211,-4.772076,-3.6529624
-439.37927,83.119125,-37.718174,37.168457,-2.2138534,0.9690645,-19.320972,-6.777739,-25.688745,4.9979877,-0.54780847,-8.80269,5.753795,-0.15163402,8.146505,-5.652112,3.9154332,-6.179138,-1.4085925,-2.6398604
-432.30002,71.74915,-37.663025,51.822212,-2.4514074,-0.82876253,-17.457487,-9.821062,-26.225416,1.4100615,-2.551239,-8.788292,4.2733245,1.3010409,4.579481,-10.2119665,4.791363,-6.0783815,-4.4547114,-4.8831043
-422.73563,58.85294,-43.799065,51.62546,-9.521121,8.715247,-28.510805,1.593189,-27.867086,2.6815846,-3.4116337,-13.77339,8.6079645,-0.91555244,10.782582,-7.556733,6.9128685,-5.2417517,0.7056059,-4.112479
-412.08197,89.399925,-45.57761,40.527145,-5.803871,4.363239,-16.305372,-9.049072,-36.611134,4.877085,-5.432494,-13.760531,5.2042227,-3.508259,8.445502,-9.197379,3.852508,-7.21844,-4.643152,-8.175803
-403.61804,77.42548,-36.2759,44.320293,-8.492674,-6.703786,-14.976351,-8.289062,-35.122036,3.0920002,-12.205751,-11.899816,10.072647,-8.69396,7.071512,-5.248245,-3.4699764,-5.637249,1.0124155,-7.3676596
-412.67166,71.15094,-47.31601,43.17855,-5.46999,3.7612019,-20.461065,-8.397284,-27.268312,3.8433266,-5.6142907,-9.885239,4.9038672,-4.039933,6.294839,-9.234447,5.8660254,-7.718486,-2.6379256,-5.1761026
-392.1162,86.41632,-56.55408,41.740868,5.49066,1.1906744,-14.571391,-8.671237,-42.94701,1.0175079,-2.7190533,-15.165001,4.6799674,-4.788492,5.2060714,-10.0236635,-1.7971426,-9.173765,-4.037037,-4.301947
-384.29996,80.42806,-55.986614,38.726425,-5.4846287,-3.518318,-20.016476,-4.321884,-38.005,6.1876516,-3.952108,-10.159073,8.640798,-1.7384082,7.555662,-13.13626,3.371796,-8.279194,-1.2748262,-2.354791
-402.2491,64.30154,-45.416294,32.234093,-16.164911,0.7846126,-16.660141,-0.9282441,-34.517292,4.385625,-2.0048835,-9.899283,7.744771,-3.2710643,10.429303,-12.181557,-0.16224144,-3.7588649,-3.1727796,-4.684533
-405.27176,86.09695,-41.52572,28.801708,3.7421768,-7.1320806,-16.233097,-4.182718,-35.86431,-0.15933023,-4.253191,-10.55789,3.4775817,-5.7200813,4.1045365,-10.3003025,-1.6733581,-6.322439,-3.9165418,-4.5993404
-414.65588,86.78716,-43.03472,29.713327,1.5609686,-3.5779257,-15.169807,-1.1873549,-38.844936,-0.19179416,-3.965859,-7.543939,5.62019,-5.9633207,5.7059345,-10.379495,-0.2889503,-7.096929,-1.5991453,-5.509574
-424.22052,81.76637,-38.312737,20.177776,7.1864195,-4.3129554,-12.004425,-3.3318818,-35.398277,0.7479535,-5.61605,-8.88702,9.842384,-4.5503325,4.840663,-3.0692322,-3.3717995,-9.505899,-0.67436504,-3.3086467
-435.14566,95.79851,-37.063046,23.473293,-1.314303,-2.758225,-8.962398,-4.406061,-32.50258,4.180846,-0.60769737,-9.140743,4.3058324,-3.8916574,4.7593045,-8.681161,-2.8698714,-7.354845,-0.63549197,-3.0513575
-380.61908,76.322105,-48.797493,23.832676,-11.282717,1.9384205,-16.45227,-2.2930417,-38.134575,1.2968721,-2.897433,-9.596524,7.333267,-3.5576935,10.303391,-9.615221,1.5640376,-4.725517,-1.9991395,-4.482643
-431.85574,96.03027,-46.81518,44.583424,3.5004337,-5.2865047,-18.903118,-12.114754,-32.11185,1.8416219,-6.242464,-10.518939,8.889078,-0.59665704,4.9558034,-7.2025886,1.9565059,-8.0375595,-2.6748579,-1.9023118
-379.24545,72.80983,-49.799603,48.232975,-3.7659566,-4.767196,-20.08368,-4.962,-36.591408,-4.122777,-6.623686,-13.150816,3.1442895,-4.973923,10.071667,-11.123949,-0.9907135,-5.4539595,-6.715914,-7.429651
-419.44318,81.42523,-42.23534,36.955574,-7.5527205,-5.5791936,-12.594602,-4.4726815,-35.117306,3.8303149,-4.8785567,-12.485732,5.036063,-2.7235365,5.8367205,-6.964005,4.42041,-9.274511,-2.5909092,-4.240877
-386.3064,65.82103,-44.819065,50.88279,1.5481824,-9.759638,-15.789015,-6.6821823,-31.475914,1.8274062,-11.136846,-9.822743,7.8849697,-10.081564,6.674088,-6.2360296,-2.9508362,-4.896804,-1.5420102,-6.968622
-450.1885,74.53232,-38.101955,32.19724,-7.998606,5.65014,-14.68346,-1.5273732,-24.225924,6.5588665,2.218616,-12.197172,11.071644,-2.6420486,6.9625087,-0.49069583,3.6928225,-3.036897,-1.4194474,-2.573733
-447.02942,97.80954,-30.948177,31.292637,-7.803349,-8.647862,-7.4577374,-3.7734227,-31.600416,2.9170175,-6.150877,-9.408983,4.699093,-4.6204133,5.8739233,-6.316061,1.2897927,-5.034553,-2.847624,-6.2980514
-420.53452,99.1067,-50.484806,24.582624,1.9869484,-5.1498218,-6.750343,-7.2763534,-35.108616,7.156791,0.8938677,-12.472992,3.1165166,-0.23593193,-0.8446442,-7.0169053,7.243511,-8.098019,-2.4276354,-3.042597
-471.2257,66.48661,-37.483135,44.375053,-12.386891,16.088743,-28.485,-4.931531,-25.392355,5.947958,-0.92403424,-7.7458286,11.627993,-6.0144496,8.8089075,-4.057444,3.9940748,-7.3207216,1.7864993,-2.804909
-377.46136,62.163307,-37.841534,43.25824,-3.4512758,-3.3872316,-14.254748,-6.884658,-37.609177,0.51484585,-5.483879,-12.021445,3.7814577,-3.1360822,5.371238,-8.607227,2.0691159,-7.4936194,-4.077365,-7.2009215
-389.77655,75.80213,-63.317585,49.297688,1.8194051,-8.637849,-23.367943,-3.4344401,-37.053677,6.375159,-7.8319073,-14.13774,11.040241,-6.085542,4.682558,-9.732137,0.8427043,-9.448789,-5.1366615,-5.966234
-397.5034,62.12822,-42.59803,45.171154,-2.613037,4.346911,-29.865435,-8.16086,-35.36877,3.967436,-0.7421386,-13.934944,9.287209,-3.491027,3.4054728,-7.6947575,4.4405026,-8.280604,-2.1139474,-4.1585655
-418.32666,81.9941,-34.632477,38.00772,1.8475236,-1.1102194,-14.919187,-5.0281844,-26.963345,2.6713636,-5.575745,-9.549643,6.144953,-4.536228,5.14994,-4.119318,3.2420363,-6.371444,-1.7188938,-6.1758013
-403.17978,72.29115,-53.90953,30.61042,-9.136526,-12.603922,-17.225632,-1.9177941,-38.482132,7.356811,-4.468041,-12.072969,9.790656,-7.162999,4.8373833,-9.199843,1.3335078,-11.150179,-4.7042336,-7.056936
-419.6235,66.57944,-41.76401,40.414333,-9.856769,-2.343916,-13.018988,-2.820456,-33.140884,1.7331007,-2.072392,-14.165554,9.681891,0.5062153,3.845055,-4.129057,1.6668007,-8.318178,0.012454545,-6.14327
-426.03976,72.58526,-41.585392,44.962765,-0.64860183,3.4820156,-19.855825,-6.59806,-32.30862,-0.029897254,-6.139583,-10.108996,4.6074677,-4.0526586,5.830351,-7.150562,5.5766926,-8.468632,-3.6356814,-3.9929295
-453.9194,79.32506,-39.707237,38.705994,5.367887,3.122778,-20.373951,-9.507735,-22.388819,6.621702,-1.9265739,-11.70493,8.5837,0.3717986,2.9753127,-5.0603213,1.882447,-7.6256046,-0.05399694,-2.6885638
-387.2479,67.52906,-43.491825,47.78222,-10.659366,1.9826397,-19.097359,-3.1195595,-34.742928,2.5682616,-4.7281733,-14.230215,1.7917938,-2.7661097,11.093532,-12.655996,1.9090027,-6.9032145,-5.07512,-6.7554064
-373.9187,84.23521,-57.472958,23.454437,-15.656954,-4.569772,-12.3063345,-5.4574137,-38.62878,2.0379243,4.272947,-13.013278,3.3141222,-0.6321886,8.610247,-10.910827,-4.7559924,-4.693305,-2.8912377,-5.3093185
-409.95932,55.671677,-45.227592,32.617283,-7.665028,7.2908435,-17.79823,0.05650513,-31.535923,1.6093585,0.030789696,-9.117619,5.149253,-2.5594962,10.518092,-9.994359,2.033211,-5.1539254,-0.90355295,-2.3650796
-396.40228,86.740105,-35.881264,19.687954,-10.889914,11.212548,-14.797124,-6.399854,-40.435505,3.7728484,-2.7086568,-13.717301,3.8017757,-4.7142386,7.88319,-11.175937,2.0545235,-8.563835,-3.502463,-2.394781
-411.83487,92.74591,-41.166267,18.879185,-0.4738057,2.4610205,-13.960651,-6.9941964,-38.990173,5.014641,0.96507245,-11.52569,3.4024103,0.5084194,6.0052805,-10.439378,1.2910129,-8.54095,-0.774156,-2.5460649
-400.48514,59.793137,-42.39704,43.783997,-2.7595484,0.38527247,-18.861692,-2.4285672,-34.33806,-3.6266458,-5.2262836,-8.47115,5.4925327,-7.0796695,10.031018,-10.223537,-2.2335465,-5.751553,-2.9404886,-4.040371
-398.43115,87.18681,-52.17179,32.522385,-8.503182,6.696811,-17.909948,-4.301566,-42.894203,-0.029987434,1.4519289,-13.480223,4.0342445,-2.690638,13.198279,-11.203706,-1.8651184,-6.012079,-4.86302,-5.073189
-423.3006,58.33454,-42.9926,31.177149,-13.562598,6.0177097,-17.411829,3.5892918,-28.16564,3.2499213,4.382834,-10.333315,6.4144635,0.7775144,11.538416,-8.915148,4.996986,-3.9000814,-3.7132607,-0.4086874
-403.2079,88.27079,-54.051,37.980732,2.1073928,-8.235695,-23.302967,-8.590517,-27.752407,8.964241,-8.897413,-11.791391,6.8442254,-5.7206364,2.9989154,-8.390354,2.491997,-8.2263775,0.82802904,-7.492023
-387.32205,72.32968,-69.59541,45.908916,-6.6403484,-4.560949,-17.443216,-9.6144705,-31.240572,5.5079346,0.9185333,-11.134963,1.766817,-0.83688176,4.411466,-9.0481,4.3824964,-8.705728,-3.4860113,-7.937372
-461.9955,55.136715,-27.502357,25.235357,-14.480729,1.9944108,-19.928858,-7.720384,-17.556961,8.949507,1.2119416,-7.7152753,9.528122,0.36636746,6.5800257,-4.9258876,-1.0054799,-1.7383459,2.3695974,-4.965028
-403.1739,71.699974,-49.064182,46.537003,3.1986804,-5.18363,-22.120258,-3.8270426,-30.424019,0.08122998,-10.3962345,-12.023885,9.518706,-7.74403,5.9917655,-1.2619693,1.6003116,-8.788291,-0.0153020825,-6.2995467
-453.00485,62.45684,-23.393164,47.185722,-3.042992,0.12763502,-19.523546,-3.3462062,-21.35433,2.3405108,-5.020026,-7.3543873,10.45128,-2.7505825,5.5893474,-2.4287982,5.3273754,-6.396944,-2.6974442,-4.5797114
-422.23734,65.34534,-39.77864,33.08139,-3.1684408,2.3544028,-19.054724,-8.178625,-31.564877,6.2351565,0.36530685,-10.148922,7.822056,0.97959024,6.553474,-8.098994,5.632554,-4.2038937,-1.9512818,-2.4456975
-434.47513,85.2937,-36.771847,42.826363,4.882644,-2.4185078,-14.469401,-6.604803,-30.683426,0.9890749,-0.57794684,-8.162525,-1.2958574,-2.6941328,7.6794834,-12.817086,-0.42453083,-5.7235646,-2.3320184,-3.8116403
-411.8351,79.19564,-49.837757,38.46816,5.7109394,-3.8027914,-15.141844,-9.287734,-29.863197,2.268837,-4.9310417,-10.709711,3.0311832,-3.6774185,0.8629681,-8.318798,2.3242254,-7.431425,-2.9455721,-7.9900455
-393.9694,73.342316,-55.44958,40.46968,-6.6897798,-0.75405955,-20.615147,-5.500304,-35.097954,7.089085,-4.075993,-11.669469,7.069964,-3.4310424,4.296435,-10.844893,6.728164,-9.109905,-3.7347815,-4.388357
-445.095,77.146286,-35.471333,37.237328,1.0432094,9.130209,-14.542741,-6.251399,-32.10841,1.8977022,2.2357574,-8.182908,6.084387,3.3165197,6.2268724,-7.0639477,7.0390944,-4.3542485,-1.0381114,-0.7110244
-426.30197,91.698235,-53.40026,28.215769,-2.1192226,-4.9866433,-12.394366,-6.1942253,-28.06568,6.1110063,0.03237308,-7.0755696,6.5277543,-0.17178059,3.7059221,-6.5332055,2.9122515,-10.101642,-2.26368,-1.4404465
-413.52518,93.54658,-43.722847,26.525696,0.6151864,-3.3223896,-15.583955,-6.109869,-29.965368,5.917842,1.2627968,-10.192993,7.01231,-1.4790126,1.2507857,-6.8656507,2.5130868,-8.488537,-2.3418663,-4.177167
-393.114,72.09457,-44.764793,36.772964,1.3427505,-8.629224,-14.995516,-6.984979,-32.05572,1.4576141,-7.65016,-13.0823345,6.7303905,-8.052112,6.022883,-3.5060763,-1.3177958,-6.617009,-4.1928926,-6.829752
-430.04544,96.39254,-44.426296,48.03172,-3.6396666,-6.6668816,-16.068682,-6.084612,-31.814205,0.670669,-4.9674096,-8.836964,6.6540556,-4.3448806,6.0017815,-10.204566,-0.7120279,-5.4259787,-2.7516901,-6.0183883
-422.6738,69.83654,-25.414677,35.640472,-5.1495047,1.2509934,-10.252881,-5.323613,-28.872221,-0.5362612,-3.6055055,-10.679561,2.1468182,-3.3973155,7.1008925,-9.279046,-1.5827172,-5.175642,-4.5027785,-5.6481433
-432.77322,78.4365,-32.6528,47.57489,-1.4035795,-6.299287,-35.240574,-1.5053517,-21.647627,-1.23053,-5.443563,-3.832185,6.723204,-9.506139,8.988362,-13.781563,0.0382033,-1.2861586,-2.4719381,-0.3473593
-452.5775,64.809326,-23.832432,27.405586,-1.5040253,-2.3921719,-1.0926679,1.8708295,-26.39285,2.3602285,-0.17134078,-7.9916015,1.8629376,-2.9010973,5.238549,-4.796053,-1.3815693,-3.5308142,-0.13195753,-3.9250748
-390.21805,82.093544,-56.95122,29.754095,-3.015208,-3.1263218,-20.917324,-5.999713,-38.876842,-0.7370235,-0.0026693072,-17.647814,3.3494658,1.3735383,2.7518141,-9.145116,-1.7581612,-6.542035,-1.4061269,-7.7269163
-434.95703,75.405075,-38.95936,48.058044,-0.020546528,-2.165124,-17.280972,-1.2235469,-29.169415,-3.8820176,1.0418855,-5.6635623,1.4167839,-1.8444152,9.093055,-14.365088,-1.4933113,-3.1596572,-3.822761,-2.4606776
-422.42642,58.674328,-48.87188,42.564533,-7.5852656,1.7294583,-16.725885,-0.124618754,-37.93157,0.89798594,-0.98101425,-11.196278,5.5345383,-2.282863,9.73031,-8.617145,1.9021894,-5.2998314,0.34246925,-1.8863271
-426.9507,80.65443,-35.81624,30.13079,-10.950203,1.099928,-12.045712,-1.0690056,-35.509396,1.0368392,-0.68408483,-10.846033,5.6081743,-4.9281306,9.165609,-10.237787,0.8405325,-1.2626132,-3.5405805,-3.420933
-431.22125,70.29702,-37.831036,28.181532,-9.406087,1.2434515,-11.017355,-1.1842401,-33.89016,3.6350703,1.6929055,-10.125351,3.5780873,-2.1383762,8.685742,-10.7729025,-1.6959605,-1.8344337,-0.19003248,-4.9873595
-409.4265,85.03579,-29.27476,31.88585,-8.596196,-4.939795,-11.480494,-5.296952,-32.286644,-5.010241,-2.2278275,-9.31022,1.8503708,0.10047459,4.0625224,-8.092579,0.25865152,-7.4707355,-1.4099982,-3.8913338
-412.60254,85.56331,-44.780773,38.13441,1.6710134,-0.52660435,-19.324066,-4.5161896,-36.09357,0.50029945,-2.8294437,-14.40841,5.350062,-2.620454,6.076476,-9.677496,2.1290097,-4.139619,-5.4661207,-6.029237
-377.9082,63.84877,-52.15801,26.296541,3.121572,-10.473444,-17.401323,-3.899568,-27.020138,5.479521,-4.2800913,-11.144365,2.4304094,-3.936288,2.9891357,-7.9383273,2.2482517,-9.28765,-1.569583,-5.608454
-385.0774,55.708958,-45.84331,41.16747,-6.227409,-6.2864394,-15.135583,-6.019053,-32.915028,3.1088927,-5.7271066,-11.487174,7.1434264,-5.0831323,6.494722,-9.933474,1.2057654,-3.9582987,-4.095228,-4.680646
-423.07257,52.586647,-36.54377,39.908466,-8.035538,-8.177284,-23.165417,-6.4079013,-20.168028,9.19754,-4.0439496,-5.916707,10.885229,-7.5659647,6.5437665,-4.438876,-4.295793,-3.6241937,-1.3699341,-4.761032
-359.36975,92.40257,-64.19288,25.585852,-4.206997,-15.0537195,-8.691145,-7.4370027,-29.095497,9.526309,-2.1137192,-14.605252,2.8744938,-10.654343,2.289392,-3.6908383,-0.48625565,-5.758212,-5.1253066,-6.8130794
-424.1363,86.06517,-39.843212,26.917788,-10.43584,-2.4004898,-14.678081,-7.761152,-33.650852,6.3620305,-4.4087267,-12.840983,7.2619762,-3.1522112,6.0369415,-5.5909147,3.763159,-9.063261,-2.6207,-4.727242
-399.14105,76.025764,-49.727993,28.393024,-16.552786,-3.1799743,-17.503902,-4.09559,-36.55126,12.681524,-1.1467698,-14.961086,11.322164,-4.171936,4.0811872,-6.333287,5.1289616,-8.446658,-2.4298005,-5.4222994
-451.89465,76.878136,-32.959164,28.213484,-9.134258,3.181085,-11.860707,-1.4130323,-30.498844,1.6947169,-1.023968,-7.4090953,7.530406,2.6549788,12.212453,-4.849747,9.059335,-3.498262,-3.0520492,-0.62316966
-460.91394,92.19946,-33.65086,42.74374,5.080841,2.743451,-17.277578,-11.658726,-28.511633,-0.80761105,-5.9134927,-7.171525,6.7073255,-2.909807,4.6490197,-6.979795,4.268906,-6.9486322,-2.720245,-1.5286194
-407.81546,100.959465,-42.883404,34.44141,-11.388582,-3.901292,-9.090845,-11.065939,-35.73829,7.693114,-2.1073725,-11.599822,6.4366293,1.5197682,5.85307,-11.914887,1.828699,-3.810211,-2.0017836,-6.954692
-410.53864,70.46781,-45.98584,50.62497,-9.351268,1.3759232,-18.462317,-0.62343377,-28.636139,2.9134932,0.12860908,-6.4570756,8.029752,-0.16782415,4.6765637,-9.0258875,7.307747,-6.9329104,1.238137,-2.582829
-404.70966,75.47715,-45.88341,40.913155,-7.8218584,-3.2201111,-22.829823,-14.985718,-34.668232,10.524954,-7.817321,-12.756668,12.8637295,-5.2324686,6.0621114,-9.180326,1.5840408,-6.617929,-2.7468953,-8.007458
-412.19702,76.753296,-33.97493,38.24024,-2.1861844,-3.916401,-19.457577,-2.8527198,-31.084557,1.9625205,-5.4600425,-12.7784815,6.391041,-4.2315254,7.593854,-6.2513146,2.292375,-5.796883,-3.3757412,-4.3991547
-386.43927,57.15539,-41.94017,47.99336,-2.515202,0.30544305,-20.027328,-4.5326614,-31.777796,3.1461926,-4.9564576,-11.413621,8.291123,-5.4177747,8.827741,-7.143133,1.7100195,-4.0756373,-1.1748626,-4.806201
-427.40067,100.557846,-51.28148,29.153702,2.3293028,-7.2885222,-13.773103,-17.556908,-31.169388,2.4815302,-6.6218214,-14.251451,3.260619,2.1244364,2.18611,-6.349651,2.9313605,-10.636095,-4.2168183,-5.4098144
-371.366,86.3263,-48.324356,36.761257,-10.516252,-3.8220298,-12.400071,-2.8196936,-31.320732,2.875017,-5.05545,-9.138085,6.853262,-4.2026954,9.429583,-10.10402,2.4205,-5.2896667,-5.4503937,-3.9635074
-418.06927,69.48064,-50.704937,35.569088,-5.6653666,8.5374155,-19.315481,-0.3267429,-37.706524,-1.3461835,-1.328305,-12.494671,4.1650343,-1.9243989,10.309123,-11.975534,2.0512967,-4.3428173,-4.0567284,-6.2598147
-430.8447,90.03312,-45.359898,26.694948,-5.3784637,-4.141081,-11.627522,-6.6058745,-30.791195,1.0885504,1.0594001,-8.371701,4.742636,0.56065714,5.70513,-5.424379,2.9887097,-4.7938256,-2.2155664,-1.1271204
-431.74667,93.08514,-40.82114,27.257217,-4.5855956,-0.5941568,-8.91669,-7.274358,-32.21678,1.9119291,1.6852947,-13.444759,2.6351357,0.14475854,7.597179,-8.855723,-0.763468,-1.8675836,-4.401134,-5.1269217
-422.74625,64.64626,-31.953304,37.078274,-14.433041,5.4875684,-9.061737,-1.7296476,-34.90144,-3.6537383,-4.9113216,-8.167014,5.3543797,-4.827748,12.207317,-10.163223,-1.2009507,-3.4637237,-2.7659776,-1.1501235
-420.3812,84.942856,-37.003857,20.244307,-7.442513,-1.2296734,-1.2223704,-5.4222775,-37.962215,1.5504111,2.333955,-7.847553,-0.80760115,-4.1482844,5.2255583,-11.120444,-1.187751,-4.2229633,-1.8537451,-3.314561
-441.82672,63.567837,-29.525488,49.331337,-0.589258,1.6581833,-14.844133,4.603696,-36.444862,-6.3834643,-4.8278227,-9.069964,1.2692691,-5.8868675,10.6148615,-13.27576,-2.9834208,-0.89631563,-1.0509838,-9.090852
-410.85342,96.836334,-53.48758,30.005047,-2.511526,-8.02706,-15.120184,-10.544282,-28.820604,8.129456,-5.7843256,-9.194507,1.1543667,-4.411811,2.7230272,-12.146605,4.260741,-6.242705,-1.925127,-5.4472904
-416.78046,73.293526,-38.9298,24.52214,-7.991052,6.149726,-18.424467,0.878798,-37.03766,-2.0294726,0.8693291,-11.977485,5.7217727,-0.08516413,9.067696,-9.78432,1.9387312,-7.0237966,-4.5387287,-3.9288914
-450.6406,66.52156,-30.314734,33.610252,-2.7668788,3.094526,-14.07574,-1.0990307,-26.329937,-0.8235307,-1.7692326,-7.3503146,7.5547223,-2.2725527,8.129654,-6.154577,-1.1795504,-2.5998807,0.20718251,-0.72653717
-402.24506,106.08233,-68.23957,24.811405,-4.339835,-7.5819416,-8.127682,-8.136763,-26.03084,10.192438,-1.170245,-10.764883,2.8052237,-1.7632073,3.2147927,-6.690562,2.849767,-10.101008,-1.2392021,-6.7217855
-430.54495,78.24148,-55.13901,39.136833,-1.6924732,-2.1552439,-16.520128,-4.7782598,-26.919247,5.1183586,-2.8221817,-10.584207,4.597523,-1.4609994,7.05891,-9.303792,4.8017383,-4.5231667,-3.735655,-3.7733815
-433.80875,89.520134,-48.172127,31.310797,5.2134595,-1.5853381,-15.600555,-10.607708,-23.38947,6.5579414,-6.739835,-7.657819,6.59967,-3.5207412,6.062729,-4.211207,2.29597,-7.0317383,-3.7079644,-5.835729
-437.2871,66.861435,-34.832096,34.009468,-3.269447,2.8966372,-18.12959,-8.060625,-28.812878,5.975441,-0.9425487,-9.045166,10.695169,-2.6954765,5.566647,-8.426272,2.5604591,-4.287867,-1.1220932,-1.5843811
-403.4256,93.90714,-57.586937,49.782173,-3.0765214,-10.737453,-17.240864,-10.562671,-30.476078,2.4177818,-1.3425301,-9.008212,3.1559875,-0.88930285,2.6929188,-8.789612,6.10118,-8.383374,-4.0676394,-5.534636
-406.3344,82.46963,-46.452248,36.877083,-13.238236,6.1577682,-18.82277,-3.4544132,-35.886475,4.0801,0.98613834,-12.922098,5.100005,-2.3695252,7.4371066,-11.369591,2.8171413,-5.3235035,-3.0440686,-7.119725
