-480.83142,109.74178,-18.761997,34.73351,-3.2251143,6.0062084,-4.2201242,-7.83992,-28.938154,-0.62302136,0.35005167,-6.322411,-0.04584965,2.035496,12.083716,-8.910191,-2.1238952,-2.6926224,-0.9346348,-4.250877
-496.73914,69.54068,-28.882168,41.63708,-17.073723,26.12089,-17.961395,2.47105,-20.397736,5.172187,3.951445,-7.3769336,6.874171,5.326762,15.286922,-7.780479,6.544922,-4.05351,3.2261264,-1.0243974
-541.5265,68.441925,-20.353973,43.718697,3.8913524,11.430899,-7.862884,-0.7734922,-17.617907,4.647863,2.1064756,-4.9089103,3.0399501,5.672653,17.592602,-4.967975,4.899616,0.13243923,0.993071,0.85228413
-427.15988,77.28341,-40.610424,39.602177,-9.62713,6.173717,-21.440908,-5.9904785,-15.425042,8.788007,0.9014521,-9.030355,5.096739,-2.602415,6.324518,-4.9088526,2.0566506,-5.941779,4.327944,-3.1421912
-439.6627,114.387596,-31.195255,31.909624,4.7040567,-3.1908848,-8.7012615,-12.095647,-22.001116,4.0063906,-8.448278,-7.395284,2.0794296,-6.5272346,4.609941,-4.0809317,2.854953,-3.2968662,0.26288128,-1.1038704
-434.193,95.41845,-22.519646,46.824028,-7.9439726,-0.83933413,-17.74794,-6.3269134,-28.965229,0.52806365,-7.147967,-8.213487,6.1744876,-8.342728,8.140292,-9.815669,-1.6637728,-1.6235456,0.6071099,-3.6514745
-484.83975,92.53893,-33.85803,45.41554,3.5272071,5.295585,-15.35492,-8.629763,-11.673937,8.936457,-5.342425,-3.7437518,5.1388106,-6.4627857,8.120437,-6.945359,2.2331305,-0.7673286,2.82636,-1.4949021
-389.21396,91.08375,-38.066334,50.3922,9.922096,-9.636447,-25.441853,-14.021267,-22.22171,3.7520313,-12.804562,-12.570461,6.3007755,-9.366174,2.9285393,-5.209648,-3.8538694,-3.7410262,1.1359053,-6.861255
-438.2991,84.107796,-22.035965,40.0775,13.646752,-2.1226714,-8.5020485,-8.915912,-20.34559,3.4344196,-9.187112,-8.290733,6.630665,-8.434638,1.1514105,0.6031311,0.28607348,-2.6570995,1.8511041,-2.1258957
-436.4962,98.41895,-31.51792,41.71159,-8.402551,3.2034078,-20.754528,-15.485812,-22.1977,3.2551708,-7.9993362,-5.516882,8.403733,-8.650995,4.3656154,-3.4604447,-0.9575527,-5.001882,-0.2784836,-8.685309
-441.90958,113.05365,-19.195032,33.814457,-1.4836318,-12.052068,-17.524393,-9.188043,-17.438171,-0.5688015,-11.138704,-6.552589,7.1549597,-10.947999,6.986658,0.850745,-7.3512096,-1.3934975,-3.8772438,-7.033177
-453.68652,58.154514,-25.058989,53.28875,-5.2349057,7.426186,-29.560196,-10.505702,-13.474503,4.6102986,-10.080149,-9.853402,13.343455,-6.5001464,9.082764,-2.041627,-0.7092222,-1.2341479,-0.9390873,-7.077507
-465.05014,98.42815,-22.25015,33.78866,5.017667,-8.838842,-10.949292,-12.767979,-16.359255,0.9274059,-9.84194,-1.3555905,5.0063505,-7.4918723,3.8122485,-0.7995668,-3.3284078,-3.5239742,1.3503458,-4.8679247
-447.10703,84.87449,-19.885021,50.543594,-2.442146,2.9648118,-14.359525,-6.1430573,-19.651651,3.4899292,-4.753509,-8.502559,5.3356943,-6.235931,5.3647265,-3.3631196,3.8060524,-5.043759,2.2983341,0.37715334
-382.66965,103.937004,-50.781322,46.332146,12.52718,-11.447675,-18.154915,-14.558165,-27.977514,3.6354904,-14.187549,-11.901137,3.6481311,-15.27903,0.06287249,-0.43827954,-6.093464,-5.3529787,1.0608222,-6.1551204
-417.93845,102.27016,-36.138622,40.973373,-3.3162158,-2.3258126,-20.631706,-11.733816,-25.633028,4.1576524,-7.360735,-10.577679,3.1654644,-9.056995,5.771597,-9.199023,0.72213435,-3.2453222,0.0040914537,-4.8880587
-430.7005,94.14303,-25.195133,37.19425,-5.929715,3.944336,-8.231043,-4.849451,-28.96565,4.3955755,-0.26572207,-6.3511767,2.1145005,-6.0650854,7.3614407,-11.510289,-0.14762309,-3.302682,-0.13427468,-0.6051778
-448.9242,71.3156,-27.295086,42.24568,5.4516497,2.9804838,-14.061502,-9.231389,-16.758768,2.7962852,-3.6710815,-8.821296,4.709464,-3.0511458,5.047754,-2.3245556,1.406483,-2.3870397,2.1582873,-0.91804504
-397.60193,83.348946,-31.803646,34.22416,0.9334765,-3.0284994,-11.4759865,-9.53658,-27.899439,4.8850245,-4.418667,-11.510289,3.2568636,-5.936686,6.793231,-5.9590807,-3.464971,-4.809622,0.33387005,-2.5859265
-465.2677,103.83256,-31.398682,29.083454,-8.103206,5.7037477,-9.801373,-5.405959,-30.68035,1.7041676,-2.7962053,-10.764005,5.3783007,0.3728789,9.638805,-5.488315,1.1619622,-6.3880796,-3.061513,-3.599746
-472.12543,113.44068,-31.729816,32.200104,6.9025445,-5.946427,-2.9998124,-12.9584055,-25.712172,3.7228832,-4.8067465,-6.38701,3.3549864,1.7101799,6.2900558,-5.2468004,-0.7508355,-6.962068,-2.748018,-2.4481406
-474.2526,104.94855,-27.362646,25.745056,5.721021,-6.66745,-5.9009857,-9.720986,-25.8968,2.1624796,-1.4597002,-5.726625,3.9689434,1.5766159,6.770626,-5.963364,-3.0804384,-4.778126,-1.350293,-2.5452006
-428.4118,107.32974,-35.8339,25.289541,-8.788667,-1.2717608,-6.5438275,-10.023073,-30.22334,3.4510348,-0.8483403,-5.791783,2.7236154,-1.543498,6.077312,-11.85633,-0.40328676,-7.1950893,-4.658706,-4.338344
-452.73505,77.910866,-21.19202,44.122223,-5.082658,8.520265,-11.951857,-7.9373026,-23.032555,-3.111996,-5.631655,-4.992127,2.1540732,1.1787906,11.130501,-9.042245,2.225029,-3.7857854,-3.3049083,-4.848582
-465.286,87.70005,-28.065643,42.879833,-1.8898628,6.097635,-10.531265,-8.283227,-23.635527,-0.326034,-3.7324588,-4.929728,-0.043100763,-0.64519733,14.304833,-7.9782696,-0.007700573,-1.3508227,-0.9604478,-4.499513
-435.18304,83.21773,-21.162088,39.377293,-1.8032873,0.916128,-21.165844,-9.861044,-21.262182,1.9628358,-3.7457426,-8.444317,6.7329826,-5.560506,5.085783,-5.1727653,-0.9303647,-0.7091072,1.3181947,-5.4705896
-432.91226,114.55776,-31.908648,25.37659,10.579819,-8.859368,-11.758247,-8.270453,-22.645145,7.0158315,-4.5528626,-8.241302,4.58895,-5.7634783,1.6216412,-1.3036337,-1.2446624,-7.5115924,3.2642286,0.3189238
-483.28622,69.70585,-5.7767205,43.151627,5.7706,-5.47984,-14.148012,-2.8487937,-7.566771,-1.6358039,-6.5858045,-3.982453,3.495167,-6.1142597,5.7990427,1.3344077,-0.24933526,4.137393,-1.8596294,-3.2764132
-424.76373,86.73031,-25.909418,28.12206,2.3799727,-2.014036,-17.173319,-12.830823,-18.784172,3.608679,-7.074785,-7.917356,3.828046,-5.4387174,5.333959,-3.824948,-1.1312754,-1.541906,0.2600156,-4.15541
-430.8243,95.02225,-32.702084,31.308506,-9.013296,-2.0848713,-11.784696,-8.347968,-22.05889,7.6779394,-1.2809194,-7.226772,4.5446095,-2.65378,7.675022,-8.115507,1.4650193,-3.0621095,1.0148066,-2.603339
-413.4027,89.44655,-35.434322,41.204025,8.572108,-9.200777,-21.210026,-15.878154,-19.190594,0.64800876,-14.502274,-11.51272,10.841823,-10.424583,-1.6503187,5.3142333,-3.5204294,-7.230722,0.04765251,-7.0865626
-466.3792,71.327614,-26.440783,38.73866,2.0765908,-2.262218,-23.265955,-7.173872,-11.223785,4.814916,-5.9786873,-3.2833295,7.4533854,-6.665455,5.6605887,-3.671289,-0.055897363,-0.38212612,1.1573426,-3.8022401
-436.8817,84.32587,-26.731035,32.641663,2.877941,-1.705911,-17.832747,-13.197629,-19.23315,6.4292083,-5.6068587,-5.2354712,9.7811575,-5.4323444,7.2927012,-0.38587755,0.33777183,-0.9140223,-2.1461406,-1.6085886
-453.09186,101.65188,-30.536663,42.39129,6.393434,0.9250001,-21.005198,-13.9795475,-20.220188,7.063699,-9.524479,-1.7710831,5.488007,-11.193202,9.609495,-6.075648,-0.008102315,-2.019716,-0.13576712,-2.2098923
-438.34735,93.05637,-31.716894,47.65553,6.561508,-11.21109,-24.327612,-13.570427,-10.72498,1.5730138,-14.321902,-2.1516957,6.940355,-9.550317,5.7525954,-2.7569578,-4.420569,-3.1876266,-1.5873686,-7.3233385
-470.20984,102.309395,-24.871016,34.605602,6.0150228,-5.616331,-13.870604,-11.925213,-18.88888,6.0493464,-8.463611,-8.13969,11.351731,-5.5831466,3.3269417,-0.06400299,-2.7076073,-3.544918,-0.066080816,-4.2125945
-429.15945,64.081245,-29.114244,35.9435,-0.26098412,2.0743418,-17.484528,-6.491255,-20.350637,4.1814857,-3.5894527,-11.445409,6.241546,-8.133533,1.5936086,-3.7767012,0.057781275,-3.1071744,3.4989235,-3.0593612
-447.21643,110.81097,-36.88702,33.197647,-7.329299,-3.105284,-12.248752,-9.028857,-19.034578,7.1890435,-2.0468209,-2.8847039,3.2509851,-9.004378,7.5159626,-3.372442,-2.5913315,-3.903965,2.3492897,-3.8602276
-456.54306,99.564926,-33.992725,48.875305,6.395885,-5.3784018,-26.101763,-5.3752804,-13.79632,2.709475,-7.604865,-5.246166,2.6557624,-13.366029,9.3254,-0.9533352,-2.1875093,-0.16677304,-1.6809036,-3.7340539
-452.429,90.45174,-22.430527,29.296726,-2.3573906,-3.327187,-7.510145,-8.926942,-22.711277,7.5875187,0.3550402,-6.5724,5.586264,-3.1496522,5.678097,-2.8911848,-0.2625261,-2.8890386,0.40422875,-1.2556943
-396.71927,98.711296,-36.51522,47.643192,-1.934773,0.28782088,-20.050438,-13.074629,-24.732178,3.434988,-9.408147,-11.016222,4.8404336,-8.934154,4.160472,-5.9165363,-1.7861555,-6.879045,2.8775063,-4.991354
-425.64142,91.65594,-24.565735,44.35715,2.6690993,3.4664688,-16.533123,-12.01255,-29.834667,1.3913585,-11.107993,-12.150454,4.205148,-1.4505343,4.21958,-7.3251486,1.2432702,-8.481639,0.51291007,-6.3315735
-462.6028,106.0959,-30.404255,39.926216,-0.7157732,5.094817,-2.7859674,-8.3605175,-23.304918,3.1636534,-2.009075,-4.573858,2.672746,0.56401014,9.587412,-7.125826,2.2892413,-3.0782044,0.5015812,-0.5480448
-464.49817,109.495346,-29.607355,50.372498,4.7355976,-3.0194561,-11.37849,-8.081548,-29.73989,-4.0340705,-8.2804985,-7.2965245,3.4205973,-4.5205812,9.262432,-4.889189,-0.5506824,-1.8305495,0.948673,-4.1271105
-424.27386,114.161026,-40.263153,29.441366,-8.423853,-6.7942815,-0.8410739,-12.577487,-23.084652,5.1476026,-4.667332,-2.2078583,-0.46390527,-1.0114295,7.928393,-9.573622,-0.47654703,-4.7451167,-0.8651656,-4.6756024
-421.7524,115.85021,-32.284866,28.68996,6.5763183,-6.4583626,-7.1691337,-15.446662,-32.14709,3.159178,-4.3208046,-8.152808,0.66044575,-0.4718673,4.5782914,-6.0714393,-3.535401,-9.712686,-0.68023884,-4.550419
-457.53223,91.306725,-25.510784,52.387672,17.684278,-4.378036,-14.9890175,-14.598988,-19.527258,2.662567,-13.250805,-8.913457,4.477247,1.2695053,7.881647,-5.8845353,1.5717096,-4.2771125,-2.6227736,-2.104835
-426.57364,86.09254,-37.73666,47.822685,1.8213158,3.2688541,-19.655413,-7.314927,-18.066969,4.486978,-4.7882924,-13.388705,3.2144673,-1.6824726,3.1481128,-4.86796,7.0805593,-3.497463,-0.093727216,-3.6357458
-453.75473,77.094795,-29.2654,46.496803,-1.3947915,8.331233,-20.93668,-5.5436687,-19.258286,4.49987,-5.1320047,-10.578714,8.727,-2.5329185,8.172387,-5.009309,2.6070032,-2.8103225,2.4029334,-0.9260859
-414.95413,76.14178,-46.82921,52.932587,-2.958106,-0.014745166,-21.608692,-8.168722,-22.348375,7.988994,-0.18260688,-12.839051,4.4388194,0.4461866,8.348189,-5.906468,4.4942446,-5.6909018,0.74104744,-2.3874798
-424.10782,89.731346,-15.520361,34.536373,-2.9039118,-7.605606,-15.139947,-10.362188,-21.117886,-1.0492133,-10.221032,-6.865609,2.8846998,-7.8410387,3.2957442,-3.411579,-3.5366561,-3.638621,1.0755947,-5.1080465
-473.7476,96.48226,-21.702276,41.675976,4.7406244,-0.8237546,-16.853168,-12.003039,-16.954245,6.6019864,-5.9943137,-9.430521,1.2156254,-4.9010673,4.0525646,-4.3453665,3.297406,-4.5109468,1.6672295,-3.5427058
-440.7155,106.52975,-25.967949,30.526352,-0.6959949,-8.071918,-15.310676,-12.99803,-24.55852,4.6773367,-8.314822,-8.41998,8.264929,-8.651478,4.876342,-1.2800388,-3.5227442,-6.0773067,-3.479902,-4.802109
-469.9094,76.72175,-14.115961,30.796677,2.5104957,-0.5819272,-14.176185,-12.049326,-12.030151,0.86817235,-6.3015523,-4.3028865,9.402647,-5.5456676,6.0787525,3.4279454,-6.142835,-1.2575035,-2.0870543,-6.631716
-482.63724,102.49733,-20.91701,38.93977,4.8491807,-7.9589486,-9.349941,-13.260131,-13.487601,3.246313,-10.950717,-4.021559,6.4976797,-5.1982474,4.5257726,0.0182342,-2.8832521,-3.6943965,-0.8493174,-5.894543
-438.87314,96.35765,-38.543617,36.236706,-1.4734277,-1.7472459,-19.464819,-14.274456,-17.188215,5.63248,-7.6133857,-6.597654,8.71245,-6.4559917,5.3222466,-1.2515575,-3.929112,-5.5976996,-1.4128414,-7.76353
-468.5055,83.85678,-12.915618,34.249565,8.621605,-4.082515,-3.8520315,-9.343773,-20.967001,-1.2167557,-5.3576283,-3.9522579,0.6339847,-0.032503277,6.0804954,-7.6446037,-2.177173,-2.242578,-1.7678331,-3.7048662
-390.4706,108.98575,-39.056793,28.44613,11.497713,-6.673389,-17.808987,-11.167859,-27.150114,9.14911,-5.006947,-6.90204,10.747985,-8.103348,3.1021366,-2.4141052,-2.5566287,-5.117456,-0.17965662,-3.9645307
-473.63147,86.78051,-32.79361,50.241543,0.976163,1.9940509,-21.989092,-6.5913615,-16.448341,7.7471647,-7.2805233,-9.701345,3.915071,-6.6644635,10.379196,-6.1079764,2.7612913,-2.1105034,0.7220092,-4.3674207
-408.03702,111.32614,-40.269222,33.104713,7.5359926,-13.616923,-18.511663,-11.071914,-24.763187,2.0494618,-6.36983,-8.116495,-1.1908225,-11.306661,1.4574518,-7.1761823,-7.6040525,-2.4292588,1.1100042,-6.7958617
-480.6223,82.503,-15.396671,46.760323,6.658756,3.4454546,-12.286422,-8.846754,-20.653303,3.6262333,-2.8722005,-6.727409,2.8845665,-2.8105826,7.069122,-3.8859348,4.223492,-1.9623418,-1.689651,-0.7951714
-404.01782,107.70237,-32.442192,33.710697,6.830662,-9.935452,-4.285359,-9.595637,-28.19413,3.3491066,-7.032005,-7.1218815,3.9623926,-9.410272,1.5458412,-1.6702526,-2.036971,-5.979683,4.020563,-0.7071147
-395.6003,99.706184,-40.633373,42.83069,3.4949877,-5.8317113,-18.03701,-8.875971,-28.899727,6.693192,-9.644371,-9.163687,8.002764,-7.4753532,3.988683,-7.5007577,3.574693,-4.388785,-2.2892716,-2.0209317
-448.05298,99.34047,-33.99496,27.766386,1.8686445,-2.2582703,-10.547598,-7.604266,-24.193537,7.821397,-1.6848279,-4.9483237,1.958262,1.5807983,10.679646,-7.852725,1.9618491,-5.346821,-1.9349891,-2.6459143
-421.6732,93.399765,-37.33534,29.838343,-1.681734,4.628192,-15.973737,-4.609366,-29.416187,4.2188053,-0.76087135,-9.743093,6.2725472,-0.94078344,8.234046,-6.3173037,-0.80116576,-6.8095703,0.11191626,-4.1661086
-531.9644,119.404274,-17.65826,29.372778,10.732789,-11.643379,-12.367198,-13.509896,-10.015609,1.0859218,-7.3544974,4.344216,2.8393548,-2.982553,6.3813314,-2.323837,-1.5547978,-6.045001,0.8821735,3.329544
-474.90778,99.920685,-21.622974,35.70958,2.485645,-1.6542679,-0.36839008,-2.853791,-30.69764,-1.1654911,-8.572965,-4.3026333,4.5845795,-5.310114,8.005949,-7.500317,-3.57717,-1.8373176,-0.054462433,-3.9898124
-462.22653,98.38801,-27.544544,31.706459,-0.1642592,2.5814085,-9.899271,-7.149844,-25.204212,1.6578754,-3.904351,-7.858405,3.5169888,3.8388863,9.355282,-7.231638,2.2129557,-4.1892934,-0.09193756,-3.4235945
-433.5079,105.13889,-21.91713,28.558397,2.571455,-5.6675816,-0.040582784,-11.501762,-25.547512,0.4573706,-1.7046473,-6.406011,3.582414,-0.30356982,2.338349,0.019133642,-2.550201,-5.902816,-0.62407774,-4.7393727
-440.11798,81.38524,-21.930634,48.31502,6.164524,-5.6985865,-21.525627,-8.300663,-13.615676,1.799086,-12.874907,-7.109438,3.4064088,-9.211021,9.066154,-3.352446,-1.3339944,2.5050976,-0.69936055,-3.9699092
-404.28433,93.05723,-32.684532,42.73461,1.6567451,2.5475655,-22.731256,-8.787257,-27.191635,3.5310051,-9.451217,-13.01493,4.9073887,-6.7076516,4.370173,-7.8426127,1.4303246,-4.0076838,2.1761413,-4.455389
-399.18176,93.80542,-30.279682,48.246098,2.575049,3.0468004,-26.745619,-10.302856,-23.500544,-0.43902794,-11.6698475,-9.693027,2.4592617,-9.242921,6.321729,-8.059689,1.8109709,-4.7645564,1.7951559,-4.830392
-446.70334,77.46679,-19.5205,34.17961,5.007017,-2.9833047,-17.666492,-9.422372,-15.1227455,5.027362,-4.77978,-9.732897,8.826379,-5.1411242,3.950476,2.0199406,0.15404855,-3.4285185,-0.64697,-2.0719187
-472.022,100.80101,-14.850336,34.71562,-5.1518373,3.958599,-3.5515752,-10.3832035,-23.3627,2.9380648,-8.285337,-7.0453134,4.1659245,-6.4243917,4.4451065,-3.7222967,0.16825992,-4.042192,3.9376388,-1.6073214
-415.32874,81.6593,-25.91437,26.65368,2.3502111,-3.353897,-21.909756,-4.0995965,-19.091932,-0.22403897,-7.590159,-8.9639015,4.3147244,-5.8408513,4.674,-3.8910332,-0.44746494,0.08130865,0.6498483,-2.6262634
-482.5848,98.13863,-2.4772809,28.218838,0.34609953,-2.794338,-9.255379,-12.277659,-19.211382,-1.2266461,-5.7513757,-4.5499334,3.151658,-6.659717,4.2676716,-0.27948448,-2.194467,-1.1420468,-1.9087323,-4.842245
-457.51855,93.172035,-19.84708,38.68101,-2.5291314,6.5584927,-21.07119,-14.563591,-17.309542,2.2523444,-6.5975504,-9.256777,7.882041,-6.4120317,5.838638,-0.040876556,-4.173256,-1.7959943,-1.8055608,-8.225068
-449.9636,102.68682,-26.668324,40.605396,1.4100024,1.699845,-25.813343,-20.107801,-19.363297,6.262064,-7.9338913,-12.399497,12.360909,-5.794208,3.1655035,-1.7532661,-3.821979,-2.9766006,-1.9889523,-8.55615
-472.4325,100.11032,-20.819233,35.825924,12.594747,-5.5004706,-9.241456,-13.831377,-16.966805,1.3860399,-9.861217,-6.6239514,5.4126673,-6.605793,2.4788764,0.989912,-3.3375676,-3.3466685,-0.6659825,-3.7068853
-401.35944,95.16754,-42.993824,42.99869,9.204337,-5.2065372,-26.365738,-10.485828,-23.904163,4.170537,-9.970514,-9.685107,3.7408907,-9.392745,3.812965,-4.0741887,0.9886288,-2.1699219,2.0434947,-4.441597
-408.49615,73.86925,-26.317606,41.87945,1.2339643,1.1593373,-24.123236,-5.661705,-23.387203,3.139993,-7.8766794,-13.288342,5.5275064,-7.1404524,4.9078994,-7.602598,4.1300335,-4.9929867,-1.0629592,-1.954024
-414.37408,110.60745,-31.52291,36.816616,2.177841,-5.7177854,-16.194454,-14.786233,-18.571112,6.201361,-7.6126895,-9.89708,4.7151003,-5.471687,1.7303195,-4.5736647,2.4790041,-6.227744,-0.6670517,-2.6862159
-418.90692,96.838936,-30.73298,34.2993,8.997512,-1.8649997,-15.317217,-10.971386,-21.504194,3.3886762,-8.86971,-10.516272,3.5818727,-5.7815514,1.1320367,-4.399676,-0.32552582,-6.786129,1.5473231,-2.416469
-429.2314,81.57414,-29.438892,35.061962,-2.2568805,-2.2815795,-10.171573,-4.355257,-21.87218,4.0522194,-6.0496616,-10.110063,5.868407,-5.579394,5.178925,-2.376016,2.256461,-3.1869636,1.5904183,-1.6688061
-402.54926,113.28836,-47.9366,52.505905,9.119757,-11.6488285,-17.466574,-9.422532,-19.339947,4.8388705,-13.152456,-7.3617263,3.134258,-14.70894,5.332172,-3.1619537,-4.5989785,-4.612562,3.06172,-6.7636256
-450.67654,110.669464,-33.056095,53.340958,11.65055,-5.2629204,-11.6056385,-19.423323,-20.462654,-0.069042,-7.0159802,-8.775811,0.6623287,3.850625,4.0809875,-4.5218563,-2.6445508,-6.3372335,1.0577698,-5.735985
-459.20718,106.34318,-28.424204,37.861984,-3.0376468,-1.4230585,-3.6154077,-10.347111,-23.093365,1.4916096,-1.003379,-3.81906,-0.48999646,3.1860836,7.442324,-5.0449047,0.56784385,-4.8768578,0.92386764,-5.4281697
-437.70584,94.97533,-35.086723,35.42777,6.4055557,1.7028589,-8.742689,-9.742335,-24.261478,2.7424092,-3.562573,-7.5255456,2.2564785,0.7384914,11.249626,-5.5034046,-2.2753928,-4.3268795,-0.3659326,-3.5663974
-416.27887,123.44108,-44.51382,31.700575,1.2410319,-3.9458365,-6.8587093,-11.300727,-28.411348,2.21299,-0.9364241,-4.564812,-0.051407106,-4.3793206,10.34662,-4.6821494,-1.2796404,-3.1272202,-1.5910383,-6.3975544
-479.6747,95.304565,-33.556618,40.203995,-3.6347682,1.5870036,-17.345379,-9.48027,-21.059967,10.312679,-2.958204,-1.888106,11.0622635,-7.1603518,8.640475,-3.3131773,3.6271627,-7.790887,3.1904302,2.8450387
-467.3317,91.71784,-8.239883,40.399,-8.329526,-14.739579,-14.658667,-14.622168,-15.2439165,2.8770297,-5.374179,2.1940327,5.1801524,-3.0608647,8.815096,-6.8857074,-4.70642,-3.6888893,-0.12046547,-0.38278547
-453.273,65.93179,-10.672461,37.951744,4.519293,-8.736473,-14.712328,-8.508853,-13.630836,-0.40688795,-10.000006,-6.3634367,3.9888053,-6.02162,7.479511,2.6865914,-4.1104474,-1.3791772,-1.824728,-4.6438046
-533.92786,92.24794,-3.498856,43.545547,15.152277,-0.003792107,-11.5758505,-7.9567385,-13.571177,2.7977312,-8.212401,-0.38037038,2.2548513,-10.480419,6.0492225,-0.85112107,1.2762744,-0.414263,1.9087985,-0.48458937
-468.4635,97.11927,-16.535135,43.914234,11.33103,-3.736925,-15.959316,-13.101322,-17.330797,0.86375344,-2.488168,-2.755946,2.6823764,-11.054167,4.5037775,-6.0545597,-5.599557,0.2557122,-2.4874449,0.65050536
-437.8615,101.77219,-22.844088,34.81653,0.36124486,-1.3356612,-16.904282,-17.28693,-21.053658,7.906093,-9.985055,-3.0274026,11.636703,-8.428484,5.0159082,-3.3326268,1.0332897,-2.6288378,-0.09330248,-1.4543006
-504.46732,87.726814,-13.116366,32.07587,12.660675,1.7908765,-12.161541,-14.670832,-14.507171,5.7644963,-4.583191,-1.8008777,7.6137233,-3.8364508,7.12357,-0.99736613,-1.1708204,-1.1127677,-0.6655153,0.63552594
-448.6483,81.6139,-22.150013,46.76735,8.59387,-2.2377577,-21.55776,-15.931249,-20.34381,3.3126154,-9.0285225,-3.0211709,11.483957,-9.2519455,3.8063502,-1.7757493,-1.1514989,-2.8596187,0.43404543,-1.6917902
-472.67206,97.36736,-25.735853,35.15898,4.9309115,1.7665538,-16.467318,-14.942696,-18.467096,6.8727617,-6.094886,-4.1347933,9.264809,-5.861897,9.751138,-1.7304823,-0.8270509,-1.1944474,-1.0451293,-0.88295853
-391.5878,97.258095,-46.260033,47.30518,15.95809,-25.318003,-28.66886,-12.677298,-21.344084,2.0393522,-11.198077,-5.102147,8.298218,-12.009303,3.6523015,-6.0834346,-4.040055,-2.0364037,-2.5132296,0.52383775
-435.0816,71.17942,-27.181744,43.32883,-4.9050393,6.4457498,-31.70752,-2.7224154,-15.521111,4.4884305,-8.278361,-8.220872,5.7534904,-7.40885,12.823567,-4.271771,3.903673,-1.4539286,-4.6959414,-4.090732
-438.35275,101.59145,-37.049553,27.549334,-0.78914034,-9.293953,-15.721245,-6.432806,-14.471493,8.270491,-5.725038,-6.9079294,0.54624593,-7.6157303,10.832759,-0.50019056,-1.9304824,-5.203819,-3.9257956,-3.3538005
-480.74695,91.60963,-13.32979,35.579353,-5.507624,-1.870365,-15.246783,-9.771854,-8.475647,6.7849927,-3.0874658,4.796547,7.0203147,-1.5593146,11.643871,-3.9956925,0.46321088,-3.5977437,3.2563434,3.2799766
-511.75192,124.27237,-8.228257,32.222816,2.9539917,-2.7936046,-12.754623,-14.978779,-17.187206,4.096947,-6.415107,-0.49308917,8.980249,-4.3289437,4.765363,-2.2917821,1.3725573,-6.311903,-0.064653754,2.9048374
-405.28464,102.47554,-43.823288,26.032862,10.11064,-4.686838,-12.260804,-17.980473,-26.821468,3.9667916,-4.220737,-9.152506,3.0584848,-2.7031384,6.3942695,-3.2509139,-1.1442243,-1.706661,-5.4959583,-5.994501
-441.3775,102.73787,-30.257423,38.5081,6.5070343,-8.271731,-14.63046,-18.585144,-27.209284,6.4451475,-11.03143,-8.678474,13.932572,-4.535877,4.2541227,-1.1318088,-6.020053,-8.927383,0.6632697,-2.4824922
-452.51233,106.19552,-26.948877,43.072037,9.247498,-5.9778743,-14.642365,-15.710151,-16.095882,5.948581,-8.964157,-1.1263603,5.45855,-6.948448,8.135601,-3.9464486,-3.8418887,-5.6084414,1.1968801,-1.5559007
-411.69662,90.66206,-46.454098,53.20932,2.1656003,-7.071564,-25.145763,-8.001903,-17.402786,5.2017255,-12.762868,-3.8215861,4.127821,-15.357978,11.104762,-1.1457583,-1.6583713,-6.2090836,-1.7418308,-3.4964857
-381.53546,85.76894,-36.38938,27.587994,4.8244724,-11.442831,-19.680622,-11.274247,-20.767431,2.5782034,-9.928387,-10.949596,1.5433604,-8.82559,8.026924,1.0275931,-3.1782284,-5.157275,-4.281047,-2.5046723
-421.13287,83.21936,-27.206854,42.93789,-8.301704,-0.75902843,-22.254217,-9.8657255,-19.50859,2.578435,-10.926123,-8.924952,4.777782,-8.256283,7.291246,-5.3752484,0.66308355,-0.43333355,1.1394354,-7.11116
-467.81906,108.57228,-13.90991,21.31356,2.9812713,-8.657771,-6.1031337,-15.357647,-19.74604,3.4739525,-6.599527,-2.6519141,6.873566,-7.205848,5.409113,3.3997962,-1.9679168,-1.9739379,-0.43225077,-2.4930208
-505.88562,60.519608,-19.271746,42.607788,-0.3751076,6.0647283,-20.958141,-4.1006756,-12.720246,5.6703253,-1.3584714,-0.045494597,8.831766,-8.550473,11.189506,-3.0781324,2.3780873,0.2375517,-1.480553,3.9278033
-513.03345,77.828,-17.80442,33.14477,-3.3828218,1.7697797,-12.283136,-4.7675943,-8.920834,8.198005,0.8988386,1.8893255,7.749066,-4.126642,8.532764,-2.606518,2.0253155,-0.6678879,0.2830445,0.66912436
-457.26923,109.64405,-31.076002,47.679817,6.2459073,-3.4443867,-21.116365,-17.640963,-19.094177,4.3617597,-7.5087986,-2.3914335,8.303236,-10.19987,3.5414343,-6.884169,-0.7698879,-2.3335862,-3.1187663,-0.40873018
-444.94513,91.62785,-30.6952,44.288998,0.29200283,-9.121355,-18.982967,-13.740361,-12.718702,5.582988,-6.317376,-1.6392703,4.809932,-9.012225,4.1047745,-7.024388,-1.7874684,-1.2572951,-0.20079178,1.4121504
-519.72003,77.66358,-11.678973,51.213478,15.889018,1.0749898,-16.935246,-5.592258,-9.241581,4.366753,-5.010581,3.57874,3.9004922,-9.881352,11.209992,-1.6473479,1.0331273,-2.3908792,0.20785381,0.43150467
-432.57346,93.6973,-32.758446,60.7428,8.998812,-10.132311,-23.76359,-13.212631,-19.602451,0.85152197,-16.163544,-6.675994,3.6826744,-9.986625,6.3945546,-5.763279,0.5126962,-2.9193952,0.88137066,-7.6889944
-418.99185,99.30372,-27.974016,50.791977,-1.8919024,-9.439326,-25.23817,-6.4960704,-19.602234,-2.062329,-14.044632,-9.288917,2.53519,-14.6607065,13.26166,-3.7252026,-6.563204,-0.81832004,-5.359316,-4.163703
-436.934,90.72812,-25.65533,40.95989,5.973853,-2.7705073,-22.190594,-6.221324,-19.428026,6.123397,-8.4951935,-8.931531,5.7095017,-12.218085,9.599306,1.7390356,-2.0094354,-1.8218029,-1.8041563,-3.652509
-442.46747,112.80946,-32.529396,49.18904,8.489754,-10.412299,-15.095635,-14.497599,-19.151112,4.824903,-15.946113,-5.255915,5.950491,-6.75967,6.2717595,-4.2053957,1.0103002,-5.912041,-0.53713864,-4.11443
-473.06973,70.65181,-26.160995,48.277573,8.153796,11.033458,-24.940046,-16.267252,-17.341536,12.210124,-7.668413,-5.779819,12.198308,-5.979149,8.172748,-1.2068844,1.5454242,-3.7156866,3.2181423,-1.0399739
-441.44345,91.78843,-23.026834,40.30044,13.188389,-10.853057,-24.484842,-14.237679,-14.088363,3.1120498,-9.718266,-1.4115473,5.5954456,-5.5485106,6.6066484,-5.220234,-2.9012666,-5.105282,1.3590754,3.3991044
-374.26636,99.49563,-35.412655,34.61017,5.227388,-5.5808153,-5.9835234,-5.6948857,-19.942453,-2.417491,-10.505716,-2.3336835,2.1646774,-7.4090137,7.779549,-4.6223683,-4.207055,-2.4027019,0.6680138,-6.954638
-435.66348,81.86645,-30.042349,50.92779,8.704505,-5.0031395,-20.74505,-6.7161865,-21.796171,2.3523514,-8.097705,-7.4464493,5.36984,-6.4099803,6.71431,-5.415959,2.6510131,-3.5154364,0.68002135,-4.168847
-454.87128,73.589386,-12.152885,38.08687,-0.81147486,-0.32517433,-10.034035,-6.862184,-16.674438,2.275102,-0.0867786,-5.6079364,3.205289,-2.3959649,4.460608,-2.0089386,3.723929,-2.6773946,-1.6326132,-1.4142938
-447.40384,83.37969,-22.740812,27.338392,-4.227732,0.042379625,-14.641755,-10.607088,-19.72211,6.6230555,-1.18542,-3.1967723,5.1370096,-8.860357,7.968812,-4.651331,-1.0837876,-1.2408352,-3.5705695,-0.9781686
-434.41946,92.44134,-27.817305,32.019466,5.57888,-1.8313224,-13.853619,-12.665516,-17.796993,6.681165,-6.1953883,-8.330392,4.9341455,-6.725454,3.0976672,-0.76915836,1.5564357,-2.7575338,-0.54273283,-5.6406627
-487.1172,91.503334,-20.65271,41.181477,3.036103,3.6111455,-11.938059,-9.274904,-15.910529,2.912257,-4.4098973,-2.4580364,7.320961,-7.164383,7.6816154,-3.8603172,-3.3945806,-1.6372195,-3.126777,-1.1993161
-466.82532,84.006004,-22.313818,37.373222,-5.6391907,1.7724415,-16.812315,-9.859498,-17.354568,6.4314914,-3.1507473,-2.0475595,8.697024,-6.441394,9.632955,-5.2788086,-0.30890444,-1.0650367,-1.362211,0.20627093
-466.09952,85.93194,-16.252234,38.780888,3.2412558,0.8830909,-21.186256,-8.933305,-23.875275,1.5947192,-1.2361046,-3.7327466,8.242612,-8.430493,4.622994,-4.4891906,2.0451393,-2.5342312,-0.88136995,0.8762584
-475.16867,111.08443,-26.063519,30.544804,6.390312,-4.3069425,-11.758296,-15.32151,-22.800783,8.023461,-5.6718307,-3.9747136,7.348065,-6.0544276,9.149331,-1.2825737,0.2902453,-1.9088653,-0.5835196,-1.6054984
-417.31168,109.918945,-26.402214,30.329103,-5.7171583,-10.213423,-19.59245,-11.77291,-21.563871,1.9822636,-5.6217937,-5.2787867,2.4377155,-6.295561,9.143814,-8.914123,-2.0919237,-2.2766678,-3.655966,-2.8280075
-470.10043,86.028404,-21.265371,42.08753,1.0266393,2.0793695,-20.506989,-6.9588842,-18.306091,2.9784925,-4.72354,-0.9330467,8.345818,-11.213031,9.731939,-5.557419,-2.19334,-0.09862879,-2.1263382,-1.3952335
-471.32465,73.03905,-15.582161,46.698467,3.7575567,4.896036,-19.749996,-6.5004163,-17.144358,4.069782,-7.1759844,-8.785177,6.1373763,-8.244432,5.54072,-4.2418756,-0.53571904,-1.8427695,2.4740949,-5.6940093
-412.82877,103.48586,-33.23092,43.09523,-5.1264586,-5.7710834,-17.309303,-11.350344,-22.62699,4.352631,-10.803331,-5.8372173,5.975413,-15.175895,11.898597,-6.962792,-6.4218664,0.89176196,-5.9594917,-5.4461274
-424.3648,75.646255,-44.60025,44.508698,5.278558,-2.067362,-18.181877,-7.820564,-20.406733,8.525712,-2.750158,-9.66951,5.4071045,-4.245836,4.866683,-4.222056,5.4058075,-4.741733,-0.37423918,-0.14097862
-442.40143,104.960335,-30.689512,36.803223,3.342885,-0.46259817,-14.415352,-14.7099905,-22.646437,4.622617,-9.579753,-10.133017,5.2219467,-5.1816006,3.8353982,-2.3258398,2.1746275,-6.110221,0.97091025,-5.5583463
-355.4765,109.900604,-40.11404,36.269783,-2.6616166,-8.523543,-9.522548,-0.7320807,-22.830582,-2.6254911,-11.301267,-2.2275388,-1.6692542,-12.500306,8.015099,-8.885668,-3.2445357,-3.6112838,2.8095474,-6.2317686
-482.8412,107.86268,-15.97018,39.82708,7.2953315,-9.152189,-22.164375,-15.740969,-10.307188,2.035799,-8.006779,3.3866334,4.1683636,-3.0994463,8.76001,-7.321173,-3.4622412,-2.382673,2.2385848,1.3659441
-479.99725,102.84677,-21.8306,38.075947,-1.2717285,2.9813373,-9.573381,-10.274954,-22.390898,-1.2154136,-3.4975348,-3.2108963,1.3366405,0.92955726,10.039252,-8.732145,2.813286,-2.3093119,-2.1639047,-1.2593685
-436.94406,95.89861,-27.383228,38.678486,6.6081104,-2.9253595,-3.8390284,-2.536618,-14.941241,4.569759,-6.748595,-1.885558,0.386316,-7.4169965,9.808978,-7.200235,-2.5323822,-0.147647,-0.74561363,-3.898906
-463.61957,104.4876,-22.260136,36.542202,2.9012218,-12.520227,-14.273141,-13.114231,-14.746128,2.2862864,-7.131597,0.31104937,4.2893314,-4.821238,8.092018,-6.4866533,-6.2147436,-3.5414872,-0.88026667,-1.5010555
-446.17847,112.458855,-30.585386,23.905111,-0.2729796,-8.488862,-13.553841,-4.3277025,-14.299246,0.88097036,-1.8368604,-4.8422627,-3.356664,-7.3066044,8.118773,-0.9580515,-3.0294275,-5.066602,-1.1248487,-1.3742305
-425.8144,78.82808,-27.249392,31.114319,-0.42451707,-4.43259,-5.6590667,-9.677071,-21.85189,5.758061,-5.7893553,-7.7926965,7.7803445,-3.3206763,2.0824957,-0.28125668,4.27455,-3.7582004,-0.41005096,-2.064969
-470.23032,76.27267,-25.405712,49.480423,8.386868,-5.286872,-15.438646,-12.251961,-14.778135,-0.47268483,-13.587372,-5.070207,8.471016,-9.687071,4.713778,-4.165867,-4.8831644,0.08228288,-2.0269563,-4.5125537
-446.1712,109.42063,-28.083813,27.130123,-1.7194436,-13.853306,-12.189033,-15.72927,-22.2588,8.018867,-6.907791,-4.9476075,9.234539,-8.519034,3.0474696,-2.8245318,-2.9624126,-1.9325039,-2.1604288,-1.0588831
-449.79044,103.53104,-16.968946,33.362167,-11.7302065,-8.098312,-14.479916,-11.29659,-22.089468,7.748669,-5.5504737,-5.4954996,8.618945,-7.0454144,7.2557116,-2.9604023,-0.24666873,-3.4316754,-3.924207,-2.8709614
-517.7179,74.90874,-17.598988,60.28767,1.5268443,6.5627203,-24.97145,-4.993747,-11.367618,3.9670894,-7.81621,1.0563784,10.7596445,-9.235941,10.924982,-4.3892603,3.1299818,-1.1624334,-0.9677727,0.6614143
-446.19464,107.76718,-36.82448,34.489758,4.2117476,-11.662444,-18.473328,-12.022715,-16.633774,5.8426976,-5.5678,-1.7375021,7.0358896,-9.519657,4.8723116,-4.1086187,-0.6627713,-4.579227,-3.8678057,0.23410241
-424.21936,104.17082,-33.83895,46.253006,10.020491,-9.6038885,-20.3793,-10.727824,-19.583784,2.231456,-9.478612,-2.846466,5.793056,-13.918041,5.199572,-5.389245,-3.6812735,-2.9219284,-2.390686,-1.7653105
-453.6717,77.6233,-9.982479,37.383694,9.415001,-6.451071,-7.1411986,-8.858281,-12.71067,3.3154068,-7.451124,-5.4383855,3.8456268,-3.583815,3.745834,-0.90552706,2.7278187,-0.5919298,-0.46884748,-0.66132325
-439.4381,84.3215,-16.681515,34.68119,2.0320086,-3.6793268,-18.143175,-4.5164623,-9.960007,1.5942543,-4.560585,-5.8918643,-2.3504412,-4.7197413,13.911938,-4.228191,-2.3917887,-1.8717139,1.0437404,4.3914433
-488.17807,82.557365,-22.802286,45.666077,11.603168,0.07942755,-20.101551,-8.427745,-14.759594,3.7786214,-12.626601,-2.0649514,9.899058,-6.875263,6.3543835,-4.1973767,-0.8388771,-4.1785436,3.2593584,-0.35952199
-461.89752,93.277855,-28.201073,44.743782,-0.71593815,3.0499458,-13.368928,-9.664946,-26.697905,-0.09597899,-2.8151395,-7.4303145,0.1341564,0.025321884,9.814634,-6.787195,3.2510543,-3.8823411,-0.8934592,-3.6094282
-448.63806,85.53103,-32.43094,46.974648,3.7317877,5.5413737,-16.546268,-10.552846,-26.97303,-0.6892721,-9.266703,-10.808012,0.30873433,-0.16388491,12.3921585,-8.891712,4.9909244,-2.7796996,-4.649926,-4.484329
-485.15854,105.21711,-14.300893,35.605698,2.928955,-8.882378,-15.388905,-17.47479,-13.192225,7.8942595,-10.54473,-1.5338596,8.509984,-3.0223346,7.5401287,-4.322578,-3.602125,-5.344392,0.004199099,1.4846089
-504.2833,105.12369,-18.932072,38.110615,8.0612135,-13.614873,-15.999227,-13.808437,-9.095689,5.073333,-8.049416,3.157528,4.817482,-2.2758691,10.73591,-3.6076446,-1.9026054,-3.4918823,-0.9898669,1.0017298
-416.63464,89.93189,-33.78586,37.605938,-0.8715026,-2.8426137,-18.397318,-8.492617,-22.90742,5.222214,-7.038282,-9.1152525,4.4569616,-8.238693,5.2299314,-5.1489205,1.7819973,-4.1039906,0.18321933,-5.554305
-421.36282,96.98578,-39.530663,42.960682,5.722503,-5.6154475,-15.3418255,-14.090489,-21.829853,5.9155917,-7.721177,-11.068241,3.5894723,-5.0079036,4.074755,-3.5901809,1.8508347,-6.343375,-0.33495077,-4.419809
-457.97888,97.79159,-22.84069,30.152224,10.513829,-11.621898,-9.836922,-6.6536083,-14.869791,4.2453823,-10.320962,-6.036154,3.9485579,-9.313014,2.6221378,0.59894687,-2.208649,-3.2025187,-0.25129652,-4.046059
-420.25864,93.00625,-22.339144,38.43075,-4.497327,-12.897766,-10.306678,-12.099101,-19.624567,5.645709,-9.982096,-5.803082,7.824256,-8.782267,6.5762873,-4.5779667,-4.830107,-1.4991025,-4.705128,-5.07344
-428.59744,96.72972,-12.482706,37.687828,7.0150075,-18.92198,-18.27036,-7.908875,-18.740627,-4.4363017,-5.8066535,-8.583064,2.5158563,-10.998453,2.957894,0.90385395,-6.7087626,-0.4394145,-0.69574577,-4.2075963
-484.78085,79.78977,-23.372723,61.695972,6.0043635,1.7532698,-26.160929,-8.319342,-16.092825,3.403773,-10.723921,-0.40694696,10.261823,-11.397516,9.798161,-7.145592,0.55268466,-0.418651,-1.4803039,-1.0523121
-470.26004,125.52716,-21.95797,32.16248,-3.4486732,-16.51265,-12.593451,-15.375925,-16.089712,10.131657,-6.3420486,-2.3922796,3.038578,-7.32348,7.037521,-2.6162677,1.1303418,-1.8137641,0.7150849,-1.8995509
-433.87036,96.28547,-34.54865,54.273815,6.0396833,-9.635931,-24.655872,-15.45234,-17.827282,3.7148628,-7.4668117,-2.1875038,6.0233374,-9.255424,7.912102,-7.2514,-1.5652891,-2.144845,-3.0436594,-0.58380914
-439.89667,107.93585,-30.166874,27.568346,8.648678,-11.826103,-14.771837,-9.22039,-23.473505,4.3226905,-2.4133596,-5.511757,3.2838604,-10.029868,2.5973482,-4.5990562,-1.3357444,-3.6181474,-3.0446296,-2.1027114
-465.3983,85.71986,-23.180115,46.27601,14.41776,-3.5923266,-17.050743,-10.449874,-12.299364,1.4330871,-9.195873,-2.5269723,6.157385,-9.074783,6.520698,-3.8946047,-2.1066687,-2.495318,-4.1269307,-0.012058551
-443.02057,79.5169,-28.0447,50.943394,2.3735397,-4.488277,-26.081093,-10.902005,-17.323475,1.49109,-6.883029,-3.2377858,9.020944,-10.070371,7.544032,-4.778925,-1.0086229,-1.3682433,-3.9665544,-2.4822598
-409.6333,102.66869,-24.953503,47.379017,4.7083526,-16.633017,-23.165075,-6.662966,-22.807793,-3.2526507,-8.2637825,-4.346341,6.391654,-12.842257,6.845011,-5.6157627,-4.562498,-1.6209805,-2.431098,-1.911908
-442.48782,90.36007,-29.094193,32.79408,0.31948408,-4.4429164,-18.40717,-17.658285,-18.829067,4.6365347,-8.248876,-4.1474905,9.353697,-8.36531,6.1006584,1.3384346,-4.3143635,-3.4911232,-2.5232413,-4.186352
-453.67957,99.016914,-24.108187,28.004255,5.584325,-5.1241016,-9.312383,-6.240699,-18.040375,5.901439,-6.8575206,-5.6199574,4.6085663,-9.3759775,2.5891752,-1.2347063,-3.2583427,-3.5620396,3.3844066,-3.4722714
-406.8507,95.10263,-27.241621,27.399446,-1.9505901,-8.1909075,-5.1210947,-15.18254,-26.953957,0.33046967,-6.021663,-10.071828,3.4904578,-3.3829877,1.6903135,-0.36897573,-0.10474997,-4.8936553,-1.0301837,-4.0041804
-449.57214,89.074165,-28.716698,47.93101,4.1863275,-1.1744192,-18.28829,-11.018107,-17.456224,5.182253,-12.755082,-6.7122135,4.0722494,-6.6714377,7.664123,-5.736448,0.45711637,-0.55568635,3.7683272,-5.4089904
-475.84695,96.11579,-27.218184,48.252563,9.869701,-8.504852,-26.77679,-14.4418,-11.244253,2.9995618,-8.330459,2.7813509,4.2515583,-5.5228205,11.500927,-7.461937,-2.6339235,-3.8743765,0.032291718,3.3888469
-509.3465,100.36381,-11.755046,49.642857,2.0625026,3.798635,-15.514121,-2.5460024,-26.47205,-5.9326935,-3.6839426,-0.74278706,5.098724,-5.6421776,9.3778925,-11.446514,-5.386853,-0.8845206,-1.3109275,-4.174295
-478.84018,87.84647,-15.746447,51.11005,6.9278774,-11.040833,-18.909346,-10.255663,-12.198729,-2.8572488,-9.193909,1.7620034,6.2674794,-5.3174605,8.821933,-3.6418123,-5.8636627,-5.6293073,-0.75532985,1.6627396
-466.06787,101.020515,-23.02587,43.791607,3.6822762,-9.5318775,-16.323973,-16.77097,-14.743038,4.517727,-11.416345,1.1256149,6.3682427,-10.174171,7.800299,-6.58906,-7.1092625,-4.872585,0.11966332,2.0635276
-471.10205,100.90823,-32.433693,51.810654,-8.00803,13.711719,-21.765976,-8.451876,-28.763807,2.1727824,-6.6686745,-6.6030793,2.3589215,1.5747182,15.35249,-11.327759,6.55875,-7.5189853,-1.939971,-5.360876
-433.82898,105.19772,-27.595272,31.507053,-0.5376871,-8.483874,-8.215366,-9.95741,-21.767881,3.0382855,-8.764827,-8.152777,1.3145318,-5.4981956,4.6453476,-4.7904778,0.00995998,-3.3794541,1.7333881,-4.2435336
-458.45334,86.971405,-18.039724,41.06384,3.8017797,-7.1208515,-15.180024,-7.831708,-24.544437,4.664651,-8.822279,-10.395284,6.622741,-8.843254,3.391237,-1.0358819,-2.0208156,-3.0499425,1.7044401,-6.0049925
-431.6626,114.85334,-30.267334,29.77175,-10.356097,0.64114356,-7.431003,-5.089668,-28.338104,6.481966,-4.1279316,-13.098689,5.773158,-7.7559414,3.2199981,-4.607801,2.2919917,-6.6661744,-3.1026192,-2.9419193
-455.7695,91.87389,-17.73638,26.492199,3.4645102,6.1406813,-11.545821,-7.707329,-16.66974,3.835182,-5.8018217,-8.305757,4.199121,-5.1063395,2.711293,-3.0766668,4.4604273,-3.062306,-0.813708,-2.3672814
-447.38232,111.68036,-36.859383,52.076572,6.174344,-5.219121,-25.556744,-5.177793,-22.064274,4.6638746,-10.322403,-10.137651,6.0278172,-12.880188,4.2774777,-4.1938024,-3.924038,-4.636728,1.2430468,-10.479675
-456.16525,87.93134,-23.388426,41.266933,14.218229,-1.5570817,-23.108002,-12.236139,-11.324429,5.840996,-3.921053,-5.016115,7.5147624,-3.1842482,6.722249,-4.8415737,-0.92442966,-1.0603491,-2.3009992,0.0024840161
-479.719,93.4857,-8.82148,39.98015,8.3008995,-3.4453301,-9.699517,-10.018686,-19.635534,3.5358639,-13.139403,-7.495532,8.6734085,-9.049138,2.3156462,-0.57566965,-3.4613073,-5.0629807,-0.6797618,-2.3299391
-432.31903,93.326775,-19.554792,49.8924,10.741794,-11.306641,-21.588936,-15.385994,-24.443747,3.2716117,-9.636299,-6.872788,7.6736145,-12.200011,5.182751,-2.968973,-5.719799,-2.0056276,-0.96483487,-2.8055096
-471.75043,103.45892,-30.643147,36.865448,7.2815986,-0.7205044,-19.827366,-15.370032,-18.901844,7.2188826,-6.54311,-2.9522247,10.035673,-9.977787,8.212966,-1.9635803,0.7775131,0.46795997,-3.0309803,0.18251683
-423.77414,96.43173,-25.143017,38.50523,3.6358657,-15.069117,-16.806171,-11.666568,-24.042866,1.2325497,-8.490277,-5.8888783,7.972369,-9.169889,4.545414,-4.9780235,-2.3750496,-0.6551645,-4.673124,-2.7807884
-491.91376,104.734245,-25.60297,37.132343,15.563477,-5.2707,-17.1129,-5.0221896,-16.386917,5.4216285,-2.67197,-3.0313475,5.8296013,-8.720083,4.856586,-4.2448497,-2.991706,-2.8492079,-0.35735422,0.2617669
-407.49933,102.95962,-37.255898,27.886097,8.605133,-18.637602,-14.958438,-7.5676746,-14.953986,1.3040317,-3.5319657,-1.8882388,-0.91963243,-8.510509,4.5638585,-4.2313924,-3.0222294,-4.707447,-1.3248001,0.36429605
-409.9541,104.53006,-37.65431,34.132202,9.655635,-11.026359,-24.713453,-14.13801,-19.532982,6.2280235,-5.5847564,-5.2723007,7.820502,-9.519283,6.359325,-5.0844307,-3.4508302,-1.6611575,-4.471907,-1.9080573
-439.4047,112.19868,-25.311872,23.345728,7.3894525,-4.0477023,-11.68795,-9.78366,-22.514671,8.670807,-5.392859,-7.154144,4.454732,-5.528496,5.360808,-0.29219165,1.5836722,-3.910219,2.4431682,-3.4718912
-465.36603,98.33506,-18.449,56.90644,7.212937,2.9141932,-17.470016,-12.635797,-24.384357,3.3787954,-8.087676,-10.723839,2.3045697,-8.323969,4.5138836,-8.532539,1.4658439,0.01913153,-1.1447419,-5.0221324
-452.15826,77.63342,-18.791805,41.77457,0.5201175,7.6324787,-26.688873,-6.23343,-18.76903,4.411743,-8.123954,-6.635851,7.6574535,-7.3013077,7.9088755,-4.4008493,1.9829894,-2.7278235,0.26427302,-5.3369527
-454.83997,91.94497,-33.572662,54.168407,3.4495997,-8.943196,-12.816763,-5.0501676,-19.498346,2.4144282,-3.7964222,-6.9826217,3.8033392,-5.8524575,3.2168486,-5.1681695,1.6704831,-2.69792,3.1887856,-3.336546
-504.3487,104.04588,-19.45742,42.902676,1.5053213,3.7698648,-3.5106323,-7.99517,-20.69452,-1.6761178,-8.7473,-5.024518,3.0029845,0.0865088,6.9504023,-7.3499045,1.3741057,-5.5553756,-2.7200942,-1.0060608
-456.4811,75.916504,-22.501394,58.711224,15.523371,-6.381328,-26.058767,-15.54878,-9.731721,4.5940022,-13.362228,-2.1107533,8.082211,-7.347924,6.4220657,-5.959506,-2.4635258,-3.5237489,-0.02964644,1.978252
-516.49304,109.93919,-22.769976,56.502388,10.324662,-11.890784,-15.96134,-18.08349,-11.511568,2.6989348,-10.676488,5.956955,4.787809,-5.0448394,10.194427,-5.479333,-2.4801745,-3.9866192,1.2412466,1.1504122
-489.6214,115.12531,-18.160437,42.73895,6.502182,-21.378952,-10.454359,-14.656086,-15.033703,7.8718753,-8.406553,3.9444592,5.6177135,-7.6167192,7.596433,-2.2433639,-5.2963605,-6.0281143,4.358193,2.2520306
-430.88132,98.42222,-33.494667,37.785477,4.7679014,-4.690746,-22.650558,-6.4227934,-15.674802,7.1901774,-11.321598,-4.557345,4.90585,-9.10205,11.596449,-1.3945776,2.023623,-3.0241055,-1.3250251,-4.1930366
-419.763,93.61388,-30.9758,30.510927,1.9071722,-6.328204,-11.485483,-11.445107,-23.3996,4.659381,-4.6169305,-8.039964,4.2231493,-4.8252935,4.847993,-0.4730356,0.30418932,-4.5097594,1.9304186,-4.41108
-424.8339,80.59788,-41.91029,37.211136,-3.8385231,3.8151116,-17.610586,-5.755256,-18.999962,10.887037,-4.389728,-11.102063,4.437548,-4.701576,7.164943,-5.7866044,6.963197,-6.0295267,-1.2806492,-1.8509288
-412.12646,68.42916,-34.15889,37.476498,5.0442514,-0.6658786,-15.580766,-6.1349196,-20.219376,7.914224,-2.9847198,-9.644849,6.236679,-4.670083,2.4077077,-0.41415405,2.9852273,-7.3735147,3.9083648,-0.1856128
-427.09668,91.04548,-28.74699,42.120426,7.894597,-7.465573,-25.48708,-8.442751,-20.255785,2.543049,-2.7616987,-1.1554186,8.2053175,-10.441836,5.5979757,-5.0275526,-3.4544897,-2.6918569,-2.4416404,-0.79263824
-507.50638,108.2162,-20.823126,41.73479,15.474438,-5.784256,-15.440947,-13.9514675,-10.151282,5.427361,-10.389414,-0.7801139,6.4023423,-4.7020345,6.9276137,-4.223197,1.9469416,-0.49006623,-1.2530671,-0.1710056
-455.83963,78.24269,-20.316517,30.969807,10.5288,1.003422,-20.34799,-10.590447,-19.783146,2.9012048,-5.3925962,-1.9983469,5.6631484,-8.125113,5.991453,-4.1422224,3.1264048,-2.198787,-0.7787876,1.74972
-464.63196,79.00422,-18.173697,32.813755,3.2344935,1.0108279,-25.049685,-5.3516226,-13.982642,6.464756,-2.087486,-4.895725,6.2425294,-6.4487057,8.436163,-3.75795,5.612633,-0.9749307,-4.3917627,-0.6127067
-453.73886,99.933105,-8.2134905,20.836542,4.6880965,-12.779112,-10.693462,-9.521377,-20.797258,-1.1016768,2.0314229,-3.5289247,1.8642887,-6.1843963,2.2281013,2.34187,-3.729408,-3.1019251,-0.99938005,-4.3572726
-490.68033,86.58552,-20.63488,32.01843,-0.036028434,-2.5963542,-18.860294,-12.793352,-18.655514,6.8525186,-7.8026476,-4.393245,12.046836,-4.594825,5.3219547,-0.10553952,2.1882696,-3.073171,-0.17274873,-1.2177643
-465.60098,107.70867,-39.67434,47.232403,9.027589,-4.754522,-14.310171,-16.350391,-10.974668,4.9983273,-8.4678755,-1.2122599,1.7260551,-7.0922537,8.819606,-4.22496,-1.24732,-2.4680166,-0.7061542,-2.0748856
-434.47665,91.38273,-38.86201,31.267195,8.437255,-9.959399,-17.481102,-8.669412,-16.806183,6.780326,-3.8423557,-4.0503078,6.002929,-7.9888186,6.579107,-3.195239,-1.7816186,-3.719322,-2.6030655,1.0800405
-424.81735,97.19246,-21.778954,31.216358,0.17940007,-1.5667982,-11.334185,-10.490548,-21.855568,4.192995,-2.7322772,-9.153653,4.6417613,-5.730795,2.190726,-2.7681866,1.1203653,-3.237063,0.27893192,-2.6863883
-437.02335,106.11778,-25.9115,26.429514,2.3390596,-7.775928,-4.6497397,-9.935534,-20.806782,5.8984833,-5.8702955,-6.599299,1.4083451,-3.4935122,0.94924015,-4.5947366,4.226645,-4.479077,0.26000035,-2.6830804
-501.56387,75.66352,-23.991423,17.807655,12.382301,-2.0701485,-7.0893345,-10.0096855,-18.04011,9.947643,-3.3649325,-1.6993463,9.785076,-2.2831583,4.8698945,0.5759859,2.9791958,-3.9273968,-0.44673613,-0.17293465
-439.33533,72.6071,-18.340128,29.80314,-0.98273057,-3.7695713,-16.527142,-7.589409,-15.905957,3.554401,-4.435538,-5.358799,3.9929047,-5.133519,7.400978,-1.3542615,0.17365685,-3.3448794,-3.2933216,-0.6380909
-475.37357,96.96657,-23.193417,27.378084,0.24547993,-6.530106,-16.148144,-18.063372,-15.7188835,4.7133,-5.8517013,1.0087657,10.250448,-5.0788445,5.427059,-3.6653926,-5.4974966,-4.4059305,0.7575729,1.6439121
-463.68222,97.2916,-20.222307,45.608685,-11.444115,-16.948786,-7.795875,-9.290448,-9.099672,3.5347846,-8.799534,0.45887306,2.4416409,-6.4556727,11.177465,-3.8821187,-5.5921793,-1.5703106,0.6466277,0.35421112
-441.79816,78.10336,-28.945417,44.303204,-2.7039003,-2.5828388,-19.38725,-10.882722,-18.92219,10.059665,-5.2906423,-7.988226,13.085367,-7.83773,5.9921913,-0.33738682,-2.5006764,-3.9873986,1.6449798,-3.9731402
-491.39014,88.8789,-25.943493,34.733772,1.8165526,-1.6422421,-19.754839,-9.220216,-10.359643,3.6821308,-3.8645632,2.3914082,6.544102,-2.6418688,10.112789,-4.2943153,-1.3267279,-4.2004814,1.8775972,3.1014006
-474.5144,122.00352,-28.034462,37.248436,-6.530225,-7.4508357,-15.499363,-13.010883,-13.49387,5.0907645,-8.50435,0.74557155,2.4071946,-6.0652575,10.690146,-7.076022,-4.451324,-7.213303,1.3915454,-0.6786986
-451.04767,89.20703,-26.568932,29.58856,-1.8637732,1.5786109,-6.045157,-7.916751,-13.427935,6.015133,-0.16042545,-5.177919,0.19940099,-1.266731,2.7982235,-4.107191,2.1738756,-1.9254819,1.6685561,-4.423095
-458.28714,117.393906,-44.1218,24.329708,-0.045252617,-6.5623765,-6.7966094,-5.934578,-15.142994,9.134135,-5.1268015,-10.131811,2.90668,-4.029594,2.9006448,-1.700064,1.1480457,-4.9181414,1.9049537,-3.764532
-419.72763,112.00116,-34.56439,36.83185,2.7247918,-7.5066643,-13.6545,-10.065066,-26.078413,9.027255,-6.6389976,-12.551528,1.7777635,-8.589594,5.427043,-5.2405763,0.800109,-4.8306875,0.10805986,-4.417085
-416.19437,92.46114,-36.484447,47.71012,4.338481,-9.537539,-27.951788,-8.659023,-17.173141,3.1221292,-7.343294,-5.80666,7.046327,-7.245621,8.396955,-8.769189,-0.02409475,-2.394012,-5.62812,0.11431863
-459.03574,89.357735,-16.178951,37.613754,3.1635826,-9.4697,-8.892108,-10.623468,-13.685924,3.7348213,-7.5374584,-0.8798259,4.7182918,-6.511,6.1664295,-5.91602,-3.6260684,-3.855826,-2.878484,0.06811415
-468.3197,78.273926,-13.206365,51.90583,7.1126833,-6.1675873,-16.404205,-14.140017,-13.142778,3.1588628,-9.110648,-1.5677006,8.807541,-5.256654,8.36428,-1.8595568,-2.4649115,0.8371672,-0.5830096,-2.4241483
-445.1119,76.20112,-33.004036,39.679638,9.880327,-0.916401,-18.59008,-15.232964,-16.870438,8.118562,-6.249938,-5.203717,9.507496,-6.9428244,4.406659,-1.1110504,0.3240751,-3.5864704,-1.1088151,-1.6201326
-461.6273,81.45309,-24.771118,53.124752,0.19318981,-5.294419,-19.11883,-6.023474,-16.544199,3.6916304,-5.591457,0.4677043,10.398273,-7.2730618,6.4763894,-6.193155,1.9756418,-1.9059525,-1.3592707,-0.12331593
-427.48685,90.920105,-33.82852,49.76447,3.1088915,-14.835291,-19.860855,-17.023504,-16.55767,6.0130496,-9.477534,-0.21501188,3.7028809,-11.001929,8.085859,-6.2832794,-0.7107341,-1.7140977,-2.4495585,-1.0540015
-439.8071,111.83825,-37.129612,27.934534,9.080001,-5.3617764,-21.61797,-17.180212,-20.895721,9.6426525,-9.051596,-3.6037462,10.891719,-8.30567,4.3669443,-5.904757,-0.20568049,-5.1948557,-2.8952408,-1.2798933
-468.70108,95.79175,-33.347954,41.006306,10.931677,-9.293828,-17.380934,-9.843132,-19.012327,7.5574727,-5.0275373,-3.288324,7.3876038,-8.321209,7.3615313,-2.076451,-0.7197781,-2.027834,-1.1510284,1.2598698
-438.2291,82.88258,-21.551165,49.19964,6.939299,-3.3897386,-21.222523,-14.576979,-18.639078,0.4458476,-10.265061,-4.168055,8.394255,-8.632814,7.3111205,-3.8892937,-1.0781531,-2.9920864,-4.8522477,-1.9209642
-428.23557,92.13745,-27.932934,41.088634,5.579898,-6.116454,-25.288115,-6.043675,-20.038343,0.3444282,-8.414474,-4.519795,8.424172,-10.021105,5.7936106,-8.196323,1.6744487,-1.2862225,-3.3184667,0.85861903
-463.08026,86.853966,-6.549777,41.415993,11.860001,-1.0198301,-14.454445,-6.86032,-22.472277,-3.1224504,-6.8999896,-7.5148916,1.0065441,-8.756538,3.0101445,-6.33343,-2.6309307,-1.9282992,1.1281466,-3.4636738
-425.5507,106.334526,-26.20249,49.885204,12.7631235,-12.138222,-13.332571,-17.029552,-24.672274,2.653378,-18.102764,-11.718581,4.0910883,-13.575153,4.385903,-2.6891403,-6.055276,-2.960414,-0.10048691,-8.065905
-527.1729,55.771843,-12.427996,38.133476,14.406898,-1.4895779,-11.439544,-3.5304942,2.819743,6.7639647,-6.950718,6.0401683,9.4906645,0.0105537195,12.660667,3.444887,3.6534789,3.9350955,0.57973474,-0.3074324
-449.62152,102.89887,-33.69424,55.13908,13.829311,-16.06067,-23.5985,-20.001448,-13.030003,2.5810413,-13.235225,-1.7419502,3.5949955,-7.7461214,7.042815,-8.269914,-6.476808,-3.050886,0.84864056,0.7752103
-485.03647,94.99989,-29.381813,50.183105,-1.9810547,-1.2530191,-20.285547,-12.639869,-10.106489,7.3254294,-7.2790933,-0.18696009,4.5419507,-5.992947,11.3253765,-8.310886,-2.4563298,-3.1490693,1.4027501,1.9901724
-477.39426,94.590744,-23.998291,42.34012,-1.1918346,4.73479,-17.805698,-12.104218,-16.313652,5.042353,-7.6173086,-0.60336435,12.584525,-6.4663095,8.807273,-1.9739573,0.45851704,-6.0184636,0.7830458,-0.1808377
-456.03067,129.38728,-24.858635,29.785576,10.544129,-19.793522,-20.237831,-19.735346,-15.203931,-2.1798084,-6.0743093,-2.7067804,2.8702753,-0.9585176,4.5829606,-2.0113213,-7.9152293,-6.425937,-2.1337261,-0.74679255
-460.20322,86.29508,-27.836327,36.380283,-5.0446105,6.273842,-14.24654,-7.3504663,-25.065498,-0.8362198,-4.026239,-7.691664,4.6208525,2.967295,9.452794,-6.2455344,3.620278,-5.930964,-3.3751688,-4.059174
-416.86792,104.783325,-39.43347,34.899807,-2.281195,1.9793826,-10.9335785,-12.607679,-30.098232,-1.011971,0.48579687,-8.534244,0.4382328,4.5256877,8.37748,-7.6356673,1.4373126,-8.39818,-4.020097,-3.658241
-460.55185,92.04859,-21.187593,35.494705,6.188819,5.22603,-9.770512,-8.362238,-22.286104,-3.0836525,-5.1036944,-6.754694,1.7251599,-0.9915662,9.018375,-6.781054,-1.1441065,-3.1279464,-2.8011112,-2.6898782
-430.6611,91.759766,-33.181602,37.14452,2.5654976,1.4205024,-15.952915,-6.6421185,-24.905645,7.3950872,-2.8173585,-10.728283,3.4585388,-8.169611,6.869454,-1.671841,1.8733715,-3.8587382,3.9627008,-5.0299287
-438.8419,98.47652,-37.44902,27.158144,-0.9945628,4.7202697,-18.391201,-6.2116404,-23.698242,12.208227,-4.964384,-7.9381433,7.7534947,-4.7979727,8.502079,-9.301463,4.6054482,-2.3393779,1.151273,-3.4616234
-501.04224,94.04408,-21.251108,36.239426,11.774011,-3.018066,-0.34054863,-6.5200996,-19.243694,5.1266966,-9.516826,-5.369254,1.591759,-8.557628,2.2157068,-0.86915845,0.045461386,-3.782584,2.6140902,-2.3321233
-492.42178,84.46866,-20.001968,31.159986,2.1926644,1.8017213,-9.972549,-5.7517715,-16.883718,6.830432,-1.2463093,-6.100797,2.7214868,-2.3524077,5.777811,-4.265289,3.7691076,-0.9341587,0.756828,-1.284295
-438.63715,88.31037,-22.040226,52.531075,1.437551,-1.0909775,-16.962444,-10.239466,-22.739933,3.8841922,-4.923055,-13.630786,0.591537,-5.1914496,5.8940325,-6.7241273,0.43934527,-4.4095616,-3.0653043,-3.3211007
-444.67694,73.77704,-32.578423,48.948128,-0.7906069,4.0692573,-23.089653,-4.2873545,-14.557411,6.8081408,-9.585555,-5.799528,4.498554,-10.119216,10.389757,-2.4109225,2.2320342,-5.33152,0.03146727,-2.6097689
-494.24945,85.967514,-29.933037,41.75479,9.102847,3.9916918,-13.481663,-8.852583,-17.824228,8.030895,-3.2616057,-10.5698185,2.1497579,-6.2096004,4.980285,-2.1487918,2.363947,-3.6128528,2.635387,-0.2155364
-452.14377,82.344315,-24.442434,35.53504,-8.019746,0.87507284,-16.122488,-7.4153857,-17.207535,7.1081576,-3.5444033,-9.693672,6.6922154,-4.114707,6.827867,-4.084779,-0.5788591,-2.9873414,0.8331041,-5.1061354
-468.42557,93.92937,-24.807785,51.913193,3.1907048,4.024314,-18.526525,-5.153675,-15.748053,4.244516,-7.183625,-1.9430678,8.600722,-7.872693,10.598738,-4.3599615,2.267433,0.021382635,-2.2050753,-2.2762246
-441.78714,82.90158,-23.115616,39.104694,1.9412402,6.0169425,-19.975445,-8.573293,-19.72416,7.4146843,-8.972393,-6.6607265,11.0405245,-7.72409,6.166998,-1.2282393,1.8956567,-3.0133705,1.3265799,-5.740854
-435.1127,114.27151,-40.706554,40.711044,-4.1439705,-1.425185,-18.947748,-6.2628675,-18.316057,6.2730594,-5.497256,-2.3067782,5.0862174,-13.049892,9.779442,-7.1479416,-2.4105806,-1.5624043,-2.7397888,-3.761382
-430.75833,92.74213,-38.38106,40.37831,-0.16395053,-4.587832,-17.326279,-9.113737,-21.503828,5.709323,-3.0386543,-0.7314907,6.115973,-11.210296,8.446188,-6.253083,-1.2674776,0.21737388,-2.2618518,-5.289696
-409.26517,86.603325,-31.726322,29.247036,-2.3345666,0.7094834,-17.179241,-11.617278,-25.413673,6.999112,-4.4083323,-13.011493,8.917931,-4.1624727,2.8140907,-2.5115724,1.2528942,-5.5003266,0.70297766,-2.7233486
-456.34766,91.95812,-25.457308,28.255432,0.29132405,3.352765,-15.234861,-7.1388016,-22.355192,7.25141,1.7296311,-9.087883,3.7820644,-1.5508586,3.188493,-6.494615,4.4643855,-5.8749757,-1.9308132,0.77044564
-411.83038,58.938904,-30.66626,48.452366,7.6395445,-3.0769317,-17.833302,-12.377886,-20.960896,3.6031945,-5.643488,-11.832412,3.95552,-6.585176,2.4486208,-1.9589307,2.8302562,-4.0120454,0.5037197,-0.5892213
-448.6649,87.91004,-40.12989,41.34073,-5.8623486,2.3891742,-18.647722,-3.5062766,-17.44465,7.3290915,0.0062540714,-11.122612,5.0080733,-2.0900073,6.0775533,-3.0528374,5.374427,-4.1305313,0.60697883,-2.5276427
-456.2524,68.334854,-14.972361,30.704119,10.590897,-0.22055782,-8.822306,-10.615718,-18.309647,3.910174,-5.3120847,-8.903652,3.8991737,-2.8086169,0.66451734,-1.4285222,1.2799178,-2.4969332,0.053382926,-2.144586
-420.81418,86.208595,-27.658495,46.0249,4.072256,4.612873,-16.290972,-12.630027,-23.745195,5.502192,-6.831531,-12.1175165,2.3370864,-5.88183,4.13775,-7.2790775,4.183372,-2.0915794,-1.6698675,-2.8442173
-426.55603,116.85702,-26.502392,33.90533,4.821587,-10.574234,-10.192804,-13.0333395,-24.68968,0.9414927,-10.118161,-7.8151236,5.7794895,-10.137642,3.635658,-0.5985517,-3.2996163,-2.6996417,-0.1309548,-2.4794955
-422.24164,78.745155,-20.139435,41.429993,-1.5562474,-3.611684,-13.187876,-3.2049477,-22.917637,0.81536895,-11.188679,-11.790516,4.622616,-13.137927,1.590563,-1.7315553,-0.26178682,-4.8449993,2.6204922,-4.790129
-439.93088,86.34814,-24.369484,43.28122,-1.3941998,1.960025,-11.6891165,-4.9259963,-24.269432,0.011920643,-6.1205416,-6.8394465,5.6920495,1.1607345,12.005436,-7.376936,2.7916105,-1.1859004,-2.1421514,-3.7201097
-452.49268,111.36123,-29.401335,17.386269,-1.9439375,-6.7478027,-0.32213947,-18.450136,-26.240215,0.9014697,-4.2252936,-2.3266878,3.1127014,3.9643748,4.8128567,-4.7889075,1.6212068,-7.31694,-1.496934,-1.832281
-459.98248,76.634865,-26.179539,40.943882,-12.22882,7.339326,-13.760069,-7.4545145,-25.112362,-1.5428711,-4.3689785,-6.175768,3.7079453,3.6315203,15.743415,-6.755501,3.164752,-1.7704008,-2.7894409,-7.281168
-566.8085,74.06346,-7.2599173,64.949745,4.4466534,11.477952,-26.365032,-7.7043905,-0.8922443,0.7339115,-6.8477483,5.190784,7.198695,-6.319691,9.583133,-5.2682247,2.7512288,1.7321371,4.350233,1.6645125
-454.31158,80.386925,-28.975214,43.567574,6.4494243,1.4849569,-18.236435,-4.8145704,-24.8927,-0.12188767,-2.1720061,-8.327597,5.5453544,3.5032556,8.340986,-9.21728,3.4921021,-1.9980338,-0.85636425,-2.3653777
-488.69095,96.46075,-21.789968,42.632298,-2.7561498,-2.1696346,-22.417627,-11.502271,-7.3311443,1.5169971,-3.5054383,3.4987912,3.3371391,-3.7281072,10.632439,-7.98485,-1.5359507,-1.5726745,1.158112,2.3489785
-458.91495,111.67788,-25.70352,34.959812,-12.036651,2.2328556,-4.7863865,-11.758246,-26.989454,0.027518129,-4.9147935,-6.594626,0.94117665,2.1979754,5.783269,-6.456097,-0.7078619,-9.53494,1.9864484,-8.305778
-436.58026,107.36788,-32.20992,29.742838,-2.2811332,2.190111,-14.873966,-9.633544,-33.257854,-1.3004445,0.07516933,-11.550628,1.6937878,-0.05494898,10.298323,-6.0419083,-2.2679005,-3.295128,-2.819163,-5.8621154
-476.28317,90.89767,-27.19267,46.81219,7.8754325,1.5043064,-10.689347,-10.050863,-18.533178,0.06216097,-8.083707,-6.8391643,5.8311973,4.1674433,5.4208508,-5.9796715,3.7171757,-3.2123978,-0.9430804,-2.5293577
-445.59155,97.36166,-43.104156,35.715744,-4.15416,7.1523404,-21.164352,-6.5278306,-13.240515,9.345813,-4.7287126,-9.392143,4.71685,-3.4767854,9.792303,-5.646644,2.1583798,-4.066531,2.904167,-3.2721374
-401.27658,99.52915,-46.642006,43.593597,2.6048107,-11.123787,-25.198559,-11.767194,-18.732422,8.561036,-13.880066,-7.560065,5.344279,-11.548177,6.2902794,-4.2781315,0.018760432,-4.1352153,0.58962756,-7.109061
-400.4685,93.1381,-30.338892,35.869095,-2.3621593,-5.595778,-13.612795,-16.162157,-26.443863,6.087159,-7.822688,-10.72511,5.518682,-6.4283915,3.768214,-4.5961523,0.14347024,-6.4575076,-1.7854528,-3.6566525
-485.0359,99.90367,-24.140827,47.327522,15.284828,-1.3282708,-11.845269,-11.313414,-22.729898,4.131295,-3.8161626,-6.6620665,2.455028,-2.7796915,2.20915,-4.3116107,4.2582674,-4.692234,-0.008097071,-0.60351276
-476.25638,92.08043,-19.363503,40.03098,3.5225675,4.3995657,-14.981228,-8.147712,-18.399937,4.509696,-7.058673,-7.936558,10.024072,-6.4396005,3.761046,-0.9251345,5.3325987,-4.5432796,-0.49212858,1.2982352
-408.37534,101.48297,-31.654896,42.373894,8.771913,-7.087918,-15.272317,-10.833159,-24.64369,7.4240456,-12.565751,-4.396832,6.387909,-12.336906,2.6639943,-3.7917502,0.5249682,-7.7558928,1.7458196,-4.37626
-456.91714,109.32289,-24.53123,31.518808,-1.3250176,-0.9578244,-7.318815,-7.7303476,-18.638216,8.360453,-3.9175026,-7.64134,9.24817,-6.633502,-0.76846683,-3.8089333,0.8706377,-1.8833889,4.721083,-2.5443342
-427.30048,91.29559,-31.13912,43.083843,1.1182988,-1.5128124,-22.81752,-9.352368,-17.304792,3.7385643,-7.7822485,-5.2920456,9.85173,-10.865749,6.8429704,-5.7628584,-2.7184386,-0.69196194,-3.3896317,-3.3762443
-433.31573,86.21759,-33.904243,44.97447,1.6034003,-9.206881,-16.997498,-6.400317,-20.182121,0.7672732,-7.9582777,-4.7083697,9.623059,-9.645468,9.746943,0.61590004,-1.5347581,0.44364396,-3.14969,-4.6769443
-464.40057,73.922356,-20.66295,30.750341,-4.195281,-1.678071,-15.56458,-5.2573533,-11.023546,4.8388844,-1.1507812,-0.103469685,3.5149007,-3.627776,12.450917,-5.5033703,0.80261177,-0.6657621,-3.8366814,-0.6129709
-436.46515,106.93664,-26.66535,37.479984,0.9697625,-9.0806,-18.455542,-8.220746,-20.230375,5.033936,-10.974007,-5.918895,9.858779,-8.876387,11.204145,-0.30815643,-3.2976801,-2.2067575,-2.4784544,-4.6421447
-431.48856,96.20564,-30.922709,46.51099,-0.37411356,-0.5318425,-22.451103,-9.158917,-24.274666,3.7893157,-9.184255,-6.2806044,8.736393,-13.062862,5.9943304,-3.5619442,-3.207765,-3.041814,0.7191126,-3.7816534
-465.12186,113.40253,-19.036018,25.359869,8.106198,-11.637704,-9.744215,-15.846438,-21.668213,8.052144,-12.749961,-2.4790003,6.169706,-11.796295,2.2151098,1.5411705,1.112356,-8.78357,1.7249097,-0.67614347
-450.07346,99.28957,-18.609526,30.670906,9.515542,-7.9198613,-10.639767,-10.716845,-21.14104,3.0997367,-9.539963,-8.974723,3.707042,-8.458103,2.923599,-1.01841,0.70846254,-2.693993,0.6901605,-1.7683412
-479.67783,89.0165,-15.246553,32.55508,-1.0959429,-2.8563273,-3.1713908,-9.065239,-16.453354,5.3601646,-5.0588746,-6.8873563,3.0621116,-2.0330658,5.012435,-3.6854208,3.1657333,-0.27049476,-0.71589804,-1.4241115
-406.9645,96.49077,-43.272095,51.73738,8.985107,-6.1707234,-20.081244,-12.349819,-29.443977,5.8728895,-8.388899,-13.460084,9.25991,-7.018541,3.4443126,-3.9117444,2.1823888,-5.1110764,-3.114036,-3.577571
-448.5887,96.70131,-28.912067,41.216812,10.169744,-4.2411027,-18.480244,-7.001669,-17.46379,2.6792505,-9.466628,-6.7916164,-0.814227,-10.023418,6.5701704,-1.3600168,0.1820966,-4.1302476,-0.8359167,-2.5838325
-445.296,98.95091,-40.484447,36.566463,-3.5331006,-5.0248466,-9.54582,-5.9244137,-21.345713,8.042713,-9.279011,-7.374687,4.9174414,-8.914838,7.2085195,-7.828601,1.8504198,-2.985586,0.09012384,-3.4589462
-486.17633,108.11909,-12.96436,40.163815,-2.5279498,7.4118547,-3.2099774,-11.629154,-27.023033,-3.2104487,-3.8177528,-5.6662116,-2.2889395,1.048187,12.844306,-6.9036436,-3.7330735,-5.658549,1.1822239,-4.4833655
-486.00928,80.00385,-26.221401,32.083557,-3.6018808,7.425393,-7.585828,-5.5877047,-22.331903,5.523646,3.5943568,-7.0250735,8.601259,4.611377,7.24027,-2.2570927,3.267483,-4.690499,0.55957043,1.1915329
-458.59396,92.35944,-27.794704,38.829865,-0.8658334,3.9445627,-10.729151,-11.983236,-26.498562,0.48423186,-5.845768,-4.812297,3.3604677,1.0237515,4.0247536,-8.391533,1.6079378,-7.6596103,2.0685365,-5.307642
-515.02496,82.46671,-9.866473,39.848877,1.3760487,-2.7577343,-13.208061,-12.128582,-4.1001124,2.8039634,-4.4619308,4.1821237,3.819999,-0.06596841,10.368634,-5.593263,-1.0138327,-1.3704826,-0.28202513,2.9646986
-421.4896,104.81064,-40.422665,33.09318,7.433537,-5.534145,-8.701447,-13.098425,-27.842625,3.7212687,-0.74898195,-8.8442135,2.598463,0.040766135,6.5957775,-4.431567,-1.3291273,-7.2005515,-3.2879646,-1.9339324
-480.56754,115.26195,-31.94507,38.12531,13.544116,-2.3697784,-3.1355565,-11.900845,-26.186941,3.3893118,-5.1828265,-7.294601,0.38882744,2.7691896,6.0551805,-6.2781405,-0.9294885,-8.742684,0.8403865,-3.457939
-435.08942,114.80647,-40.85547,31.164236,14.357899,-5.826253,-7.8417726,-15.223831,-34.86816,5.2084355,-11.098153,-11.43937,8.136861,-0.45650178,1.8582876,-1.5014282,2.7918627,-9.26754,-0.12057333,-4.899873
-449.0349,93.96263,-27.38558,50.71416,-5.6435103,-3.2068744,-24.89315,-18.908152,-18.034288,4.730891,-9.369643,-3.2627478,7.100558,-6.5177445,11.412986,-8.748356,-4.7553177,-5.3427744,0.13998815,1.6594827
-445.19284,99.26986,-23.465963,41.439194,3.6673386,0.47095495,-13.280104,-8.376335,-26.660109,1.1814573,-7.4877067,-9.646695,1.617272,2.180887,11.027238,-7.249442,2.2886147,-5.2999454,-1.701914,-4.526138
-443.634,96.56463,-41.810856,46.559357,1.3287956,3.1631463,-6.36845,-11.203731,-19.293358,2.4331212,-8.52635,-4.3514814,1.5701147,-2.3852413,8.330882,-4.6348453,0.93321985,-4.993381,1.2470503,-5.6712165
-409.06445,100.33083,-45.646736,44.13721,4.3566923,-4.0157,-17.492722,-8.733108,-25.606491,6.5836573,-4.1554213,-10.915979,3.5193672,-6.4160304,4.4809604,-5.3726997,0.17118748,-6.903972,2.7367325,-2.5253043
-362.76062,114.51249,-46.74816,20.477806,4.6361423,-17.024805,-15.732575,-11.362031,-28.593733,5.5243144,-8.742106,-12.35312,6.1907024,-10.38492,-0.9310324,-1.6392521,-3.3099365,-8.510217,-0.7939595,-7.357095
-447.0872,117.0204,-33.70066,34.840603,-2.2573946,-16.516973,-17.281523,-6.4618144,-14.205686,3.5734618,-9.548896,-5.2456822,0.7367635,-7.761291,10.686032,0.31219727,-0.045098085,-0.9437094,-3.648085,-3.2071521
-460.94098,102.51461,-28.204966,43.833202,0.8131395,-1.2006346,-6.106122,-8.695872,-22.87302,4.633439,-5.5458655,-10.146716,0.85419995,-2.2850947,4.2542157,-3.8700426,2.8563206,-6.1765976,1.6186816,-2.9803882
-495.31396,85.385315,-17.555252,37.58989,-3.28364,5.6030097,-8.784472,-5.3720307,-14.609058,8.477199,0.022706423,-8.991098,3.992822,-1.6680081,3.9735706,-2.9952543,3.9537458,-4.528244,1.9039788,0.09755665
-448.55365,73.53617,-18.188976,45.383327,-9.101795,4.0759354,-11.005454,-9.299715,-20.63517,4.5584893,-6.681188,-10.472843,6.2515516,-5.7286363,6.8238587,-1.1552761,1.7148538,-4.046656,1.4448756,-1.7464641
-445.84885,91.770775,-35.862366,34.17407,0.63903475,4.788975,-23.0397,-17.797749,-21.37173,8.673421,-5.9451165,-8.683434,11.946444,-2.802315,6.2971497,-1.0395037,0.68032795,-7.327273,0.36832017,-6.122722
-439.29276,89.43375,-22.32596,37.356667,9.071745,-1.8183596,-15.94656,-17.06324,-21.154978,2.2366838,-6.4468365,-6.6100736,9.754937,-3.8775618,4.734835,0.44093,-1.6070101,-1.793265,-3.6858816,-3.8138716
-414.4692,109.26429,-24.282917,25.221071,9.878799,-12.773877,-10.906607,-22.421589,-21.871912,4.018746,-9.512348,-6.3811274,3.2106056,-6.990681,2.7815764,-3.1825812,-4.962559,-3.6424522,-5.0049763,-3.4837842
-449.21506,114.261086,-37.82169,29.817461,1.4286143,-5.410908,-11.380757,-12.747277,-14.58914,10.361357,-6.6054773,0.15097821,6.6840467,-9.324006,7.5284777,-3.9679837,-1.6806232,-3.0537345,-3.3702698,-4.599843
-442.00793,91.07135,-36.552635,46.792248,20.008183,-2.1836467,-25.894817,-15.873029,-21.632069,8.448645,-9.234067,-11.0387745,14.063064,-5.581569,2.7156723,-1.637178,-2.539308,-3.451164,-1.3642206,-4.1322474
-428.38263,101.10066,-40.420223,45.841885,11.0932865,-11.805104,-25.131123,-19.263105,-23.339643,0.78686166,-15.316109,-4.1360507,9.851598,-6.897714,4.8231816,-2.4393344,-3.9371386,-6.302002,0.92297405,-7.705177
-433.76367,116.859276,-31.717611,33.187473,-5.977387,-2.6276617,-7.5614877,-13.22061,-26.100065,7.3471594,-3.2890315,-6.9465566,1.1552882,-10.1412945,5.0309052,-4.563846,-0.08219709,-4.5428076,-0.4522015,-1.6969565
-390.3962,116.211426,-49.5403,30.74475,1.9846046,-16.423548,-12.735804,-14.352234,-22.46171,10.449929,-5.468808,-8.760786,3.1954055,-10.595713,4.3088865,-0.16868399,-1.3223242,-6.497286,2.131669,-3.8613095
-427.17026,98.15692,-30.307257,23.590649,-3.688807,-0.24578673,-10.829986,-8.082971,-21.114319,7.7624955,-1.4662614,-11.329026,2.8008268,-3.0389814,3.8796308,-1.5759269,3.629579,-4.5688214,0.2894314,-1.7578527
-473.8419,107.62083,-28.0675,41.760204,2.113307,-10.398455,-20.095587,-0.5230294,-13.938335,5.5483494,-3.0422096,-4.364093,-0.8993227,-6.4428406,13.923276,-6.609128,0.25028288,-2.0897722,-1.8771552,-2.4133816
-429.07483,89.24232,-41.43784,46.5656,2.816723,-3.7882228,-23.53128,-5.09136,-15.827989,3.6407216,-9.123983,-8.974972,4.264758,-8.948561,4.751011,-7.2414293,-0.42869213,-3.1482458,-0.096111916,-5.574337
-440.50092,85.11111,-30.574041,30.92881,-13.542558,3.0614944,-13.546317,-4.7743793,-18.684006,5.2451496,-0.32745513,-4.59072,6.943786,-1.3141863,9.325878,-2.837107,3.702041,-3.81336,3.1302965,-1.1803106
-427.9105,100.37964,-35.40228,31.75605,7.129209,2.1230438,-10.780415,-16.404835,-29.306528,2.3019679,-3.7389586,-8.604683,2.2719467,3.3233542,6.2535133,-5.1383266,1.0387387,-9.694584,-0.8536374,-4.2981296
-452.74796,103.19341,-33.55736,41.97895,8.187041,4.9035754,-14.819396,-14.755949,-25.05068,7.237427,-4.431932,-9.415863,7.009107,3.9669776,5.339637,-6.5758634,2.2135456,-7.752122,0.42622676,-3.1835632
-523.491,110.456116,-20.273455,45.09396,2.3201632,-3.7379277,-16.097885,-15.698276,-9.4505625,2.4540834,-6.8602824,4.1398044,4.6589413,-4.613821,9.781746,-1.6178981,0.24168341,-4.494138,2.6799934,4.1877217
-452.56033,106.11701,-27.011877,38.052673,10.13878,1.6546507,-13.513511,-12.642161,-23.124083,0.104424104,-3.628401,-8.477817,0.3162637,1.4230613,7.1471457,-7.3078203,-1.3779234,-3.4666324,-3.2398157,-6.211544
-492.15497,82.722374,-20.102114,53.04581,4.796145,12.8277025,-16.4734,-7.0849915,-23.014143,1.7014049,-7.5052,-8.063338,3.8290503,-1.8606529,9.334756,-8.026723,2.2044055,-2.8816948,2.327883,-3.9232106
-483.21094,111.996086,-19.148973,49.894505,-2.042403,-13.526226,-16.745478,-15.932995,-8.238201,-4.2624254,-7.9380302,3.716042,4.152539,-5.4224725,7.9474034,-3.4861357,-7.1432004,-2.7849038,-1.1457202,0.8038336
-467.07608,103.4116,-24.013636,40.88747,-0.87893355,0.9263619,-3.61205,-1.7001458,-22.647259,-1.395545,-9.14818,-7.225441,1.7094331,-1.5107416,11.687016,-7.3206444,-3.7443662,-4.9960694,-1.5846909,-5.5979347
-501.11893,114.500206,-16.346004,29.115067,5.485725,5.361667,-7.9471955,-12.381475,-25.507092,2.332221,-2.1420083,-8.708543,1.9063144,8.214973,7.6641245,-4.23053,1.7007514,-4.8707385,2.9102137,-5.148574
-428.27066,115.19577,-36.826447,44.407017,5.7689238,-2.313043,-17.468517,-11.55294,-30.957396,1.1187427,-8.182574,-11.796246,6.744864,-2.9569588,6.4092426,-4.9812613,-0.13216753,-6.3966646,-2.15341,-4.3348823
-395.59653,105.69472,-50.213493,33.425667,6.9935555,-10.601067,-9.551409,-6.819463,-27.121918,5.2553515,-5.41597,-10.550725,5.9048653,-4.8336706,3.4710398,-1.7150205,0.074489966,-6.6825843,1.7620655,-3.0755622
-427.69162,81.423454,-36.927822,46.744602,2.3768327,4.604634,-23.88015,-10.830396,-20.085604,6.4939704,-5.547047,-13.19504,7.8379016,-5.970516,6.871995,-0.39405015,1.2650594,-3.749882,3.976536,-5.5311494
-423.114,91.404884,-28.018436,51.349804,4.682053,1.7673981,-21.043358,-9.595895,-28.384693,-0.24993613,-7.2104177,-11.058276,2.5483997,-6.429547,5.8771825,-7.2937655,1.1891413,-5.094808,0.65957755,-3.5920298
-436.83994,99.53307,-33.186928,38.559708,1.6570858,-3.3065403,-13.393853,-13.914134,-20.043953,7.126852,-4.9492626,-9.523525,0.053992335,-3.2707677,6.283966,-4.7038946,3.5476773,-2.7994165,1.4103862,-2.0717452
-487.853,73.80469,-7.329125,29.837126,9.136368,-11.589958,-5.585173,-0.41463077,-8.387436,1.2719054,-5.2325506,0.07677018,2.7272112,-7.2181764,6.103589,3.8963888,-1.5278865,-0.45799387,0.3525082,0.0061206655
-430.94598,82.85047,-19.826149,32.023304,3.3186657,-8.845856,-10.504268,-9.140155,-19.899351,0.69286877,-4.704454,-5.392239,2.8756633,-5.8988256,2.3436115,-3.6742077,-1.1149001,-1.9018004,1.5995265,-2.678872
-437.30536,92.51065,-37.861874,58.99491,7.3213577,-3.1606548,-21.995266,-8.379258,-22.784397,7.5415635,-5.9193363,-8.718541,7.499399,-7.9615517,4.8125563,-5.400767,1.0382004,-5.6070933,2.2090468,-2.7903526
-447.5456,116.90637,-30.321863,20.251236,-12.951384,-6.20887,-5.535676,-11.1908455,-22.888496,8.217107,2.124881,-8.001135,3.5673523,-4.0069423,4.8066626,-1.7984649,1.0513899,-7.0019727,0.5331103,-2.1245964
-489.29797,92.05265,-9.63901,39.958557,4.725685,-2.2009304,-11.96996,-11.753417,-17.928404,1.2793354,-9.128673,-2.0349848,4.2851586,-10.405407,9.935065,-5.0715256,-4.390436,2.1754048,-2.8177063,-1.4544915
-417.95276,105.73762,-33.52541,27.490421,-1.9530247,-10.857034,-12.902058,-10.95061,-17.395947,7.5066986,-7.6320844,-2.353126,8.257141,-9.725656,5.5506043,-2.1219673,-2.1648393,-1.8181831,-1.4750296,-2.8638966
-448.75183,111.95451,-32.89165,31.578455,1.1466682,-8.088977,-10.717572,-11.998309,-15.61324,5.193081,-8.372776,-3.994282,7.3656054,-9.406193,5.2621884,-4.807072,-5.58093,0.025989309,-4.3693876,-4.366136
-441.0326,77.0463,-22.72914,44.34278,7.5551167,-9.539345,-16.351952,-9.555456,-17.70019,2.7174065,-8.570573,-1.3244184,6.8640285,-11.208333,9.216678,-4.975084,-4.683404,0.57821,-3.8688586,-1.8417364
-447.19516,93.55596,-14.5949955,36.969387,1.8473581,-4.644465,-11.917812,-10.830541,-17.617977,4.902349,-7.0818996,-10.5766945,2.7129302,-6.6882014,3.6954935,-1.6536136,0.12056971,-3.1295273,1.5193989,-2.5373666
-461.06683,95.411156,-22.606703,34.186096,-2.303628,1.8292934,-9.952767,-8.514573,-17.570543,7.9028907,0.39951447,-4.167225,2.9644918,-2.5047371,4.326755,-5.425789,2.7736583,-5.19853,2.9283628,-1.0552653
-410.67618,97.57893,-40.809917,41.537613,0.88775796,5.016754,-23.36591,-9.260193,-24.443913,6.7179427,-3.9232614,-12.276724,4.8782797,-6.942842,6.7991223,-7.512497,1.1644901,-4.932029,1.2104553,-2.1130066
-408.75986,88.16509,-30.391611,40.653732,5.7737966,-10.531607,-21.836065,-10.411215,-16.010231,2.2694187,-10.619035,-8.976476,2.2864556,-10.022408,5.2842317,-3.6914403,-2.9058661,0.54769456,-3.3500626,-5.549959
-426.86942,97.23209,-30.491852,46.330772,15.087665,-10.362863,-11.851143,-14.408251,-19.555199,0.60101736,-9.522565,-8.374376,2.6893885,-3.8645554,0.60065275,-5.5405126,0.092118494,-2.4669485,-0.75398594,-5.318092
-455.0209,62.4682,-44.496983,33.712692,-4.8945384,-0.8343909,-11.351601,-3.6622803,-13.1540365,9.810676,2.0892403,-8.077917,0.65626603,0.21060947,11.120306,-1.4796722,4.9484463,0.13364011,5.491072,-1.7201328
-440.95767,96.96994,-31.59226,31.797318,-7.4591074,0.46507582,-16.794685,-9.532342,-18.953682,8.01497,-3.9329536,-7.677408,4.226551,-6.176905,7.095713,-1.0788828,2.2851899,-3.7142472,2.475684,-5.5155215
-447.99313,88.37134,-28.561071,49.51265,1.8101032,2.0162294,-17.637156,-4.076023,-24.334938,0.958507,-3.5922472,-8.115578,2.4825804,-4.998336,7.098426,-7.3485556,2.638075,-4.791225,-0.0039806436,-0.7282875
-412.30508,113.11614,-45.530743,23.670753,0.5020843,-8.225643,-2.2203493,-15.041382,-21.523159,8.045201,-4.3863215,-7.745668,2.1464233,-6.6970253,-1.6194249,-1.7944878,-0.827457,-7.0581956,-0.44061843,-3.2854848
-432.16818,124.07211,-40.568,28.584154,0.45408225,-11.738598,-6.9449787,-14.905716,-24.428272,2.7942545,-1.9218758,-9.074643,-0.14376949,6.537369,1.4207604,-6.2263446,-1.8007901,-10.339636,1.1454253,-6.908975
-412.70895,96.79051,-25.699911,35.652702,1.1950355,-1.4141045,-9.338027,-6.7503686,-30.128254,-1.5603387,-9.283322,-5.048399,3.0917428,-4.746439,10.128767,-10.100573,-4.118677,-3.5653863,0.9734863,-5.3249454
-453.0485,98.54092,-34.40164,48.19625,16.79644,-14.760633,-24.753849,-16.353086,-10.9186945,0.06875957,-8.421096,0.9503646,4.269373,-5.084872,4.520829,-2.6352925,-2.6584942,-7.552369,-0.23512477,3.4529684
