-389.70847,83.3247,-36.217705,23.755674,-6.63852,-9.195947,-5.4284883,-5.4336076,-32.32407,4.397078,-1.2380029,-10.6419115,5.7832828,-3.6312115,3.8509986,-8.8806095,-2.4255943,0.67930627,4.1313086,3.0437424
-397.14658,79.08259,-38.041668,39.210052,0.9109137,-1.2783502,-17.66922,-9.314248,-26.759258,5.3290353,-0.15224157,-9.896965,9.097831,-2.4505732,-0.2217896,-6.5835047,0.2969437,-2.975097,3.9932604,2.2264555
-361.20566,80.925354,-38.688354,28.293552,-4.5973268,7.9552417,-21.258553,-1.9451733,-29.309698,2.6647446,-3.1418293,-13.14102,9.168428,0.32121712,4.3997855,-9.707012,2.1474109,-6.2483773,-0.7886927,-0.13155624
-402.5365,64.89024,-34.93717,30.447802,-10.975492,14.550152,-20.576601,0.93875414,-26.489794,8.055547,-3.8759167,-12.186994,6.5689936,-2.2280939,6.5754347,-14.782155,4.575816,-3.047665,6.6943545,3.1014159
-402.73648,71.69318,-32.901245,22.231937,-5.1308894,-1.563454,-15.546993,-6.6053853,-28.760477,3.479137,-3.4764612,-9.245388,4.970405,-7.7296295,3.9858046,-7.1940722,-1.8932542,-1.952443,2.2301476,-3.399024
-418.11966,58.402416,-35.59461,34.298042,-6.537505,2.3564718,-16.03468,-1.4875426,-31.88316,5.9595227,-1.1591556,-11.972946,8.781179,-3.916539,10.133773,-8.91824,-1.3458806,-1.8490651,-0.8623024,-1.8199321
-411.37112,69.33576,-36.880196,30.558144,-0.85467017,-4.95174,-14.398644,0.6445984,-20.530571,7.745741,-4.409287,-10.817092,8.399327,-2.8555856,1.0380522,-9.599335,2.2260478,-4.1108346,1.619879,1.044219
-404.53064,80.138084,-25.854612,34.89004,-3.2857919,8.6946535,-21.559383,-5.1053042,-30.164925,-0.06408744,0.6441587,-9.437127,7.2376213,-1.2690389,4.103148,-12.022881,-0.5784553,-4.366933,3.0501795,0.78594637
-377.7669,73.119255,-39.93531,22.598873,-8.328748,7.702901,-27.94675,1.4071834,-22.301441,11.13659,-3.6442137,-14.594197,7.087123,-4.580598,0.82727164,-10.979822,7.345059,-4.862017,5.4774857,1.3889157
-399.91113,71.67976,-33.944836,23.874687,-1.5165864,4.108965,-17.210947,-7.0214605,-29.136518,7.4526396,-2.6119819,-6.6328316,8.601781,-5.652795,5.1870103,-10.7083,1.5190626,0.39820227,8.673702,8.134448
-410.77908,77.03284,-21.927164,23.24739,-3.5442572,4.1565766,-11.70466,-0.63404447,-25.395412,7.02379,-5.1671195,-7.5098257,10.449399,-3.7597885,5.0587115,-7.665145,4.3809695,-4.051171,2.556548,0.7839038
-405.31833,105.567665,-33.478554,20.659885,-8.393209,-8.155599,-15.452504,-1.9985524,-27.399193,4.494883,2.5424466,-12.920281,11.912614,-7.0189977,-3.0697792,-6.0060754,-7.139871,-1.1102798,3.4423509,-1.4805415
-379.11597,74.75871,-51.76923,35.203148,-7.973893,7.782798,-21.84839,1.9784553,-26.830044,11.969169,-3.734335,-13.543398,10.922949,-5.1434183,5.502641,-10.441854,2.5202785,-3.339361,4.3563128,-4.1093674
-396.39658,78.52009,-44.36404,30.792488,-4.89457,4.7275944,-10.336764,-3.8980048,-22.472692,4.749224,-4.0890045,-10.196004,2.5935576,-1.7607846,6.885473,-12.894622,-1.7660697,0.3555309,4.900434,3.150253
-429.43268,111.49142,-36.259026,31.894176,-11.647295,9.961328,-13.754267,-1.0792592,-30.168999,2.9603205,-2.1345184,-9.611268,6.1963615,-2.9018424,10.03681,-13.459273,1.831442,-1.3862287,-0.59452987,-1.1103766
-422.1701,71.55404,-40.585617,12.922668,-1.0271724,-2.014235,-17.411709,-1.1922369,-24.92638,9.207481,-2.286129,-13.071509,6.6433263,0.9012025,11.858543,-1.2693288,5.7523127,-1.9718196,1.3374356,2.7204866
-381.30267,104.455246,-50.602673,15.1692705,-7.087237,-3.9003243,-10.369677,-2.4075773,-24.810081,9.15655,-0.8056149,-13.724021,9.077367,-3.562452,0.49051896,-9.125086,0.36652654,2.0311728,3.6464787,0.7156021
-367.21704,62.598057,-31.362774,17.974478,-6.568117,1.5962759,-19.263962,-7.198602,-27.990168,4.959226,-0.62936425,-11.282562,7.9287477,-4.546532,1.0573623,-3.3368628,3.0065153,-2.9443026,4.622723,1.2548923
-403.91263,92.13703,-21.832445,27.623117,-16.860394,-1.4149017,-4.2173705,-0.8768466,-27.380962,0.7682238,-2.4700243,-7.748975,6.860295,-3.2380357,12.10391,-8.111101,-3.5871828,0.9393582,-3.5498986,-3.1178288
-395.09726,61.304985,-29.752161,15.641786,-9.279976,4.0871906,-14.350674,-5.259555,-26.682384,6.154514,1.0304291,-10.197396,5.360536,-2.1386409,5.5525656,-10.215081,-0.9466891,-3.3384423,0.2762248,-1.3282084
-392.0273,65.57647,-31.635649,41.116318,-15.372396,13.97403,-15.885828,-0.8328611,-27.052668,0.8002075,-1.8213562,-8.866165,5.234489,1.3939396,12.753135,-13.370425,2.750723,-0.59099597,-0.7433711,-2.608711
-373.65985,104.32766,-37.325634,23.416616,-17.57525,3.7672188,-7.8002443,-0.20041925,-32.14181,1.295058,-4.4356947,-9.973282,2.3066633,-5.1554747,10.695422,-13.096183,-4.355245,-3.0492165,1.6228081,-3.1020865
-382.78082,99.504715,-42.449017,18.688116,-10.367223,8.195898,-15.663819,-5.439384,-32.481915,5.510321,-1.2059952,-12.034483,7.5076466,-2.7113771,9.339537,-9.608806,-1.0997176,-3.6769564,3.845903,-0.7505548
-415.43195,95.59828,-51.130913,18.728981,-16.423195,3.205604,-12.628577,-0.7045141,-26.701868,10.710467,-3.549946,-9.677941,9.370871,-6.5145745,6.3488083,-11.020567,5.0216575,0.4925788,2.7345526,-0.015395727
-408.84143,88.03994,-36.31971,28.500439,-4.9150023,2.4133968,-15.543866,-6.9455824,-17.842026,8.863545,-2.981501,-7.274778,6.12843,-6.6953726,4.011443,-7.837331,1.5230272,0.947258,2.359805,1.2026454
-416.1016,96.090546,-32.954517,25.029234,-5.6663375,4.0877333,-17.796309,-3.259225,-28.39167,8.768884,0.47617948,-15.235167,10.274606,-2.9211538,3.8667595,-10.09192,-1.6520365,0.16521372,4.191816,-1.2512099
-361.35052,66.84416,-38.332237,29.523298,-2.3931355,1.9566096,-21.95433,-3.9506776,-23.115736,8.666545,-6.1649523,-9.848151,6.3264575,-7.5571876,2.6244564,-11.185933,2.7509058,-3.660712,0.14128843,-2.998465
-377.4541,66.60051,-31.707123,36.326405,-6.8067145,1.621642,-13.237989,2.2725825,-32.0879,2.8665028,-4.3223424,-9.057245,8.162034,-7.5211596,11.882784,-9.287293,-3.831485,-1.3002036,-0.45667532,-5.1838946
-429.1356,91.996254,-21.682955,32.579197,-13.91098,5.146136,-10.7464285,-0.073310025,-23.603518,-0.44176525,-6.779917,-8.783547,3.4647357,-3.4936137,5.5918384,-9.780548,-0.99886066,-6.364323,0.7385678,-1.6701971
-414.5824,71.59832,-29.589811,43.48102,-9.843872,5.719082,-15.136884,3.0928636,-26.176123,3.9474022,-2.7078838,-6.606133,9.367339,-6.9570894,8.730788,-10.922362,0.18956572,0.39491266,4.5011206,-0.41968596
-348.97522,55.00394,-45.388,32.377712,-9.295451,5.1993895,-16.961182,-6.4640546,-29.777714,10.555427,-8.197065,-9.757924,10.159406,-4.7993183,8.57955,-14.205617,4.086846,-1.2303615,0.49533048,-1.7347883
-395.22504,94.09177,-44.721783,22.408026,0.043320917,2.4967058,-24.320454,-6.590136,-25.578642,11.773728,-5.9567366,-14.446819,9.1971445,-4.421656,3.0432544,-10.092699,2.885173,-0.29333532,4.0065913,-0.97058755
-364.43213,73.43098,-45.906315,32.697357,-4.1354194,-3.5463479,-16.028212,-2.1046033,-29.55653,6.193353,-4.0877814,-9.360999,7.744036,-6.861808,7.2659345,-9.383711,-1.0996509,-1.1170962,1.211099,-5.268765
-364.70718,75.49562,-39.132687,40.730377,-4.105946,4.1487236,-15.377134,-8.491249,-29.778734,0.16152687,-8.948789,-9.051554,4.497974,-6.1620345,7.201257,-11.29548,-0.09717234,-3.8453236,1.2037336,-0.86032575
-383.03705,72.840515,-46.845703,37.4909,-5.230369,2.5090451,-12.707552,-1.7404296,-28.914396,2.612309,-8.711261,-12.006003,2.9369028,-2.8041687,12.055521,-9.822746,0.70228773,-3.03534,1.6730609,0.0030896035
-386.8578,78.26762,-34.926174,26.925695,-4.2236543,3.3130546,-20.167109,-3.7353055,-26.032236,0.9365249,-5.1837316,-12.997208,8.663589,-6.4673896,-0.85264635,-8.568762,2.830019,-2.9673114,1.8800348,2.0915086
-478.36575,68.1996,-12.803806,38.311802,1.5801095,11.160099,-18.93443,5.173548,-23.461609,-0.1944564,-0.6435006,-9.79739,3.224684,-6.9500246,0.6885997,-13.563442,-0.33857632,0.42634517,6.405214,2.865292
-438.50137,59.564384,-27.919094,36.58015,4.737984,-4.4145827,-20.411882,-2.4001114,-12.802622,6.350956,-2.6040833,-1.8488512,8.640903,-3.208869,4.266353,-6.6534843,2.0224924,1.0739362,2.3551974,1.3254845
-435.6112,80.69597,-33.61959,37.15231,3.752686,-0.3583872,-19.246723,-4.5162444,-32.866177,2.6998646,-6.64148,-14.597171,2.8941739,-6.6112037,6.461556,-12.396944,-1.9067954,-1.8253064,0.4424266,-0.33448526
-408.2295,81.09435,-43.69215,36.1947,-16.363306,13.368683,-16.86977,0.116608165,-33.185253,3.5697474,-3.599143,-15.6020155,3.531699,-6.189581,8.49248,-14.230325,0.43966633,-1.545258,3.1255023,-0.484056
-352.68942,67.89852,-47.924988,38.147526,-6.5602756,0.85611707,-18.619692,1.082785,-34.491222,2.2326725,-9.431018,-12.8735895,5.290584,-6.4347486,11.20594,-16.055017,-2.1971827,-2.650494,-2.8149636,-5.270976
-359.81833,68.445885,-32.77888,30.541063,-14.834911,13.380739,-15.092812,3.8876765,-28.606565,3.979543,-0.45213598,-6.302077,6.3438387,-0.09719532,13.869882,-12.810735,2.5138807,-3.1321816,-0.13960272,-4.2872305
-371.2427,98.51754,-41.567432,29.851873,-12.053769,3.7669802,-11.148929,-4.4903865,-30.952347,1.181327,-9.831016,-10.539922,3.224121,-5.29312,10.254523,-9.478611,-0.71313566,-6.6191673,-2.1041362,-5.030274
-407.151,80.33655,-37.941994,31.608757,-5.613605,14.425982,-23.008139,-2.2082257,-32.963722,3.6755326,-6.6476226,-12.698527,7.8663993,-5.264015,13.141224,-12.116837,-1.0326333,-4.2731395,1.9749832,-1.3118103
-442.46365,91.31734,-32.01286,32.365475,-3.1352208,-2.415434,-12.24012,-1.5558295,-25.556656,6.4002185,-0.84036094,-10.99466,5.5686536,-0.06195777,6.142861,-11.420201,-1.348229,-1.6366365,1.8416375,-0.8465358
-431.8088,76.26824,-29.91387,37.959846,0.34258404,0.72874975,-16.76578,-6.2542095,-22.877272,4.959485,-8.197337,-6.8300066,6.9220433,-5.747794,8.335453,-8.280901,-0.3963333,-4.4705596,1.1685977,-2.5752602
-377.68765,75.55446,-38.593422,27.897076,-7.6571984,4.81299,-20.90701,0.1656732,-32.07818,0.9890028,-5.1561823,-11.899447,6.7447457,-4.3849635,8.336547,-11.539367,-1.9657648,-7.0586786,-0.33535904,-3.5515487
-433.08768,85.16469,-29.442719,25.076159,-0.29115358,-5.5433664,-18.36277,-3.7971537,-26.765394,2.7550924,-7.6740766,-8.276067,2.7826982,-8.778764,2.838564,-8.988852,1.5081474,-2.9313807,2.7903426,-0.42321774
-400.52982,73.52716,-20.231316,23.71113,-6.135346,-4.9387894,-10.382743,-8.316078,-28.098013,-4.922129,-0.4725173,-14.258426,2.3220413,-0.34352052,-1.1046569,-4.2421002,0.6618025,5.298709,9.501208,5.9105463
-380.32233,83.77898,-32.981163,30.009703,-28.672527,4.240471,-15.52258,5.919895,-29.174297,4.8941946,-3.3198712,-15.606359,9.773098,-7.825591,3.5588384,-11.285544,-0.08464023,-1.6708724,3.672146,-2.4460106
-379.0756,66.655754,-38.27246,50.008217,-8.191978,7.767538,-25.763145,-5.173139,-26.881014,3.8111145,-7.6027927,-7.0312753,9.677259,-6.969737,5.9795113,-12.776631,5.1299844,-0.52840525,5.903356,2.3678074
-383.83496,77.92262,-31.410458,44.025192,-2.5301642,6.2239156,-16.266087,-4.6835685,-24.816513,3.532993,-3.8301861,-7.901476,8.21399,-4.949031,7.768861,-9.799444,-0.11334878,-2.2666895,-0.7513671,-3.8950336
-410.14868,113.123436,-35.951515,18.926481,-13.6419,-5.2971215,-6.8191557,-6.5013514,-26.580896,8.7275,-2.5842695,-14.529833,6.8256826,0.5389922,5.6361237,-9.205025,-3.2333972,-4.611502,-0.10757311,-1.1328137
-392.2426,88.772934,-43.050983,32.17757,2.6116376,5.0120473,-18.392181,-4.577231,-31.884783,0.7861701,-4.4612617,-13.511016,7.4771276,-3.4559846,4.213005,-9.281028,-1.3291972,-2.796152,5.598678,2.2533007
-383.5975,82.29291,-42.877476,15.766436,0.20073725,-2.3139436,-5.7903028,-2.1430812,-29.946955,8.108611,-1.4448978,-8.94544,6.6928916,-2.360789,3.325606,-8.891524,1.243862,-3.4590979,3.6848273,-1.0444784
-377.40466,68.57167,-42.73278,46.39911,-11.54105,9.602049,-18.903765,-1.9087427,-27.021822,5.303247,-6.078632,-8.411132,8.222835,-7.651049,8.895578,-12.673673,2.044426,-2.2189264,1.1468292,-3.510524
-375.28043,90.349525,-36.195473,23.272379,-6.882647,1.7534595,-18.68891,-6.6915956,-23.911654,3.7649662,-0.54872036,-9.803567,9.048301,-3.630386,1.9369674,-5.731169,-4.692753,-2.4031177,7.523541,-2.9099643
-400.78555,75.584854,-24.687872,35.916847,-2.9346728,3.8907993,-10.529133,2.5620422,-29.506,-2.149473,-3.863769,-10.852732,3.8108335,-3.7401936,7.392734,-13.444268,-4.2120056,-2.158564,2.225594,-0.6388955
-396.90454,90.97329,-34.48197,17.489761,-7.395328,3.3082175,-10.303724,-0.45009464,-29.226955,5.661484,-1.78796,-11.921452,6.7344713,-5.098694,3.2878845,-9.7651615,-3.3675146,-3.2238462,4.6248417,-2.939004
-395.7304,67.95346,-30.060463,39.373215,-2.0908248,5.5452104,-13.009453,-2.5509124,-28.19187,-1.249389,-7.5217543,-8.78401,6.5599675,-1.704815,8.628307,-10.783494,0.39956504,-0.8842864,0.65046877,-3.8567986
-437.5911,79.60521,-20.955612,27.010208,-9.138495,7.8697085,-6.740826,-7.2279935,-33.8047,1.5627038,-3.82666,-8.367945,8.354423,-3.444931,12.953202,-8.153823,-1.6303964,-0.101782076,-1.7546781,-0.5143938
-411.4672,87.977615,-37.105732,34.867393,-5.443057,6.565839,-19.477707,-2.6211767,-29.65855,3.0251925,-4.344068,-11.0026455,6.1897473,-6.054877,10.854373,-13.663645,-2.9677389,-3.31999,-1.4786885,-0.3829111
-403.0208,80.31283,-34.42145,42.95146,-5.022361,3.4618886,-14.338985,-4.7909794,-30.396626,0.17892493,-6.5781674,-10.120032,9.153728,-5.8366094,7.5739884,-9.102618,-1.0973403,-1.9786521,2.6576388,0.54750514
-430.5722,85.81753,-22.268393,41.429886,3.6862764,5.0384326,-12.763446,-4.1345744,-26.4093,-4.9729295,-6.9545693,-2.4819167,2.1739068,-4.199195,8.980285,-11.996729,-2.1278563,-2.5535007,4.0613008,-0.14211519
-385.46368,86.54196,-39.828228,45.58682,-6.4579916,11.790958,-24.757622,-7.7064238,-37.498394,-0.6077206,-3.17281,-12.793147,5.930527,2.2319148,8.21791,-16.04029,3.0664992,-4.3442097,-0.21657617,-4.430034
-388.26224,93.684044,-37.685066,31.578587,-8.327916,5.968032,-8.824863,-0.46602222,-34.157143,-3.9428313,-3.5546305,-9.996464,2.8719847,-5.9607587,9.7147255,-11.031577,-6.0621223,-1.9922689,3.776272,-0.46712068
-388.41864,64.74122,-28.538027,37.150845,-16.168016,16.709225,-15.392223,8.621644,-34.79632,-1.1421496,-5.739361,-9.111996,6.0851316,-10.020268,13.826063,-7.5037217,-1.1388695,-4.432597,4.2532406,-3.1112154
-412.08627,105.87961,-26.026295,24.014896,-18.31162,-0.32347932,-6.4893575,2.47476,-31.894693,-0.008103397,-9.081069,-9.915412,1.0157682,-8.138975,7.742072,-9.132296,0.73463553,-6.630435,-0.11407794,-5.860207
-391.8136,110.4009,-32.713665,17.276615,-11.775781,2.6368237,-5.5477653,-0.5108876,-32.913067,-2.7735794,0.91469,-12.891637,7.3435354,-2.6343968,1.364459,-5.4970593,-4.784518,-7.0760393,-2.3728292,-0.8751169
-409.44418,100.557045,-45.337368,39.6903,4.8318176,-2.1586654,-13.59777,-1.5479423,-27.78582,-1.6116098,-5.8772473,-10.129404,5.223802,-3.9923408,10.57316,-9.947203,-7.18604,-1.6284437,-0.37713146,-3.6491055
-425.07852,88.9389,-30.460146,16.636412,-3.5682175,11.058561,-12.795985,-2.5701215,-25.941538,7.0110536,-0.06801429,-15.518737,3.9675941,-3.2945259,1.1348654,-12.574389,2.1283686,-2.4984374,0.9731061,2.5198157
-412.76553,96.87701,-21.305882,21.58384,-14.624975,-0.39033574,-8.416886,-3.6904957,-30.547802,-2.733318,-9.853709,-16.138031,3.0500996,-7.8458343,2.770151,-8.648097,1.4931197,2.2013018,4.6907697,2.2822087
-395.7272,73.118454,-35.724365,28.766405,0.071722865,4.5135474,-20.596779,-4.156059,-21.006086,7.035675,-3.4005842,-10.352454,8.815885,-1.2193754,3.215721,-10.71058,1.2914326,-3.0305247,1.9702438,0.55679023
-378.68896,83.52461,-41.680695,26.66699,-2.0023797,6.447578,-19.01231,-1.5025178,-27.14282,6.0947905,-2.1999648,-10.800545,10.095351,-2.9236567,8.624136,-5.1403728,0.4511431,-3.0742278,2.1240644,-2.116481
-368.18497,76.681625,-30.03645,30.099855,-5.6899657,-0.67219377,-15.722739,-5.7408967,-32.73929,0.8931985,-5.584288,-10.610095,9.415875,-5.843056,6.0850196,-7.895858,-4.2235985,-1.8806103,2.2239928,-6.1347647
-402.50616,82.55284,-29.970898,31.62776,3.3934898,0.09591596,-13.894743,-5.9840336,-22.159245,1.2894506,-3.6075702,-6.9020634,4.0751767,-5.83318,1.8862199,-9.267841,-1.9334201,-0.54493284,5.278285,0.819199
-324.39975,72.94765,-43.48718,34.54031,-8.759927,3.0138354,-16.252918,6.1623015,-35.404766,11.710531,-3.2784133,-11.670796,14.831876,-2.3892965,9.410424,-9.5252,5.642391,-3.5500596,2.6762435,-2.551406
-379.0549,88.9517,-47.257786,25.782469,0.5093434,-1.3315874,-22.864393,-7.3710494,-27.376118,5.04585,-3.2582314,-14.213633,9.956655,-1.4048648,-0.36050436,-10.583903,0.5984257,-1.1536214,7.5075345,3.1562173
-352.08258,73.90054,-57.91111,23.889603,-10.575252,-2.926575,-17.34847,-3.156093,-29.908394,8.534221,-2.782425,-10.335132,10.086481,-3.484064,6.483907,-14.936066,-3.5769331,-4.80672,1.8000574,1.0622643
-413.16617,89.46557,-33.22723,17.636522,-5.9483314,11.835991,-14.159219,6.1888676,-32.271374,6.565358,0.88155097,-11.335502,6.668954,-3.9221165,6.896928,-13.290312,-3.2175956,-5.812725,4.1564784,-4.8514113
-391.31305,94.53665,-38.5202,47.79273,-8.056584,10.721408,-20.597652,1.0941523,-32.05839,-1.0342284,-5.3886843,-12.681015,3.2538712,-6.5050764,11.759984,-14.264631,-3.544167,-1.7946954,3.002469,-2.0890217
-408.6099,49.409275,-38.828102,39.713066,-5.2700844,-4.554959,-13.934526,5.9951663,-30.62828,-0.02422964,-3.6245794,-11.271116,1.3534294,-8.392242,8.0448065,-6.6406384,-3.2278552,-6.455206,1.4281628,-6.5424914
-452.7374,70.19771,-14.917273,33.32284,-4.532411,22.45638,-20.397062,0.46960232,-23.46192,-0.21665928,-1.1972924,-7.926627,8.277491,1.3117872,10.240396,-12.338306,1.2685453,-1.069935,1.8560483,-0.03410986
-373.36905,63.37889,-39.794754,43.373814,-1.984188,4.5565147,-23.083374,0.51538265,-29.902065,-3.6480596,-8.881299,-10.924224,4.526652,-8.9403305,8.4054785,-11.540573,-2.5473347,-2.705184,2.9597685,0.2911181
-443.96118,105.8945,-24.55988,31.026531,-9.286452,7.5034018,-5.756433,-3.9776618,-27.61641,0.49274525,-2.4166946,-11.278411,7.4489107,-2.2508068,4.926024,-10.588889,-2.9075785,-2.3875363,-2.8446703,-2.8384998
-407.00287,75.071915,-37.19944,29.459034,2.8953898,2.0606654,-14.792529,-4.3269563,-25.04535,9.16052,-0.5721708,-10.168857,5.9560957,-2.9056458,5.2482786,-12.884863,-3.250431,-1.0345433,2.3071134,-2.0046067
-354.22342,78.22123,-38.097412,36.951206,-14.3931675,8.180636,-18.92355,-10.165039,-37.026905,1.424472,-3.6448996,-13.971769,4.9248424,-2.989723,11.145619,-14.438553,-2.5364728,-4.4009695,-2.5051246,-3.097373
-348.64352,89.87918,-52.272816,29.537228,6.858083,-4.150167,-12.917134,-9.409808,-37.78317,5.644325,-10.506145,-12.15779,9.814601,-6.9227853,2.593508,-11.080372,1.1638235,-5.6456647,2.0780723,1.3423821
-378.36258,75.51087,-32.67797,35.223843,-1.4391353,4.5977507,-18.190393,-2.6239066,-25.80185,2.055048,-8.259424,-9.421859,7.8076634,-5.93613,7.510146,-7.6929646,0.51076263,-2.6120167,0.08904517,-3.0141845
-369.99854,61.316406,-25.710516,34.439342,-5.670232,5.5948634,-14.837231,0.35021368,-24.604822,0.59414554,-3.4177606,-7.5931544,6.9987593,-0.49293575,9.4533,-11.887157,-1.9386792,-1.5916365,1.7018335,-0.63159573
-339.7472,90.48431,-50.820103,17.203415,-10.7262745,-2.995781,-13.631896,3.9862373,-30.871408,3.9176772,-7.985573,-8.711056,5.496859,-9.76842,9.685837,-10.33389,-4.103399,-7.47698,-2.0023673,-6.853781
-433.58237,78.91295,-46.463356,35.00016,-1.1518058,-0.35940197,-20.363117,-6.404209,-28.24098,9.478302,-6.295811,-14.204771,4.817036,-4.9766436,4.7625146,-10.570949,2.1738088,-7.802982,-1.5188391,-3.900884
-445.16794,86.713135,-31.549446,28.112795,-9.494177,5.756249,-11.826226,1.32465,-28.960564,1.4758899,-5.674533,-12.529269,5.7157187,-5.9934096,4.8980417,-9.968893,-4.1763954,-3.510446,7.516691,-0.007671514
-394.2032,95.506256,-44.801483,21.977959,-10.716678,0.29917726,-8.187427,-0.6946366,-31.2279,-1.0577412,1.3455281,-7.6259274,5.5116854,-3.9140866,13.592569,-6.853855,-6.642741,-1.0900482,-1.5906141,-2.4238708
-445.9978,65.44539,-25.672478,35.892838,-8.878593,10.997042,-8.489782,0.98937577,-26.836678,2.0665908,-6.282405,-10.958281,5.487686,0.46931505,9.6183,-11.059015,2.2342124,-3.4053187,-1.1604527,-3.937272
-459.69104,74.01762,-25.733864,27.495436,-10.221156,10.213741,-10.274303,-2.2078078,-27.150616,4.6209517,-1.7864035,-8.908125,6.008856,-2.7698832,10.635133,-12.132787,-1.816487,-1.084118,1.1520476,-0.6588142
-399.76056,84.89698,-36.173935,29.792362,-10.096841,12.733,-21.423225,-4.8901405,-29.574778,7.7600236,-1.4973696,-9.975268,7.454285,-0.39423952,9.591999,-14.758575,4.2098613,-0.97753,3.9588645,0.85732883
-387.19772,85.21384,-38.880596,19.961737,-1.3092538,0.69319016,-14.099205,-12.0206585,-30.51077,7.653021,-4.766091,-12.543701,8.943642,-2.8326051,0.98988885,-10.319361,2.2574282,0.08846362,6.216336,3.7615352
-374.79935,74.734116,-39.50599,19.978252,-3.3092613,6.903851,-16.193007,-10.339215,-31.686632,3.5572233,-2.5344024,-10.618193,7.0409985,-0.026600959,3.6208131,-9.488299,3.6923811,-3.30317,4.4528666,3.323742
-423.76852,80.81414,-42.982117,37.123325,7.221534,4.0909796,-24.84349,-8.955019,-28.121878,3.7496653,-4.2823496,-13.329685,5.32498,1.2217162,0.768903,-13.343991,4.1630282,-4.410181,4.3171678,5.548699
-387.39612,109.22266,-52.54431,25.054829,-10.11416,7.092349,-13.332836,-2.9977493,-20.72184,8.961608,-0.90535414,-7.5798187,8.460076,0.55145764,5.624314,-9.714751,-0.61461574,-3.8466177,3.259586,-4.5804844
-393.50214,74.14375,-39.897648,33.69641,3.4323828,3.4349568,-21.388483,-6.4034667,-33.5801,1.8943751,-0.26227534,-11.848544,6.8742523,-6.654716,1.0660316,-8.625504,0.49370348,-0.68334615,4.934842,1.9804051
-398.50238,84.3119,-50.711174,17.964067,-8.978171,-3.4965427,-14.953584,-4.982448,-32.08551,5.6312585,2.6907756,-10.558066,7.2717233,-3.8212068,8.827067,-7.2702703,-5.5291905,-1.5281522,0.90405476,-3.520436
-405.76227,88.66762,-34.478096,15.684676,-11.863715,4.8959894,-8.734214,-0.9628543,-29.533346,4.1497636,-1.9185524,-11.963097,2.7382674,-5.7598095,3.2412195,-11.116081,-0.9909027,-5.3533816,-1.6728096,-3.2161925
-391.9543,89.040215,-58.94227,32.463,-8.544959,2.4852502,-20.336868,0.38979888,-30.401634,0.8175235,1.3542868,-14.835555,3.7455795,-1.6568813,9.893062,-10.438129,-3.1965113,-1.0257651,1.0570494,-1.7705462
-415.1182,95.058876,-37.128014,26.749418,-13.415196,10.10064,-20.362421,-2.8561435,-29.363047,10.815005,-2.386364,-12.556738,11.755191,-5.380683,6.498674,-10.12697,1.8465995,-2.066626,4.9093957,-1.5443681
-386.97604,60.586952,-36.436363,26.711561,-11.805325,5.095382,-13.287707,-4.4192424,-33.24723,1.7075728,-1.7588404,-10.927077,7.5812182,-3.3758948,6.9685273,-7.115817,1.8870051,-4.42703,-1.3402786,-3.274657
-401.6111,67.791336,-34.134415,38.56052,-5.763267,5.163401,-17.064608,6.8998923,-21.153513,-3.0741386,-7.9582024,-8.079037,1.3000576,-7.5001364,7.5482254,-12.6072855,-1.8324088,-5.170213,-2.082635,-5.531152
-384.01974,81.40042,-42.654896,26.581116,2.4837406,2.4799712,-17.864592,-5.231551,-23.948198,5.4650307,-3.6821868,-9.243749,5.762896,1.3121428,7.4443817,-7.087081,5.188943,-2.778658,5.8718243,1.3846587
-346.0565,83.52347,-40.6782,27.529987,0.74307203,-0.044647265,-16.156979,-9.500571,-29.056168,8.44516,-7.3467097,-10.893463,5.043911,-9.273816,4.617797,-7.016371,-0.27743334,-7.768798,1.0434752,-3.2144637
-357.4531,79.770935,-39.90288,36.79195,4.149778,-1.4824891,-24.764406,-5.0736876,-27.989084,8.107413,-5.706821,-10.90778,8.361668,-2.1239433,6.2948217,-15.634142,1.6784383,-4.588254,-4.539758,-1.5253968
-354.1527,67.30939,-52.057964,27.122187,-8.548665,-1.4953592,-18.443018,-1.3966188,-37.595387,5.051521,1.6300056,-11.347327,4.8077607,-3.5071838,10.164115,-12.552051,-0.5273969,-6.276575,-1.4546937,-1.0808572
-429.09293,68.20999,-30.302708,41.80438,-2.751886,14.584785,-19.83968,1.8868604,-29.75274,5.212741,-2.2075622,-14.36933,5.877407,-5.899316,9.428455,-12.696298,0.48233095,-0.007980122,2.1220286,-3.3934517
-435.42413,72.51513,-36.44284,34.28665,-4.580826,5.158653,-16.968216,-2.6356204,-28.055532,2.891975,-2.011889,-12.183368,7.827954,-3.8412287,2.1328745,-7.981666,3.399121,-2.132046,4.3453693,0.9179593
-364.6755,76.615555,-41.817722,28.55387,-9.451541,1.5537807,-13.579892,0.7514761,-37.829723,-7.167721,-4.9769607,-10.072735,2.9262307,-5.955351,12.234311,-11.818729,-6.303706,-3.6999116,-1.2353916,-5.096693
-358.68356,81.97463,-50.06251,36.303005,-6.6091666,-2.7435157,-16.85995,-10.222559,-32.689354,1.5545255,-7.277445,-11.244042,7.9227877,-3.6376402,2.9094138,-7.9680977,-0.22253688,-7.839445,2.3764622,-0.19148351
-370.62085,72.09281,-31.44781,18.325064,-6.4113398,3.4792511,-12.819516,-1.5061911,-28.564169,5.993965,-2.3495016,-9.211729,8.759153,0.65818,11.248324,-12.319691,2.390715,-1.2009925,-2.7295225,-2.050832
-403.28723,66.6535,-42.800343,25.414797,-2.0536964,-0.08283631,-11.296992,0.92997676,-31.375566,6.023119,-5.310412,-13.734942,6.000753,-4.0099096,7.1049323,-8.934868,-2.7890892,-2.0885088,0.98546076,-4.884231
-389.78723,73.91198,-35.620216,40.862648,-1.7864487,2.6887708,-17.884243,0.38811463,-34.791866,-1.6139615,-5.642547,-13.483682,2.6269956,-5.2704186,7.4317627,-13.375526,-1.2287667,-4.926947,-0.7882726,-4.4172916
-408.05417,53.318943,-39.15834,33.1,-11.080744,10.814988,-22.645775,-3.4734855,-29.799992,7.0193596,-5.9067206,-14.4239,11.15323,-3.9043984,8.710729,-10.606206,1.5224959,-1.0310861,2.5984056,-3.6574218
-440.40833,63.411713,-23.77117,20.786741,-4.8424835,-0.029864255,-1.6491117,4.1794205,-23.460804,-0.61442614,-1.1498356,-6.8961554,3.036728,-6.320844,6.0261617,-4.262345,-8.514178,-3.7283072,3.7612584,-0.4604325
-391.5406,74.4902,-39.168587,26.733297,-4.4854355,-1.7635212,-13.761932,-3.2543378,-25.43641,6.6390023,-5.0453925,-10.99402,7.6123424,-3.8543503,6.9496927,-9.853038,-0.942155,-0.6587781,0.14631455,-2.9263198
-436.5258,85.22275,-24.844448,25.7393,-9.222364,-2.5847757,-5.349907,-3.9740753,-27.878082,0.18672304,-2.1133583,-7.1684656,5.025226,-4.3866677,6.230991,-8.553193,-3.987162,0.8995024,1.9609619,-0.7640695
-452.0,103.153275,-36.80557,15.421643,-13.403573,8.36711,-5.4784594,-3.3252864,-33.0379,7.1815624,2.827225,-7.6344576,6.209074,-3.9130762,12.362858,-13.089802,-5.4995384,-1.1842546,-2.2482288,-1.2733275
-411.80762,80.74631,-36.361732,46.77788,-1.6164379,3.3943474,-21.422417,2.39166,-25.552885,0.6904336,-4.898823,-12.670014,7.032452,-7.5774493,3.9989672,-10.795583,-0.015623738,-2.0753841,-1.3067759,-3.6141393
-382.4616,73.165596,-38.983734,16.255613,-20.163252,4.2655735,-11.005001,-1.6125095,-23.580364,5.4781804,2.4405696,-12.926096,2.1552117,3.4817374,6.085018,-3.6858528,9.265374,-2.416549,4.0137734,0.28799048
-416.39685,86.4833,-24.833426,39.245617,-4.6249514,4.766011,-18.05451,-7.947839,-26.483612,1.2422286,-4.9123473,-6.652283,5.5544643,-8.687723,7.540089,-10.510736,-1.5081575,0.18482515,-1.9542444,-3.2762606
-372.7319,61.760334,-29.151955,35.733135,-4.516995,1.4089231,-16.032162,-3.7151055,-21.560547,3.813915,-6.9998612,-8.648355,7.4290533,-8.557214,4.4758325,-8.74985,-0.6655528,0.1309612,0.3913341,0.15023285
-385.1826,97.20989,-50.775043,22.164686,-10.480631,1.2297174,-15.285527,-6.3356576,-26.371439,7.1710014,-1.4430408,-17.103601,8.650579,0.6399452,0.3654642,-5.952851,5.4242454,-4.1279154,2.1527796,-1.0943656
-389.57037,66.63064,-35.024544,19.827269,-11.626041,-0.9588853,-14.555978,-4.532587,-21.86071,7.6363006,-4.2250447,-9.220646,9.748448,-2.7633178,4.1369925,-10.221107,0.9702545,-1.9759885,-0.25222817,0.8113553
-385.09387,74.56452,-30.144968,30.779505,-7.14923,-6.32047,-11.5685,-1.0518245,-28.349567,2.817823,-2.5992918,-13.460666,5.5102363,-3.0600054,4.2134213,-11.702651,-1.4670033,0.99898356,1.9103914,-0.07085072
-406.23026,96.13436,-41.972244,34.2043,-5.054556,5.992617,-20.09244,-7.053821,-28.84949,3.8626873,-4.068752,-11.520255,5.81536,-3.5244553,8.274088,-11.840167,-2.9499044,-3.4092262,3.0818148,-2.1861258
-406.29672,82.63282,-43.427326,36.822952,0.82745385,-4.6161923,-20.521618,0.2506103,-31.672462,3.2182837,-1.3289121,-17.038029,8.589728,-0.8919699,3.2472289,-12.5121565,-0.6100755,-0.6405964,-0.5903401,-3.022747
-376.90686,93.047585,-41.105457,34.346592,-1.3382813,4.820191,-18.089233,-0.65559745,-32.96801,0.33500487,-2.178102,-12.707155,5.6466126,-3.0004616,8.155073,-12.816751,-2.367356,-2.0970623,1.1370924,-4.194824
-403.64886,89.406815,-37.43991,21.520893,-19.176867,9.105349,-18.27968,-8.645489,-27.915165,11.16775,-2.2704105,-16.055168,9.404729,-3.3254652,3.5359683,-12.479186,3.62743,-2.65829,-0.95305425,-0.39732766
-443.69684,49.9744,-48.10675,37.355392,-16.758793,11.575433,-15.776356,5.222645,-23.44379,8.212825,-4.11979,-12.098519,5.6185837,-3.1320043,12.351809,-7.4217777,9.426974,1.1531838,5.246958,-0.74293387
-428.00458,63.370964,-35.650383,44.426025,-4.4467497,6.1169147,-15.821725,-1.1137552,-28.25184,-1.8512076,-6.506732,-7.74602,4.4637885,-5.1454725,7.399835,-13.17379,-1.5568379,-4.89706,0.17760713,-2.8893714
-384.90063,93.0733,-47.009083,17.541258,-8.662241,-4.619057,-11.53133,-2.0692267,-28.394537,5.5650773,1.1454555,-11.021243,4.191085,-3.131889,6.303676,-10.008346,-0.30779788,2.2826385,2.584404,1.0406708
-362.99765,75.15236,-49.723263,21.079288,-14.475301,-2.7571754,-15.9445915,-2.384449,-27.45316,12.049023,-0.3024438,-10.519881,6.183002,-2.5892696,5.7641573,-8.749266,1.1463162,-10.76106,-2.3688745,-3.4454136
-391.28915,85.06767,-41.360237,30.42739,8.029747,2.055259,-16.1701,-0.9088844,-29.192564,-0.4840465,-4.276067,-12.5965605,6.7473803,-3.634196,7.863479,-2.4721541,-1.3371872,-5.488702,-1.5926399,-5.251633
-379.53665,92.63515,-36.78228,38.934925,-9.533895,12.46682,-24.202015,-3.1743796,-31.453175,5.564479,-5.888098,-10.731811,10.687627,-7.3514166,3.1113148,-13.491317,3.2842107,-4.8279543,1.3453655,-4.5772524
-390.7355,75.14626,-36.595287,37.487274,-13.70761,9.174149,-19.585657,0.30220753,-33.63341,5.278145,-5.503157,-9.286593,5.5426817,-3.5776038,11.349678,-14.775267,4.9353213,-5.078199,-0.03002872,-2.7156072
-340.95273,84.39778,-47.346172,21.344133,0.022800524,-7.784636,-16.248829,-4.0313053,-38.79111,-2.3679233,-4.5698447,-10.821909,2.9182172,-6.337836,12.4858,-10.978363,-7.9093194,-1.5837717,-4.4311376,-6.954149
-367.61356,73.81397,-36.567326,33.738956,-6.4459634,1.9588653,-16.737831,-6.0011435,-27.691923,1.4169941,-9.300659,-11.002568,5.405286,-3.1931133,7.6859655,-10.720562,0.97125566,-4.2629447,-1.1695907,-3.6227794
-354.90262,85.299965,-41.518826,26.887089,-12.511007,-1.3312259,-21.043764,-9.9717655,-35.282272,5.641287,0.20695001,-16.61121,8.964193,-3.4167802,1.3659683,-5.8886538,1.7249647,-5.794272,2.5995488,0.17743456
-430.7637,95.74575,-33.34382,24.769356,-4.2396727,11.390718,-17.195736,0.49553198,-29.490559,6.0732217,-2.5796652,-13.038713,9.123557,-1.9601585,6.002066,-8.514099,4.028836,-4.028427,-1.6337348,-3.8194957
-441.13248,93.610245,-37.60069,28.53638,-6.316595,7.6269646,-13.25312,-4.3027205,-29.36008,1.3930117,1.5859492,-14.21799,5.070571,3.4145384,8.064974,-12.266257,-2.8694763,-0.1911136,0.054394335,-2.2556224
-473.87317,69.289536,-23.187046,20.278038,4.145209,-2.7865906,-11.231873,-6.1415534,-22.347637,-0.11082542,-2.4592543,-12.638163,2.1890767,-6.8007307,-5.0291224,-4.5416193,1.7642535,6.1101236,14.184312,6.881272
-426.85782,82.89813,-32.360554,40.75602,-8.882913,9.449068,-14.191398,-0.0008473116,-27.176088,-2.4919531,-4.6120243,-8.368071,2.934126,-4.5676436,13.174921,-10.742224,-4.791755,-4.0746193,0.5156528,-4.1724725
-468.67905,77.14755,-23.949608,27.699512,-3.9100132,8.611614,-12.941015,2.605917,-20.590227,0.39181158,2.5827215,-6.737737,5.2541738,-0.3408071,7.204945,-7.7723684,2.5505571,2.808124,3.2438776,1.4027228
-471.57584,79.41985,-39.756767,40.176266,5.662356,11.047002,-13.72277,-3.376341,-29.099817,4.7148423,0.7615314,-11.719083,8.225842,-1.376292,8.294032,-11.278424,-0.51838195,1.14141,3.1528006,1.5029024
-441.15942,65.80014,-37.630947,37.761173,-6.5501394,16.042904,-26.320244,1.239738,-24.292639,5.8877234,-5.2487936,-10.558634,10.227541,-3.9596422,6.2136374,-10.597007,4.917504,-8.385071,0.9265108,0.36903167
-390.5004,77.005554,-47.31295,36.31281,-13.166018,11.898223,-28.584791,-4.0603185,-27.572195,8.68738,-1.6499741,-12.955233,14.233725,-5.207334,4.113092,-9.360733,-2.0158365,-5.6495314,5.2064934,-2.184421
-399.98572,74.74685,-27.979464,28.00411,-5.345502,6.153233,-21.130558,-10.245874,-27.307882,0.7754882,-2.7391908,-12.0728655,9.819116,1.0233879,0.031071166,-8.851706,3.4784217,-0.8454377,4.6570325,2.8041234
-392.42136,73.799225,-37.890354,45.785553,-3.2948158,13.48619,-21.093924,-1.1028961,-28.535889,2.0331573,-3.987154,-13.071759,7.618459,-2.3965786,6.535103,-15.182757,1.6833891,-3.7567568,0.7012322,0.40860906
-393.78622,70.1936,-39.089645,26.092505,-7.476332,8.831222,-14.880165,-5.241958,-26.739143,4.59218,5.321425,-8.237658,8.21232,0.38478243,6.0841174,-8.999696,2.4168546,0.74028575,2.0139945,3.0605767
-351.3155,71.16244,-44.29428,29.002237,-7.8683453,-1.5453112,-13.369923,-1.9741025,-29.259356,7.494579,-1.3976998,-9.679543,5.4483476,-3.9852092,7.303694,-13.223546,-2.5346563,-5.730764,-1.3453813,-2.2396238
-393.96884,76.825935,-35.45504,25.876146,-11.150514,6.0972843,-15.492135,0.08124576,-33.278873,5.2620835,0.053885177,-8.281837,11.76228,-5.3809857,10.796147,-8.87988,-3.5534985,-1.371259,1.5251653,-3.0500016
-423.96045,73.10504,-40.144115,50.41317,3.7812114,3.9827783,-20.457659,-4.750546,-28.164986,0.6159813,-7.3367043,-11.762886,8.6930275,-5.5642204,3.679211,-10.528716,0.47510347,-5.3608923,-0.28610778,-1.1361096
-458.57455,95.730354,-40.222164,22.513515,-8.109392,9.879819,-15.108678,-2.7935061,-30.766315,5.2571783,-0.8705745,-12.94809,7.1734214,-3.9862046,10.105034,-11.069328,-4.3059525,-1.7015016,0.9522961,-0.524819
-408.40866,50.578594,-21.97695,23.897434,2.447783,0.8600048,-15.973485,-8.118768,-26.864485,1.8333519,-3.5090022,-12.6195,4.5422244,-0.40543967,1.6262938,-9.7697525,-0.58252674,-3.1633463,1.893816,0.24968144
-385.8833,52.695156,-44.387264,23.59394,-13.092809,4.492226,-16.665644,2.5755665,-30.316555,-0.69569796,-1.4775128,-9.293762,5.767006,-4.496714,14.247222,-7.7012715,-3.009592,-1.4268044,-1.4020458,-3.3670034
-433.97678,68.57664,-30.560833,34.05901,-0.9654732,8.615791,-21.728199,-5.7210984,-28.412329,4.5283136,-5.412968,-16.624481,8.000781,-5.6472764,3.3505535,-11.118168,-1.7864726,-1.4305061,4.7247596,-0.53278655
-380.34286,64.95306,-30.027971,40.10968,-22.189344,11.198439,-12.932115,6.2813234,-37.2789,-0.4364012,-9.794776,-11.148623,4.814919,-8.077576,11.2219095,-15.266183,-0.4414563,-5.175664,4.252625,0.5464276
-424.38406,95.500854,-33.79001,34.03331,-0.072575435,-2.9355123,-9.490171,-9.631686,-30.64753,2.99351,-0.6485585,-11.387472,10.322719,-5.9341044,1.1612495,-4.5104966,-3.4939835,-4.985586,-2.3966777,1.0907669
-368.17654,89.13558,-40.914402,11.680536,-4.6456385,3.6047106,-11.171797,-12.318524,-27.500006,7.8435354,-3.3548584,-6.5965695,7.4465337,-5.244364,4.1244807,-4.13742,0.12971205,-7.5265713,0.024206288,-3.7352626
-404.81113,70.61331,-28.040308,41.259495,-13.628902,1.079518,-17.889866,-1.8942767,-26.733469,4.518636,-5.618309,-10.012076,8.529045,-2.035076,5.957579,-12.60098,1.2483025,-8.470195,-4.0845046,-1.0241607
-413.24033,54.065514,-29.88175,51.541103,-10.185159,16.314789,-19.867586,6.873893,-25.998129,-1.2577707,-7.8941875,-5.4717917,5.5877357,-9.39002,12.85346,-14.50754,0.98933905,-0.19167452,2.270802,-1.3639776
-362.9064,45.64122,-33.817245,19.104372,-20.557882,5.5193186,-22.54406,1.2804497,-34.081886,2.5201647,-3.1265416,-13.004956,7.6809506,-2.6179862,8.568081,-8.404475,9.129743,0.2224708,3.4333594,-0.5906741
-363.13693,75.81179,-45.016544,30.510788,-20.708923,10.878609,-24.028515,3.8691318,-34.957607,1.9897441,-7.537702,-11.772006,7.7988343,-6.84737,11.137383,-14.686395,2.73326,-2.8158295,1.1600268,-4.26512
-379.1722,60.761982,-38.985386,42.81974,-0.32452837,7.1063275,-22.816854,-0.56236583,-30.833033,0.058197595,-4.678875,-11.1074505,6.7290306,-0.42184916,9.849552,-12.588272,4.0333896,-2.4791312,-2.0355427,-2.1422942
-371.06424,97.38324,-39.980843,25.804941,-22.734816,8.039167,-13.759047,-3.92295,-33.408104,7.525065,-1.7389711,-9.7239,6.870294,-3.9160335,4.6060047,-14.949073,2.2454007,-4.692499,1.1085621,-3.7356224
-376.07764,66.590195,-33.299164,34.632244,0.6212811,0.1918816,-18.786364,-3.4069152,-26.27887,2.1521556,-8.860948,-9.332622,9.625871,-7.293494,2.2434955,-6.112407,5.013858,-2.4782531,3.7410948,1.772094
-365.58557,90.511734,-40.19183,26.79738,-10.729603,3.416419,-17.808315,-6.866493,-35.514263,1.7108935,-2.58174,-14.9710655,4.1371546,-2.0771158,5.056726,-11.179804,0.2319725,-2.6499343,1.7308533,-3.9710248
-377.95493,79.178665,-55.321682,34.11572,-8.209178,-0.20160681,-18.844742,1.5393298,-33.20193,3.9751546,-7.9251127,-10.251698,8.89073,-6.4395533,9.69665,-15.161116,-0.4375238,-1.4456471,1.118789,-2.8815484
-444.70163,79.44339,-40.80584,33.034294,-2.2030988,9.67427,-22.10072,-3.190522,-24.561588,4.391214,-2.9887009,-13.617589,5.575595,-1.0160226,7.076754,-11.785588,1.5563068,-4.775771,-0.60816216,-2.929587
-445.3912,73.42097,-29.887186,40.503277,2.6464076,4.276438,-16.330688,-0.7861111,-26.281355,2.363228,-4.4815803,-11.401855,4.6466823,-4.1443205,5.2055764,-14.962531,-1.3751485,-2.504125,0.8161104,-0.28220162
-372.88403,55.161823,-46.352024,28.681917,-13.347869,5.0737505,-18.273178,-1.9128269,-36.19477,4.542322,-1.869586,-9.14525,7.5502095,-5.241184,10.732249,-14.270748,-0.8462336,-3.8592029,-0.9295389,-2.100855
-440.065,96.70474,-34.65887,35.555843,1.5070753,-0.56711125,-19.539112,-7.011,-28.663845,3.7963724,-9.882839,-9.466519,10.227167,-8.357087,0.4939543,-9.397889,-1.4355366,-5.211094,1.1932749,1.1228738
-415.3495,70.29088,-27.59809,27.540863,-1.7610815,2.6407394,-13.98884,0.57265985,-26.455658,3.7493043,-3.4242878,-11.00874,6.303603,-6.6016207,6.056851,-8.92886,1.1026227,-0.7065943,-0.016486755,1.5453304
-400.8908,99.36597,-35.352783,44.338345,-6.422042,13.507452,-20.930145,-9.640318,-28.091368,1.8293974,-5.8763976,-7.9648905,6.867734,-4.7405915,9.153024,-15.194031,1.274114,-3.0776284,0.28734705,0.16426265
-384.2276,90.1014,-39.966587,26.370514,-8.927056,3.1282659,-8.303584,-4.520456,-33.474262,5.254134,-1.1039883,-11.450962,7.4830837,-2.1689842,7.3135586,-13.624666,-1.0506028,-1.6564937,-1.1245595,-0.81342065
-383.45633,74.25376,-44.401608,32.778133,-16.779568,3.19898,-13.54868,-2.71392,-34.07319,6.636015,-1.0294884,-15.933786,10.0837345,0.59991866,2.876101,-8.528861,3.9554234,-5.901789,3.3138816,-0.084756844
-383.69266,57.71351,-31.569527,16.647171,-10.6584,1.5213153,-15.2982235,-6.5770497,-27.756083,9.093988,4.9570904,-11.570079,8.309676,2.1594486,4.340204,-10.990478,2.3465164,-0.54346323,0.1281342,5.4655404
-390.5463,83.53727,-34.269604,34.233746,-5.9154415,6.5661197,-15.963116,-1.2984011,-31.66305,-1.7992413,-4.7394686,-10.268553,4.8581743,-3.318936,7.448934,-10.680666,0.09290054,-2.4028077,5.5745306,1.0604726
-384.86475,67.654106,-30.269758,18.456667,-13.768936,4.471627,-11.372,0.52286524,-28.466776,9.239097,-2.8752644,-9.958465,7.2357726,-4.6968365,7.7376866,-13.340273,-0.5982774,-2.442268,3.284632,1.2287693
-437.40665,79.38723,-21.453587,26.327185,-0.29746547,0.3329824,-14.315417,-1.8757572,-28.275646,1.3269495,-1.4558682,-14.462347,4.10061,-2.6173892,3.6762626,-8.759047,0.78105754,3.672956,4.0680594,2.1878037
-446.30212,70.78444,-31.177067,18.99009,5.592608,-3.790392,-12.219908,-7.84594,-27.557175,3.8050294,-4.013908,-9.855483,8.550862,-7.9634204,-0.6787669,-4.35204,-4.2062325,-5.1385484,3.6392546,2.6348813
-406.85962,81.83737,-40.041832,36.085052,-2.3223574,-3.4524605,-16.809944,-1.5614314,-36.859016,-2.8149512,-10.065062,-14.343606,5.441054,-4.662138,11.189797,-8.862366,-2.4535444,-3.378579,0.08481329,-6.5538387
-480.477,87.22418,-17.301762,26.55721,-6.8752556,8.101857,-8.75446,-3.8147373,-22.97003,4.4920273,-4.5820513,-8.003093,7.7543836,-4.441668,3.683665,-9.935654,0.20428073,-0.84965044,1.5814856,-1.3954847
-425.59366,85.2058,-43.31817,28.47476,-5.597644,6.045071,-13.215966,3.2693138,-28.81175,2.5174325,-1.890102,-12.070136,2.7019026,-5.527976,6.164348,-8.9288645,2.485508,-3.9701607,0.7269571,-2.5437872
-429.65176,85.469055,-36.630775,34.481606,0.18273354,7.4012957,-15.770261,-8.595871,-28.327686,4.3776836,-7.2478557,-9.514612,2.437919,-3.96004,7.3259954,-12.216388,0.3748037,-5.7781086,3.0302415,-0.45201775
-396.29865,60.8348,-33.481735,29.517456,-14.081343,12.152266,-17.343485,-1.1958978,-24.502165,7.9452586,-2.3486328,-8.783117,11.203948,-0.6583767,7.937146,-4.588883,8.744265,-0.9738281,5.9759955,2.3116562
-362.9549,68.00902,-32.93427,34.193794,-11.107335,5.110652,-22.684935,-3.9370944,-33.912426,-2.4159315,-4.142339,-17.249231,6.3483543,-5.169377,2.2217479,-6.5615764,0.9227773,-3.7452295,5.1900873,-1.7777727
-410.2559,76.7242,-24.399668,29.825102,0.7645581,0.9686159,-10.630067,-4.225913,-29.372393,0.8403739,-2.717576,-6.561631,4.547874,-1.6753535,6.7254496,-12.833396,-1.1575947,-1.9545876,1.5961072,0.26220354
-358.38254,93.15223,-51.52697,29.593948,-4.153248,0.8842844,-15.060713,-4.7919436,-35.73413,3.1356435,1.3682166,-11.363733,4.2935233,-3.4577463,10.409276,-8.348816,-3.3208761,-4.597885,0.6728783,-3.8640103
-375.57104,61.762726,-35.59509,31.594181,-9.474648,2.5187762,-11.288514,-1.0356185,-30.72985,4.2966223,-4.4357715,-9.009143,4.965271,-3.996625,12.376924,-10.42256,2.353731,0.042720288,-3.7349017,-6.093219
-380.41708,93.88378,-48.121346,23.663801,-17.441723,-1.6133008,-7.7834415,0.1948346,-31.19396,1.2195443,-0.4684133,-9.909986,4.282364,-5.4887156,6.10258,-8.837252,-2.2276337,-2.3428495,-1.9816545,-2.3541036
-392.2695,57.000908,-36.590256,36.83275,10.336603,-1.0042897,-18.822905,-8.7085085,-23.838717,4.4994597,-2.7607584,-8.836138,5.994332,0.66543835,2.2385163,-9.406016,6.1847887,0.28150484,4.7890887,5.439963
-360.99228,92.63251,-45.817772,26.845058,-4.683609,-0.30873916,-14.295475,-6.4725223,-35.291203,7.518446,-3.0554967,-13.438745,7.792592,-5.003012,8.532376,-10.7178,-2.2656493,-1.1676476,-1.4528337,-4.3507047
-432.25076,57.560387,-29.447367,34.85226,-7.9580803,10.081373,-22.485062,1.1161023,-29.362244,-1.7471181,-1.1339581,-12.68972,6.796389,-2.2859108,7.958007,-9.606795,1.6116663,-3.2288418,-1.3434567,-3.0878727
-432.08694,68.91286,-37.099808,35.422318,-6.7295537,5.078793,-21.399403,-6.16705,-24.80925,5.289148,-4.5659385,-13.212035,12.840099,-3.4024053,2.5656898,-11.465769,1.2050359,0.5829679,5.577205,5.41994
-431.74286,62.931423,-48.697758,47.33754,-12.298191,9.862087,-20.586252,2.7433505,-30.077927,3.5825863,1.6365281,-9.599349,8.495123,-3.5636792,14.884776,-11.699015,-0.74211794,0.017192947,-1.0723884,-2.786098
-462.9931,102.20326,-31.846434,40.747955,-2.686966,8.679008,-11.893099,-4.4094167,-25.786419,0.061687183,-0.5687037,-8.132488,4.1475706,-0.67844653,10.499486,-13.67005,-4.5666637,-1.2381055,0.6027461,-1.3453394
-454.41077,98.95551,-13.617081,23.524748,-16.125069,7.2838206,-7.484482,-0.5625708,-29.220541,-4.5116706,-0.7077367,-9.401909,5.561564,-1.617499,9.391048,-9.263358,-5.744751,-1.3161149,1.9705058,-0.19543564
-366.11072,95.82427,-30.202923,22.72331,-7.755006,-2.3579202,-7.169946,-7.3351436,-32.57047,4.494586,-6.933159,-8.37146,2.9460626,-2.97195,9.199707,-13.767411,-0.33747876,-2.319542,1.5926888,-1.1654146
-437.9793,92.15958,-24.928509,28.32746,-2.4885082,1.707011,-14.473141,-4.6065617,-23.971825,5.1058726,-5.2802367,-8.634897,7.226051,-5.3454638,2.7534945,-6.612791,3.3964965,-0.9166912,4.844637,2.035156
-380.41516,63.78542,-37.822075,30.358522,-7.1997013,-4.287278,-17.325441,-5.737335,-24.751715,8.9636135,-0.21602292,-10.336835,13.00305,-2.8834965,4.237491,-6.5670567,-5.5742893,-3.0770338,-1.1681461,1.058854
-386.5416,84.843864,-31.271793,29.268764,3.0157692,-7.0199895,-15.81159,-6.7935815,-29.909477,2.2770617,-0.9420533,-7.5462556,4.9284053,-2.9854016,3.2245936,-9.060093,-2.1712954,-3.0738077,2.106069,0.39042348
-375.31534,89.10014,-49.5959,28.078833,-12.105194,6.5930095,-19.634336,-1.8878278,-29.843163,9.298313,1.8510815,-13.109045,6.43429,-6.6518917,5.190366,-11.447632,2.6557891,-3.2415564,0.6008933,0.37414187
-391.70966,98.248726,-40.755302,20.044432,4.6808853,-2.0856967,-20.564846,-7.964848,-35.41288,7.766248,2.7192628,-13.75872,10.27536,-0.2912457,1.7429472,-13.158313,-1.1742246,-4.710415,-0.42187834,-0.1560613
-397.32874,99.68368,-38.751816,23.939806,-4.8623543,-0.44067007,-15.014715,-4.6819654,-35.380543,-0.036564853,-1.0398183,-11.949245,3.1731389,-7.966616,4.0348096,-12.364554,-7.014723,-1.6150583,1.703048,-3.7767267
-445.42932,81.57597,-34.62629,38.549393,1.245258,3.2602344,-22.363081,-1.9623235,-22.207403,-0.29621643,-1.4700308,-11.830143,1.7597374,0.25703135,9.018174,-13.11036,-0.4451447,-0.5160837,-0.1491235,-0.119225666
-475.83344,86.65158,-15.6832,37.414715,-1.7733419,6.0739346,-11.269388,0.90192664,-28.486683,-5.1388736,-1.7637553,-10.762823,5.0736732,-2.9547524,11.664616,-5.927825,-5.0434203,2.1744218,4.04929,1.0736935
-413.8156,84.12024,-47.187878,36.08631,-6.6761208,-1.300737,-24.480907,-1.4199467,-31.329636,0.8975292,-3.7693624,-15.121358,11.666748,-4.6251173,1.0409479,-12.897001,-1.7783486,-3.6809418,2.3013105,4.008999
-392.14893,73.78077,-44.745644,21.814842,-1.9827278,1.9260617,-12.939103,-5.7920322,-36.406944,4.429918,-0.15084837,-16.55588,5.399014,-3.434221,1.6925248,-8.281042,-2.9895952,-7.2865276,2.8437498,4.3439918
-383.9396,71.61228,-50.00921,31.08369,-6.992949,8.404946,-22.593506,-4.8402166,-35.064648,8.087935,1.7759348,-13.530068,9.135491,-5.870917,8.221214,-12.292243,-2.2383883,-2.2380004,-2.5990632,-4.756603
-401.72543,84.350845,-40.039413,24.074064,-7.8132195,9.819038,-21.661295,0.8270797,-30.64398,4.668278,3.0451994,-13.731646,7.5870614,1.1718987,5.8816466,-9.52176,4.551764,-2.2527807,0.40651795,-2.654257
-387.32224,91.09504,-45.789696,19.603954,5.155325,-6.2791777,-11.142857,0.16111425,-39.273853,1.984183,-6.4796143,-7.7851815,6.67995,-8.144333,8.820346,-9.71521,-3.8164225,-3.4770558,4.0305734,4.770925
-387.7941,80.893425,-41.20643,31.560436,-13.107378,7.9158726,-16.004765,-3.6631358,-30.361168,2.6995199,3.4063082,-10.909814,7.2965875,0.2510608,9.794968,-13.289724,-2.6559172,2.5208375,2.3984811,-0.037941273
-412.93848,92.54387,-24.159508,28.635782,-3.8649542,-1.4127617,-3.1783075,-5.3521595,-28.595776,1.4726778,-9.352663,-5.968478,4.596675,-5.183977,4.6283436,-10.994999,1.1164321,-1.6433312,2.8386407,-2.3742304
-381.59845,75.595924,-21.99171,13.423016,-6.1394815,-3.5391457,-11.700695,-11.494462,-24.223677,7.237485,-1.8060114,-7.803974,8.150587,-6.2232265,2.0795155,-5.516223,-5.063501,-2.3320212,2.1525333,-4.6009083
-450.22177,69.784744,-28.168545,40.57541,-1.8297651,3.612752,-17.428818,-4.560022,-24.226086,5.897248,-2.3635788,-12.028362,8.707466,-3.0344148,3.7294712,-12.559979,1.8813721,3.3239346,0.9746998,-1.1175355
-397.69876,79.66813,-43.465137,46.08427,-1.4436163,4.7537036,-25.564974,-5.312489,-29.657055,1.2984678,-10.193355,-10.482554,7.642934,-7.4940677,6.8203,-13.188665,-0.3353305,-4.0022507,2.3842216,-3.2656538
-411.80334,76.27465,-32.89605,31.760141,1.8697433,8.447963,-18.686178,-1.8636138,-29.699997,0.7552406,-6.0373206,-14.087671,5.8670187,-2.0496497,7.034737,-12.276574,-2.1373484,-2.7940996,1.3936626,-3.0268517
-487.09305,80.13935,-25.297297,26.644075,-6.351607,9.608979,-13.958268,0.5674403,-22.287596,3.83143,-2.5516438,-7.3177123,8.098113,-4.5077596,8.515702,-8.744434,0.8539471,-1.2763972,1.54402,-0.6210597
-416.6145,81.907104,-39.87141,25.372738,-13.816691,14.301155,-16.503218,5.666384,-31.906237,-0.21762957,-3.3545702,-9.711735,7.9158216,-2.9987342,10.545595,-10.383443,1.4804546,-4.3762226,2.1611257,-1.7239076
-464.6594,81.66265,-20.545216,24.814026,-12.176527,5.1437554,-5.131514,-7.1502275,-33.21407,-0.5919697,-4.9388056,-10.35304,3.8521495,-5.824809,6.7629333,-9.1117525,-7.02079,-2.387142,4.1733603,-1.7802714
-406.00742,85.43895,-36.10009,32.030266,-8.891666,8.856908,-16.94522,-6.3207765,-25.159632,7.0362806,-2.297372,-10.490699,8.144252,-0.97305256,6.5433083,-10.784785,4.5366235,-0.31671324,3.6127784,3.1641037
-369.93143,72.65495,-23.253101,13.394338,-15.106242,2.5361528,-16.922869,-3.704875,-35.719875,2.261248,-0.1972182,-16.08899,6.0181937,-4.9573565,1.9768734,-7.809684,4.699165,2.3763638,8.515916,3.6938853
-352.39703,74.81058,-44.227123,23.30318,0.56861377,-1.005455,-14.927954,-4.9400845,-30.47636,3.3318524,-3.7500296,-15.28385,9.285177,-3.7340136,-2.2613754,-2.3129478,1.2268336,-3.0697837,6.2665167,-0.21200871
-368.68622,79.31577,-37.014805,27.520931,-12.111599,0.09494564,-20.614195,-8.151397,-31.994263,8.072711,-6.889196,-11.096581,12.2839985,-3.199068,4.7991495,-13.366022,3.7053683,-2.0383582,1.2167795,0.22850466
-431.6935,70.37954,-25.286798,34.63575,-1.0760016,6.1598296,-16.012827,-3.326098,-25.632349,1.9391996,-2.1535268,-8.759737,6.1585865,-3.2566566,8.999544,-10.401551,-0.79554194,-1.2958884,-1.4819138,0.4897993
-412.6514,78.324265,-49.52369,32.25938,1.4042382,5.8682284,-19.79159,0.6004656,-29.577703,1.3233378,-3.0541604,-9.249823,6.16528,-4.39609,9.518996,-7.2490516,-1.3912053,-3.6929276,4.695941,-0.6420168
-385.8337,103.12397,-41.071415,23.573908,-12.605758,-4.702828,-18.861887,-3.9723504,-24.856678,2.6354778,-4.9779344,-11.682488,6.498238,-6.417068,5.0781846,-8.728297,-3.5049284,-4.7686696,-1.2203066,-1.256539
-428.90567,76.65958,-34.967937,30.287151,-9.007917,12.133972,-11.83006,1.9571432,-32.221127,3.0291824,-2.547938,-7.899593,4.7025266,-4.7784724,14.119379,-11.437583,-1.2638344,-3.4881377,-1.2454764,-4.9165297
-443.75662,96.845634,-34.923313,33.573803,3.8501186,5.5253606,-20.531118,-4.80082,-29.691706,3.0569062,-4.7721705,-17.312,8.309463,-5.0959697,-1.0286317,-9.345348,0.020573681,-6.11675,0.5557111,0.91825354
-409.85608,85.06452,-39.592793,44.460938,6.6192713,-1.7814939,-19.997263,-3.5727038,-20.817497,7.0159,-8.529409,-12.389765,10.786684,-6.7724934,7.477154,-0.33845133,-2.4710817,-4.004919,2.2683077,-5.9707875
-375.8582,71.05385,-40.22473,38.074352,3.78919,-6.516899,-20.797472,-6.404527,-25.170027,3.532387,-10.115482,-11.419465,8.069198,-8.884882,1.1412661,-6.071287,-2.9043367,-3.7511349,3.5756495,-2.8220289
-335.84256,69.79408,-51.631824,30.28291,-2.4056969,4.576315,-17.127232,-1.5501721,-27.559137,10.362766,-4.356931,-11.5912485,7.2631392,-5.447009,7.8671317,-9.435329,1.7044575,-1.9682798,3.7167225,-4.415298
-393.38156,84.58854,-44.998505,29.378935,-11.373013,2.3529072,-7.7864404,0.74153113,-32.0903,1.3208305,-3.3200245,-4.065866,2.0692887,-9.456077,12.770991,-11.058711,-3.3624022,-0.2577923,2.4526107,-4.8142705
-414.35956,51.36174,-37.97006,39.170334,-28.14871,28.309753,-19.714008,4.395302,-26.521421,3.727395,1.7424062,-6.4573216,10.647583,0.7347809,17.114153,-14.460826,5.4287415,-1.6950923,-1.8243748,-1.6185025
-407.87003,85.286156,-24.875498,32.055485,-8.416182,5.1407924,-14.446771,-6.910357,-28.51921,3.1584356,2.0107782,-13.845825,3.1809857,-3.2257967,3.7897484,-8.137134,-1.0669427,1.3043355,1.6254379,-2.6829426
-439.4287,47.173344,-30.397516,39.038475,-8.433974,6.822754,-16.608736,2.199114,-22.042439,8.11371,2.258302,-8.141329,11.352643,3.4941366,9.581731,-7.671064,6.533746,1.6998172,5.958131,4.7472157
-402.31494,95.58409,-46.518337,17.939232,-7.0173855,-7.206952,-17.509039,-9.416467,-26.274761,5.556752,-5.3797755,-16.374931,3.8597512,-5.68723,-4.901857,-8.723587,1.4061341,-4.3254867,3.9349878,3.4905252
-378.01462,59.820385,-60.0341,28.632038,-11.88803,1.7083712,-23.134453,-5.785987,-29.119913,8.019659,-4.4465795,-15.732781,7.450212,-5.2123423,5.5716653,-6.1487465,3.38305,-5.043644,2.0001311,-1.9659754
-418.30682,79.28055,-20.06538,32.40366,-7.704506,8.600046,-17.064093,2.4529166,-32.17416,-2.9445024,-3.6098557,-10.993034,6.064891,-2.6556127,7.4927793,-13.972082,-2.0676298,-2.4940593,0.30617023,-2.028799
-396.41376,89.24836,-40.57855,49.17214,-0.44842288,1.1116786,-17.638887,-1.730815,-31.945206,-1.2454008,-10.279518,-9.36114,5.662702,-6.1765175,13.854304,-9.8747225,-4.3250055,-4.700379,1.5589762,-4.494473
-421.06122,82.25482,-45.069683,35.18525,-5.7962193,2.7228062,-18.425056,-3.1377175,-28.430494,3.592865,-5.34547,-11.422413,3.3539298,-4.50174,6.789181,-11.799627,1.9535562,-0.5461929,5.038594,0.47464558
-449.44556,71.554695,-30.152538,35.94783,-0.95065176,0.020295972,-17.65233,-2.617233,-26.99083,0.92310953,-0.3951212,-12.552684,5.5364943,-7.9577312,-0.70198804,-5.3923764,-4.5047135,-5.069904,3.2478924,-1.791787
-396.1227,90.16907,-28.9085,27.067078,-10.156267,-0.5705089,-14.743677,-3.8752728,-29.933004,5.3418555,-1.4644887,-11.694947,7.886828,-8.009948,-2.9287367,-6.803047,0.898032,-3.594277,4.4500794,-1.9109082
-378.76764,84.66928,-37.835068,32.703186,-16.122648,12.608168,-18.747177,-2.8441813,-32.729557,3.721171,-2.666262,-10.758577,4.4506693,-8.124568,10.110371,-14.567976,-1.1077809,-2.3681378,0.022110457,-2.0033696
-405.9757,85.899445,-33.663643,27.61568,-8.151427,5.8723173,-13.651357,1.0416954,-25.579256,0.92826486,-1.0863918,-7.9807844,2.7664711,-5.08168,6.5462956,-10.023266,0.38137552,-2.5906098,2.111351,0.38324198
-387.23093,54.483467,-37.483967,41.359745,-10.688703,4.706355,-30.70324,-3.9619753,-17.119505,8.746483,-5.3463454,-7.0687556,11.620797,-7.176664,4.258195,-9.49788,5.620974,2.054819,9.153679,2.4089215
-456.16348,80.34684,-22.53152,42.667206,-4.668616,3.017229,-10.375183,-3.7314992,-24.294836,0.97045654,-6.3244066,-10.112395,4.921324,-1.3884522,9.704887,-11.04949,0.9585031,-0.7578461,-3.6525152,-1.2754139
-402.55713,82.0218,-33.935097,35.487934,-4.097007,9.395007,-21.454697,-1.4087545,-31.26349,3.0196924,-1.4474822,-12.190442,5.420392,-5.408705,6.0134892,-15.727842,-1.9244318,-1.9832498,-0.85972816,-1.1938887
-383.24078,90.07313,-52.126774,35.072277,1.8210379,2.447752,-8.504006,-6.814847,-35.248558,0.67906415,-8.88565,-8.175102,2.7887201,-7.179485,13.233451,-10.19618,-5.792407,-6.0654283,-0.20932683,-2.358129
-425.2708,89.58352,-28.30023,33.104683,-9.434063,9.561146,-16.944456,-6.6594334,-33.783886,3.1833498,1.9725003,-11.168716,6.026728,-5.162629,5.103982,-9.727532,-2.7141006,-7.213198,-2.078319,-3.1294224
-393.78055,45.649593,-29.761082,23.977192,-9.588845,4.032513,-19.3128,-3.7877884,-29.456148,5.8225493,-3.6531801,-14.338338,5.927596,-5.3484225,5.3404584,-10.703316,-2.2321818,-4.6062126,-1.5696477,-3.8345969
-474.494,69.306595,-34.658794,35.15652,1.2448056,5.6088843,-17.584614,-1.0600538,-28.485758,1.5493712,-3.4778135,-10.268108,4.66886,-4.9071794,7.578186,-11.069524,0.95133936,-1.1890814,2.8371224,2.645666
-358.28143,76.860374,-44.563038,18.103708,-20.282122,6.6942225,-22.578651,-0.23200735,-33.441437,7.1630397,1.3337402,-12.41326,12.185876,-1.1667109,6.4250374,-9.368016,2.9148576,0.17572387,7.4403954,2.0911512
-420.84872,88.94785,-35.405643,30.799463,-2.459005,1.0362321,-16.626492,-3.725257,-28.805134,7.388725,-0.29870406,-11.4871645,11.615927,-2.3143992,3.265264,-7.3864202,3.015669,-1.2934693,1.4002215,-0.918225
-358.1367,68.818565,-51.690063,23.910189,-8.004325,-2.7185614,-11.777628,-2.0504649,-37.030144,2.163724,-2.2291126,-14.769068,5.1003127,-7.2291427,8.55315,-8.773318,-5.3828363,-1.9450737,2.672999,3.8830585
-428.48407,66.804504,-30.952602,37.631203,-3.6698818,7.5928326,-20.698338,-2.8375123,-29.407152,6.625775,-7.0032835,-11.206608,9.755963,-5.2550783,6.5247245,-10.277396,5.4770823,-1.0924443,4.3695126,4.889842
-342.2673,80.80362,-50.276314,18.80743,-14.731814,1.2314916,-9.755452,-4.8608813,-30.30024,13.525629,-1.3892502,-7.8595867,8.346596,-0.3152771,6.865374,-12.057968,5.6192656,-7.1937904,-2.2612026,-1.6523646
-391.19693,71.18214,-34.83739,33.785,-13.806645,5.4739385,-13.686166,-2.548477,-25.932562,6.669701,-5.455983,-9.796586,6.529516,-2.9133384,8.385371,-13.077945,2.7807133,-2.1014411,-2.0415878,-2.751051
-437.5822,90.20134,-30.753216,32.17519,-4.342236,7.3832417,-14.838148,5.887987,-28.316494,0.78849965,-3.6451387,-11.884973,0.83904606,-6.5769978,9.447688,-13.213264,-3.1979601,-6.127218,-2.0337327,-4.1546836
-420.50446,71.823326,-23.14668,29.849009,-2.1849287,5.3637404,-20.942852,-2.271929,-27.517294,1.9344212,-6.9442115,-9.7635765,9.279564,-8.320368,3.6002302,-11.171811,-2.4611545,-0.6342864,3.2099323,-3.3887107
-443.31888,59.763615,-15.735162,35.36997,-7.02357,1.5874606,-3.9590685,1.3731782,-19.85971,-2.6872191,-1.9520749,-7.761205,3.816996,-1.6198498,8.306007,-2.9194894,-1.230132,0.13863593,-1.4078337,-0.30036926
-408.83734,88.43019,-42.78131,20.015522,-18.126665,-1.176991,-13.047004,-0.40636998,-31.846033,5.585522,2.4867635,-12.751713,8.19045,-5.429476,7.547134,-12.608503,-4.0704026,-0.1477809,-3.4375815,-1.594636
-407.68256,98.784325,-50.117348,32.118256,-12.512854,6.9794416,-13.577609,-0.98041636,-34.071274,2.3531022,-4.294332,-8.181776,5.76065,-9.011025,12.200918,-11.724797,-5.061701,-2.882909,2.2276974,-3.9202607
-414.32867,68.15599,-39.381065,34.647915,-3.6050677,5.33655,-18.005299,0.2373961,-23.395288,1.9182398,-1.6183145,-8.476993,5.209237,-3.1614983,5.3551016,-10.592076,2.2145534,-1.885293,2.6785288,-0.308805
-382.48846,67.93591,-45.21909,41.70514,-1.1511936,0.66978025,-24.716118,-4.8196573,-25.157986,3.1052098,-9.429129,-6.8692603,13.851924,-9.796148,1.9678367,-5.0967994,0.47150648,-6.06773,7.0330596,1.0977057
-381.9616,87.28016,-32.895767,23.850824,-10.10454,6.465167,-20.102936,-1.8031464,-28.58529,5.4579196,-6.1000705,-11.767557,10.050037,-5.890786,5.0307827,-8.560391,0.3253206,-5.6687036,3.324674,-0.10859725
-372.85657,95.31542,-41.66628,30.916986,-8.6951685,8.923943,-18.897327,0.65021354,-32.06296,4.43531,-10.463102,-11.296028,5.36317,-5.5542984,8.736038,-14.868964,0.114369884,-8.191556,2.5171385,-2.2310867
-361.99384,81.462715,-45.385204,22.745094,-8.6,-5.9404116,-18.588455,-5.513609,-34.27637,7.9353685,-2.4752338,-10.085561,13.931302,-5.507934,2.8413918,-4.783851,4.98571,-1.1220239,5.668334,0.9698082
-394.41586,75.58354,-44.218536,39.724667,0.6706732,0.1083181,-20.53018,-4.0043344,-25.038652,4.621156,-6.322,-7.8548374,5.6496077,-6.327979,8.576141,-9.903103,2.7443895,-1.5189332,-1.1696484,-1.8612398
-400.7842,87.74333,-43.25573,16.950796,-16.8637,-1.8588846,-6.401176,-2.2859004,-30.870066,4.3007226,0.07586803,-11.779681,2.5921848,-4.816074,7.2228193,-11.268426,-6.565814,-2.4434683,2.99265,-2.103748
-455.05035,68.16315,-29.823912,33.66816,-5.667824,5.6399183,-13.313784,-3.4051352,-27.296095,4.934648,0.8597829,-6.967757,5.9243746,-5.1299443,6.369901,-9.575389,-0.8339261,-1.0724698,2.799886,-2.2803955
-427.17505,98.021164,-51.3819,34.17807,-7.863347,4.862567,-15.364983,-3.717587,-27.679213,4.3843255,1.4419067,-12.746202,3.260805,-4.538396,6.7938333,-13.297123,-3.5985546,-2.0724044,1.2843945,-1.0722487
-398.43488,81.18023,-39.187767,31.765041,-5.8872204,9.179289,-23.079466,-4.8719873,-34.22744,1.316467,-6.621222,-13.675988,8.025185,-8.376983,3.3317156,-13.115337,-2.5523696,-4.9560204,5.3374753,-3.0323424
-376.3365,98.89163,-46.04657,23.622576,-7.8185043,4.6212196,-19.452642,-7.7554684,-34.10475,9.68596,-4.301256,-9.648247,8.007669,-7.5653715,6.9080577,-13.852329,-1.1782533,-5.422933,0.9938486,-4.1237383
-386.69296,64.337074,-27.135628,36.22809,-1.8513898,10.124503,-17.172533,-3.2015932,-34.208447,-0.8852797,-4.5898266,-11.283165,7.6918125,-2.2802122,12.773236,-11.249597,0.69492227,1.6529483,-1.9356856,-2.8284893
-384.90555,65.22194,-31.758875,41.55185,1.2106978,-6.2664537,-16.6806,-3.9094014,-34.15128,-1.1668315,-9.729288,-14.479495,5.440478,-7.7066317,4.585205,-8.670254,-1.5512338,-4.5464215,-0.31351206,-3.0343947
-406.54132,83.965355,-33.993687,32.335293,-4.05347,4.457298,-10.204139,-3.6414707,-25.713108,4.3071246,-6.587737,-8.546519,7.8098154,-6.1616263,7.3761544,-7.544796,0.15999576,-2.1086133,1.6282717,-2.1822634
-369.73425,76.09357,-35.772297,38.574,-3.931858,6.004863,-15.063025,4.1933756,-25.441395,-2.540398,-4.811417,-8.048484,5.393355,-3.983074,12.379492,-6.4540086,-1.0643533,-3.3128083,-1.1512173,-4.015642
-375.9878,94.81709,-41.43746,35.2285,6.0106087,2.5938568,-16.955334,-7.3798685,-31.582207,-1.4886175,-8.855891,-15.465961,7.956463,-2.3589315,3.0389042,-9.002228,-2.5854702,-4.760582,3.251199,-0.030801803
-377.90897,62.006702,-23.905186,33.957413,0.3693196,-5.3862247,-14.881914,0.15119298,-30.888533,-3.3257446,-5.028535,-9.527906,3.149316,-5.289715,9.140719,-6.96632,-4.1714087,-3.4278803,-1.6011198,-4.144719
-358.91165,85.16737,-47.746635,31.49794,-15.9026,8.040851,-14.188418,0.5434743,-32.39747,5.9993715,4.2492433,-9.40408,6.4911594,-2.571415,10.333131,-10.972458,1.0605671,-1.7453836,2.429934,-2.5050414
-400.17316,55.839264,-23.9629,33.926174,-3.5398073,-2.1461577,-14.059318,-1.927502,-23.61985,-0.59243524,-3.5566444,-4.406625,5.5196166,-0.11238305,9.034694,-4.01975,6.1715736,-1.8669666,1.1001506,-0.25168943
-391.31866,82.30118,-41.47747,30.145826,-8.276413,7.1195674,-17.308971,-4.897471,-27.417862,5.8372645,-6.1039224,-7.152177,6.5040784,-6.4169517,7.1770983,-11.475294,0.84945726,-6.739875,-0.6088416,-3.1149604
-399.3423,82.513824,-29.693314,32.49128,-12.670358,10.530616,-13.615165,-2.7687893,-26.178192,3.5926893,-1.7683499,-8.096541,6.1864276,-4.9162097,9.334353,-11.267815,-2.246482,-0.904956,4.5379677,0.042404562
-388.69022,71.42414,-40.727898,25.990486,-13.05479,12.331181,-14.746923,-1.0656959,-29.091818,3.8922698,-0.34659278,-14.099837,9.206454,-4.20047,6.536882,-6.521347,1.119326,-0.2584381,2.729218,2.8194025
-370.71988,73.58111,-25.471737,30.044268,-6.6379633,14.380212,-15.096895,1.5560801,-34.1457,0.4502475,-4.8996673,-10.620829,8.170847,-1.8710749,10.047667,-12.87538,-1.0963866,-5.582732,2.0608294,-2.3074954
-414.78098,100.2796,-29.238272,21.599602,-0.25799218,1.1913897,-6.4299626,-12.458467,-30.126154,3.3425424,-2.252546,-8.467309,5.4071965,1.5256741,7.1576986,-8.823947,-1.6061627,-0.49432397,5.1628094,0.09738439
-383.80072,77.4895,-39.55654,37.267075,-11.61717,13.231687,-19.984243,-1.8445704,-32.823864,2.034783,-2.3540146,-11.537636,5.784821,-6.228016,8.72204,-12.761358,0.07741614,-1.3433064,1.4824809,-2.4550648
-379.64417,95.953926,-31.51817,26.306973,-12.89573,-0.65865976,-7.423321,-9.995499,-28.687843,4.926353,-2.3727062,-9.699684,7.7502475,-1.8245275,6.219179,-12.750807,-4.710071,0.018528035,0.316079,-3.5358944
-424.2628,61.88527,-23.500065,40.432014,-8.791358,15.7426195,-14.669193,5.02389,-24.114048,-1.4763229,-8.589955,-6.8811812,3.7355294,-5.677244,12.90216,-11.8063965,-0.8908931,-3.8286033,-0.033993054,-5.811755
-400.2155,71.43668,-40.053375,39.595383,-3.9416733,10.622462,-16.971928,0.25501743,-26.329082,-0.36417767,-1.5876349,-6.4406085,4.29505,-3.5906947,10.948857,-10.752217,-1.2537525,-5.2645326,0.92113197,-2.0277636
-413.8493,89.28665,-32.25506,39.345608,-7.555542,9.571557,-11.729489,-5.2901583,-21.589777,8.402851,-4.34533,-9.123001,4.5694532,-3.0728273,9.950225,-9.102744,1.8537401,-5.0041976,-0.35599345,-2.4869237
-383.3218,84.2401,-30.713533,22.271818,-6.418077,6.02291,-10.458607,1.5110623,-28.923004,-0.12693225,-7.9790754,-11.711047,5.7727785,-7.1172004,11.529605,-4.868061,-2.963283,-3.0737526,-1.0162333,-5.023803
-419.2144,94.6011,-17.987173,26.682108,-1.8470329,3.7507486,-12.55292,-5.935449,-21.63603,-2.656892,-8.178101,-8.964793,5.605241,-3.8562894,3.4935226,-9.910492,-1.9474968,-2.0213566,-2.9295793,-2.540837
-411.24225,95.93869,-26.548336,40.792255,-5.850188,6.29919,-14.546543,-3.205265,-24.875114,4.066977,-2.7914531,-8.020419,7.715119,-1.5229437,10.9793825,-12.005623,-2.0832043,-0.19462857,1.0063431,-1.5865562
-405.37616,94.035904,-36.100365,32.523922,-7.2785482,11.649912,-15.340297,-2.0763025,-32.465977,0.06907867,2.8003192,-10.787615,5.6087375,-1.7846715,7.5338283,-12.402659,-1.7608637,0.026602542,1.994373,-2.1439347
-350.02042,78.13073,-44.20389,20.100603,-11.71626,3.679334,-19.54087,-3.6427753,-36.548008,6.8686,1.4631901,-16.33194,10.825381,-1.8599995,6.387244,-11.8744955,0.4035761,-0.22407417,-0.7255926,-1.4992915
-393.64108,92.70561,-40.789474,41.693108,-3.0455658,3.477078,-14.003404,-1.8615826,-24.2103,2.8443837,-5.597723,-7.961346,3.4673886,-0.8618807,14.749649,-11.600873,0.12349921,0.60404265,-1.7449851,-4.482578
-354.20334,79.885216,-39.594196,29.837479,-13.403237,11.180795,-6.8589325,-4.390545,-28.497013,3.2142894,-6.6321197,-7.034728,5.9664307,-3.0088725,14.38025,-7.2587724,2.8436904,-3.0759275,-2.1829987,-4.45654
-411.90903,86.27372,-48.26191,21.264338,0.5944753,-0.051571667,-10.748368,-6.5878882,-26.59743,11.064545,2.5956097,-12.952057,4.366824,-2.7849686,2.6351922,-2.6996558,-2.0103483,-11.039598,2.739959,-1.6123842
-446.92593,79.220474,-31.66118,49.16211,4.4898133,3.2290235,-16.303093,0.5434664,-27.615055,-3.7130365,-8.184526,-10.959304,5.5845566,-5.093882,4.8771114,-7.458475,-1.8450667,-6.7549124,2.5992632,-3.0756674
-385.79294,67.29513,-21.907219,18.070778,-21.461897,6.7510056,-11.020139,-5.1247063,-27.10866,7.8615155,0.16604277,-10.690508,10.994791,1.2591281,2.080449,-10.87849,2.5884788,-2.774173,2.8742898,1.4977894
-368.77728,109.206726,-40.409744,19.08713,-9.37219,-3.581637,-8.932781,-8.48914,-24.034754,7.953676,-7.2236595,-5.861081,7.381527,-6.7411294,3.8151083,-11.222229,-0.9500888,-3.218754,1.4871844,-0.6129982
-351.10355,90.62768,-61.947403,25.79263,-8.800909,1.046335,-16.510914,-1.969165,-27.79087,9.001675,-3.211465,-8.873574,8.423586,-6.178443,8.503345,-8.510216,0.82865316,-3.0375595,4.989544,1.7761393
-392.71472,44.337402,-31.024828,35.13949,-3.710758,-0.633069,-17.568306,-4.4333186,-22.809347,1.8291458,-7.3683653,-8.231581,7.919829,-4.3222857,5.2867527,-5.260858,5.210265,1.1203133,8.702365,6.760918
-366.72244,85.35416,-38.923782,29.18596,2.5479524,-7.1534114,-19.854565,-7.5903664,-30.704308,3.2741165,-4.9198604,-12.302139,8.381016,-7.3115025,-0.60084873,-10.940252,-2.8217769,-2.3792982,4.0914884,1.3279709
-398.4293,69.00461,-31.623331,29.032145,0.9314019,4.9460826,-20.463223,-11.094993,-22.434734,8.152166,-1.5224327,-8.742038,7.3213286,-6.5312343,3.7385106,-5.1747622,-3.971869,-6.409067,6.4814363,-1.6812361
-395.24576,74.08886,-27.321268,34.61519,-8.938865,-1.1917032,-9.875151,2.3526433,-25.22289,0.5141079,-5.831998,-8.875465,7.4853883,-1.5106108,10.310719,-8.742901,-0.20097554,-4.0585775,-4.9247184,0.51848555
-369.9827,76.881454,-37.044712,38.030617,0.90927315,-0.14588477,-21.731161,-6.30103,-32.226185,1.5311853,-3.536015,-13.214508,9.609436,0.19803391,4.6034675,-9.703727,2.5190995,-2.582538,0.5737826,2.6420026
-380.4515,72.93109,-36.25961,39.523663,-6.992186,10.149949,-17.895945,-5.41329,-33.94249,2.0529504,-1.812556,-11.239567,7.663465,-1.0695109,10.992815,-12.532943,-0.57061976,-2.8579571,-1.8417659,-4.4213324
-424.2073,82.34759,-32.58503,27.536825,-10.6856785,13.128483,-13.334131,-4.2374034,-24.903318,8.4711075,5.8724837,-4.6431875,7.9215727,2.0602434,11.020376,-10.867627,3.070668,-0.49019593,-0.69351727,-2.5793335
-341.2693,102.34394,-41.43515,32.937805,-4.5928645,6.619134,-18.276024,-6.0522146,-33.086178,3.6577678,-2.7858813,-10.90915,6.528486,-3.9614477,9.670877,-13.31244,-5.491311,-2.3791015,0.8702895,-5.1113925
-401.46097,76.36167,-24.105017,32.095955,-17.271358,3.1863651,-12.037448,-3.7983587,-37.673462,-1.933395,0.27433026,-10.868435,5.43258,-1.6974729,5.4368014,-13.458293,-1.9371566,-2.6369731,-0.72553545,-2.2190144
-477.80328,78.61027,-22.748613,37.24484,3.4789014,2.750848,-8.512323,0.7466055,-23.364067,0.14859098,-2.603485,-6.0384965,6.5338187,-3.420132,1.9244151,-6.5869336,0.5755043,-1.972641,3.4287956,1.2771761
-412.9625,61.4077,-21.990967,34.958412,-1.9261348,-1.3531548,-10.181384,-8.1093,-25.379856,0.89712924,-2.7240195,-7.547016,7.675567,-1.5452007,4.811656,-6.150164,-0.29461962,-0.31566906,0.27638578,-1.8980259
-362.7085,84.14544,-40.572598,31.27684,-10.420616,14.328539,-15.220602,-5.0182743,-35.61783,4.345891,-7.7809896,-10.297884,5.542073,-4.039382,10.784947,-14.861273,1.7441496,-4.070885,2.21727,-2.067927
-378.60757,90.31002,-37.573444,31.864351,-0.10253911,1.2426639,-17.352636,-3.324457,-27.386415,3.4399695,-2.4202526,-11.067406,5.77479,-7.503468,4.5342484,-10.259621,-6.000549,-2.8681066,4.043728,-2.6412053
-404.6959,73.828156,-39.27189,25.435398,-4.0461497,4.048486,-21.481985,-8.901574,-26.935757,10.108702,-1.0125479,-14.300761,10.985378,-0.2036853,1.5032773,-6.4659452,4.3517675,-0.71033645,11.554865,7.7660675
-367.7179,71.71888,-38.57574,45.977364,-7.7827573,5.1604853,-26.320616,-4.038541,-30.825138,1.8734819,-5.605569,-11.71539,13.691696,-5.5141864,8.206747,-11.543844,-5.3361363,-5.0689487,3.5098238,-0.0292266
-326.16574,72.893456,-59.341667,40.87591,1.970024,-12.759886,-24.223513,-3.1589303,-32.052624,5.2715592,-10.369389,-11.769193,7.7080927,-10.343163,3.55516,-9.532345,2.795661,-1.5132487,3.476423,-0.8689071
-401.88266,92.863365,-39.224834,23.195282,-9.2242565,6.212704,-14.623131,-5.997444,-28.38047,7.480977,-0.7140851,-9.893972,9.8112755,-2.1169298,7.658001,-9.529564,-0.48373097,-2.2212017,0.68974054,-1.9442333
-389.3528,80.551796,-42.517117,21.143192,-7.0506606,2.5493827,-16.08877,-9.49496,-27.34639,8.673845,-2.0673592,-12.60118,5.904727,-2.838889,4.810781,-5.399415,3.1083412,-4.624712,2.1647706,2.2904503
-416.9598,56.71944,-24.94679,36.470947,-7.6838527,13.739574,-17.125134,0.35425642,-21.903492,3.0382364,-4.5093093,-7.0066066,5.30948,-0.40906277,12.2869,-10.786504,3.9062512,-2.044839,-0.128832,-2.006604
-382.7264,75.47039,-33.35464,23.645164,-13.438939,6.8073483,-16.06318,-4.2614584,-30.105661,2.209142,1.6679595,-6.2969313,6.1149597,-0.6499961,8.254015,-12.076723,0.52682436,-4.5814147,-1.3699749,-2.2457337
-375.06686,76.38029,-37.646317,22.846876,8.182259,4.198275,-18.272491,-8.5253105,-29.307508,4.6719627,-0.44670546,-12.317691,9.469942,0.58590573,2.0381708,-7.0102086,-0.42539552,-4.396044,1.632205,0.65486807
-404.15533,99.67302,-28.361887,23.169176,-6.469613,1.9809059,-10.681248,-5.211364,-31.999903,2.7166238,3.9872081,-11.19701,7.5362973,0.3533731,5.0659,-11.722752,-4.366295,0.8166528,1.374545,0.7009302
-386.5346,72.8014,-38.554966,39.192234,5.0232425,1.6813011,-18.673754,-5.0154805,-28.92354,2.8749053,-0.9654792,-12.034566,4.7807326,-3.6709023,7.3139014,-10.886847,-2.756495,-1.6513333,-0.47908467,-2.9672472
-331.90567,73.25267,-38.44271,28.365208,-8.595045,3.5380619,-18.638775,-6.777625,-37.270756,4.1746483,-4.665731,-12.294593,10.017156,-4.4734516,4.815717,-11.771558,2.0745962,-1.8937082,3.6095138,1.6472502
-430.43466,72.8085,-36.738262,25.053804,3.3998492,10.525973,-18.29248,-6.553299,-25.173933,6.5318813,1.4305571,-10.064467,8.25229,-2.0720575,1.3732706,-4.0820093,2.362516,-4.6886587,5.080775,3.2663968
-349.69955,75.81478,-56.17949,46.650215,-14.734496,7.186452,-19.68341,-0.9462227,-38.35722,0.7178099,-6.5327206,-10.963081,5.6532116,-8.479833,14.02308,-14.536318,-1.1337926,-3.4416132,1.7268692,1.0776708
-383.9123,52.79813,-43.344326,25.24117,-12.346131,10.152845,-28.769236,-2.0344956,-35.10495,3.0869503,-2.0954921,-12.976009,5.1935973,-5.4203525,6.429106,-12.810526,0.45367673,-4.8463173,5.40625,-0.20336597
-423.91446,69.91284,-39.24334,34.46403,-16.099745,20.106358,-17.971262,2.583729,-27.56194,7.595289,-3.0474913,-6.7580695,11.15899,-6.526302,11.309831,-11.580469,4.773906,0.54891294,4.8068056,1.4782336
-403.13074,88.02205,-31.167345,16.644686,-2.8581512,-1.730721,-7.8155293,-4.615338,-27.12218,7.389712,-3.1041214,-7.0630193,9.389501,-5.2680216,4.043172,-2.6211455,-1.3669757,-3.1676576,5.887829,-0.073504195
-420.9898,60.335262,-30.134361,24.978592,-12.904564,10.676296,-10.011953,1.281724,-22.243906,10.528133,1.460158,-6.0567203,8.083836,-6.0498805,5.6069455,-7.931293,3.1560972,0.6636104,4.655149,-0.19771212
-382.08582,94.636086,-41.056778,37.625607,-4.125568,3.5769699,-17.359959,-4.5642323,-28.51366,4.02933,-7.4887834,-11.729619,8.623205,-8.147272,3.2464442,-12.473962,-2.8175209,-1.7209402,2.8746407,-2.555024
-414.21844,63.70229,-28.743122,44.088337,1.5820748,5.758769,-11.766569,-2.1088533,-24.897331,3.8995657,-5.9572463,-7.4860516,2.8955283,-5.810907,10.101084,-7.6847014,3.673676,2.5884063,9.065618,4.2949314
-390.6451,83.1689,-42.193512,31.477493,-3.596266,1.6423733,-14.863555,-1.2268391,-25.551931,6.549805,-3.5259662,-8.496032,7.342627,-6.822778,8.893232,-7.2568355,-0.8708614,-1.3392392,2.1241784,-2.4690647
-363.3958,55.13666,-40.130802,52.641376,-3.2602232,-8.626426,-18.844791,-0.36405313,-29.995007,-0.25147665,-12.665823,-5.2465234,2.902912,-7.1737247,12.258916,-17.683846,1.0665882,-2.4224439,-3.5982149,-0.11277498
-376.99292,86.39145,-39.38125,31.28167,-4.8564596,8.613766,-16.980207,-2.7427697,-31.86463,1.2556548,-1.8519206,-10.393314,4.3627625,-2.9409866,6.8758345,-11.652092,1.8932021,-5.533827,0.053897504,-2.603134
-356.00836,78.51517,-39.835686,39.733475,-7.749135,6.428803,-17.311935,-7.311642,-31.0132,0.13520226,-4.043775,-11.409842,7.698769,-1.2551868,6.9938335,-8.167147,2.588461,-2.0374386,-1.574818,-5.3943987
-367.1996,49.6571,-40.248634,36.8931,-10.241766,16.027555,-24.837742,-6.011932,-35.679455,5.2847023,-3.2546794,-11.254228,10.764552,-0.9054226,12.556866,-14.647037,6.0441475,0.22129638,1.7368108,3.2799227
-367.57056,84.045494,-35.479153,38.926727,-6.3790545,1.9164878,-15.742692,-0.35136116,-26.625446,-1.6261489,-4.243881,-9.524524,4.130975,-0.9443981,9.439388,-11.941071,0.13230161,-2.8625176,-1.9835341,-2.5863206
